obj,delta_deg,seed,condition,progress,max_track_err,quality_frac,peak_force,f_max_used
10685,0.0,650117,gripper_matched_fmax,0.0,0.03056472963688743,0.8717948717948718,100.63332484462369,58.10067718849054
10685,0.0,729535,gripper_matched_fmax,0.0,0.035947569595779945,0.8220338983050848,100.63332484462369,58.10067718849054
10685,0.0,644855,gripper_matched_fmax,1.052622498768347,0.029905961700798202,0.0,100.63332484462369,58.10067718849054
10685,0.0,353521,gripper_matched_fmax,1.028975964417914,0.009255175897522068,0.0,100.63332484462369,58.10067718849054
10685,0.0,645626,gripper_matched_fmax,1.0255358135005452,0.15146470126638253,0.0,100.63332484462369,58.10067718849054
10685,0.0,163414,gripper_matched_fmax,1.056106849348361,0.02957353064356725,0.0,100.63332484462369,58.10067718849054
10685,0.0,704451,gripper_matched_fmax,1.050235427268846,0.033457394070480304,0.0,100.63332484462369,58.10067718849054
10685,0.0,505005,gripper_matched_fmax,1.054989463481499,0.10635558724027859,0.0,100.63332484462369,58.10067718849054
10685,0.0,642709,gripper_matched_fmax,1.0291785256915948,0.051207752433571466,0.0,100.63332484462369,58.10067718849054
10685,0.0,841698,gripper_matched_fmax,1.0339663995655641,0.01773549972707407,0.0,100.63332484462369,58.10067718849054
10685,5.0,163809,gripper_matched_fmax,0.988281450831898,0.07122067982323936,0.0,100.63332484462369,58.10067718849054
10685,5.0,194525,gripper_matched_fmax,0.7502055618673013,0.1064434118937347,0.0,100.63332484462369,58.10067718849054
10685,5.0,399166,gripper_matched_fmax,1.113524328757914,0.03279204189289811,0.0,100.63332484462369,58.10067718849054
10685,5.0,271507,gripper_matched_fmax,1.045959000335986,0.07469137840741148,0.0,100.63332484462369,58.10067718849054
10685,5.0,610751,gripper_matched_fmax,1.0487401840764345,0.07302092255660526,0.0,100.63332484462369,58.10067718849054
10685,5.0,265929,gripper_matched_fmax,1.0355982960397547,0.06594518362843316,0.0,100.63332484462369,58.10067718849054
10685,5.0,113739,gripper_matched_fmax,0.7237158296031484,0.09387803813118376,0.0,100.63332484462369,58.10067718849054
10685,5.0,268052,gripper_matched_fmax,0.6758600408430876,0.04483282780303528,0.20175438596491227,100.63332484462369,58.10067718849054
10685,5.0,975722,gripper_matched_fmax,0.9827987112778246,0.05235179876035787,0.0,100.63332484462369,58.10067718849054
10685,5.0,1090089,gripper_matched_fmax,1.0310832107100831,0.12113253750562583,0.0,100.63332484462369,58.10067718849054
10685,10.0,777252,gripper_matched_fmax,1.013803156059581,0.08392238878761943,0.0,100.63332484462369,58.10067718849054
10685,10.0,302607,gripper_matched_fmax,0.9866078525694983,0.08351518546542937,0.0,100.63332484462369,58.10067718849054
10685,10.0,117796,gripper_matched_fmax,0.9240192911156977,0.036522649405854084,0.0,100.63332484462369,58.10067718849054
10685,10.0,489119,gripper_matched_fmax,0.0,0.06586158460558388,0.865546218487395,100.63332484462369,58.10067718849054
10685,10.0,699048,gripper_matched_fmax,1.2253650512263616,0.04704232299091367,0.0,100.63332484462369,58.10067718849054
10685,10.0,586675,gripper_matched_fmax,0.9348761039712872,0.05315275572751547,0.0,100.63332484462369,58.10067718849054
10685,10.0,118184,gripper_matched_fmax,0.18740184873958107,0.06081248149301608,0.6495726495726496,100.63332484462369,58.10067718849054
10685,10.0,368848,gripper_matched_fmax,1.051273838418605,0.13389824007440368,0.0,100.63332484462369,58.10067718849054
10685,10.0,871113,gripper_matched_fmax,0.14604049725862991,0.056418957934707116,0.6752136752136753,100.63332484462369,58.10067718849054
10685,10.0,766929,gripper_matched_fmax,0.9090068683530783,0.03545652611784902,0.0,100.63332484462369,58.10067718849054
10685,15.0,677456,gripper_matched_fmax,0.8283459686259959,0.02330125452378633,0.0,100.63332484462369,58.10067718849054
10685,15.0,942352,gripper_matched_fmax,0.07704703850577377,0.053152192994808715,0.7203389830508474,100.63332484462369,58.10067718849054
10685,15.0,826631,gripper_matched_fmax,0.9817207829992037,0.22023286321947758,0.0,100.63332484462369,58.10067718849054
10685,15.0,577622,gripper_matched_fmax,0.8377713416790127,0.04955709234764752,0.0,100.63332484462369,58.10067718849054
10685,15.0,355767,gripper_matched_fmax,1.0459470623649925,0.20924326858019407,0.0,100.63332484462369,58.10067718849054
10685,15.0,902586,gripper_matched_fmax,1.0451230949497836,0.20425560446411065,0.0,100.63332484462369,58.10067718849054
10685,15.0,508555,gripper_matched_fmax,1.2537623154862108,0.07450973753810884,0.0,100.63332484462369,58.10067718849054
10685,15.0,331442,gripper_matched_fmax,0.9831958802615833,0.2084458806258588,0.0,100.63332484462369,58.10067718849054
10685,15.0,459604,gripper_matched_fmax,0.0,0.06541221639457102,0.8220338983050848,100.63332484462369,58.10067718849054
10685,15.0,117192,gripper_matched_fmax,0.8774666535869539,0.11102152641628152,0.0,100.63332484462369,58.10067718849054
10685,20.0,1061430,gripper_matched_fmax,1.3934708357106105,0.11086847311575787,0.0,100.63332484462369,58.10067718849054
10685,20.0,223123,gripper_matched_fmax,0.47083034011210767,0.3849873172248572,0.0,100.63332484462369,58.10067718849054
10685,20.0,966451,gripper_matched_fmax,0.10588033737270568,0.0480551102997937,0.5309734513274337,100.63332484462369,58.10067718849054
10685,20.0,847550,gripper_matched_fmax,1.0563511702091612,0.2719159304845857,0.0,100.63332484462369,58.10067718849054
10685,20.0,610502,gripper_matched_fmax,0.0,0.0404308396572037,0.8632478632478633,100.63332484462369,58.10067718849054
10685,20.0,252738,gripper_matched_fmax,0.33131004336021386,0.04942329122862117,0.03508771929824561,100.63332484462369,58.10067718849054
10685,20.0,710860,gripper_matched_fmax,0.9289366925170671,0.2779292931409299,0.0,100.63332484462369,58.10067718849054
10685,20.0,415701,gripper_matched_fmax,0.16053398270181465,0.05581287462243013,0.7796610169491526,100.63332484462369,58.10067718849054
10685,20.0,637161,gripper_matched_fmax,0.0,0.06645283698758775,0.7521367521367521,100.63332484462369,58.10067718849054
10685,20.0,807735,gripper_matched_fmax,1.3836623607459946,0.07468901695994594,0.0,100.63332484462369,58.10067718849054
10685,30.0,244561,gripper_matched_fmax,1.190482128055958,0.37169937097697775,0.0,100.63332484462369,58.10067718849054
10685,30.0,945968,gripper_matched_fmax,0.18635092984808216,0.06418717052155828,0.0,100.63332484462369,58.10067718849054
10685,30.0,1035490,gripper_matched_fmax,0.647528226585086,0.10171427487729207,0.0,100.63332484462369,58.10067718849054
10685,30.0,307716,gripper_matched_fmax,0.9063863199891444,0.37231588527775317,0.0,100.63332484462369,58.10067718849054
10685,30.0,1034177,gripper_matched_fmax,0.6003231345423069,0.3038858833735871,0.05263157894736842,100.63332484462369,58.10067718849054
10685,30.0,579229,gripper_matched_fmax,1.538772411342714,0.19105691077387793,0.0,100.63332484462369,58.10067718849054
10685,30.0,420712,gripper_matched_fmax,0.0,0.07153435150048434,0.5677966101694916,100.63332484462369,58.10067718849054
10685,30.0,214398,gripper_matched_fmax,1.3439402855782099,0.15309901877190316,0.0,100.63332484462369,58.10067718849054
10685,30.0,156412,gripper_matched_fmax,0.8033214876461415,0.23394742262774385,0.0,100.63332484462369,58.10067718849054
10685,30.0,1040009,gripper_matched_fmax,1.4582886224296643,0.05523351884534046,0.0,100.63332484462369,58.10067718849054
10685,45.0,333277,gripper_matched_fmax,0.0,0.23738412191560768,0.29914529914529914,100.63332484462369,58.10067718849054
10685,45.0,225013,gripper_matched_fmax,0.0,0.5496675232199761,0.0,100.63332484462369,58.10067718849054
10685,45.0,999498,gripper_matched_fmax,0.0,0.14240089241628962,0.7372881355932204,100.63332484462369,58.10067718849054
10685,45.0,628503,gripper_matched_fmax,0.3996656148023558,0.13437265739163845,0.0,100.63332484462369,58.10067718849054
10685,45.0,113851,gripper_matched_fmax,1.3947324404462338,0.20001769519584836,0.0,100.63332484462369,58.10067718849054
10685,45.0,960865,gripper_matched_fmax,1.6,0.159514858261992,0.0,100.63332484462369,58.10067718849054
10685,45.0,965437,gripper_matched_fmax,0.0,0.06633420687518025,0.9067796610169492,100.63332484462369,58.10067718849054
10685,45.0,391200,gripper_matched_fmax,0.4301775109596497,0.17743650234486835,0.0,100.63332484462369,58.10067718849054
10685,45.0,293004,gripper_matched_fmax,1.6,0.260436154031034,0.0,100.63332484462369,58.10067718849054
10685,45.0,615235,gripper_matched_fmax,0.0,0.034602320616224286,0.9152542372881356,100.63332484462369,58.10067718849054
12252,0.0,490403,gripper_matched_fmax,0.8466435835920442,0.7889932919065413,0.0,167.95941227964187,96.97141189258257
12252,0.0,606798,gripper_matched_fmax,0.0,0.14694346485486495,0.8728813559322034,167.95941227964187,96.97141189258257
12252,0.0,288346,gripper_matched_fmax,1.05501648182779,0.1765882489927903,0.0,149.22646827736003,96.97141189258257
12252,0.0,269905,gripper_matched_fmax,1.0953568753968608,0.2237300205043508,0.0,167.95941227964187,96.97141189258257
12252,0.0,203280,gripper_matched_fmax,1.0948282704642913,0.17446027776938308,0.0,167.95941227964187,96.97141189258257
12252,0.0,803215,gripper_matched_fmax,0.0,0.357298324475821,0.6052631578947368,167.95941227964187,96.97141189258257
12252,0.0,474380,gripper_matched_fmax,0.9143423808728777,0.13626878459244798,0.0,167.95941227964187,96.97141189258257
12252,0.0,119854,gripper_matched_fmax,0.0,0.18634663764346665,0.8660714285714286,167.95941227964187,96.97141189258257
12252,0.0,97751,gripper_matched_fmax,0.9557886512120641,0.18675851416213607,0.0,161.8344189110711,96.97141189258257
12252,0.0,115077,gripper_matched_fmax,0.0,0.10002214168208512,0.911504424778761,167.95941227964187,96.97141189258257
12252,5.0,875014,gripper_matched_fmax,0.0,0.14735025844487754,0.8571428571428571,167.95941227964187,96.97141189258257
12252,5.0,947041,gripper_matched_fmax,0.8212141563929544,0.2367607773357712,0.0,167.95941227964187,96.97141189258257
12252,5.0,602140,gripper_matched_fmax,1.0506211778142602,0.154430326489305,0.0,167.95941227964187,96.97141189258257
12252,5.0,906554,gripper_matched_fmax,0.8418095001048042,0.16420445268508702,0.0,167.95941227964187,96.97141189258257
12252,5.0,498264,gripper_matched_fmax,1.190919657132369,0.23159317613042568,0.0,167.95941227964187,96.97141189258257
12252,5.0,331308,gripper_matched_fmax,1.0664085850504055,0.21491465674388094,0.009009009009009009,167.95941227964187,96.97141189258257
12252,5.0,736848,gripper_matched_fmax,1.2208778765383614,0.28800768348443345,0.0,167.95941227964187,96.97141189258257
12252,5.0,97310,gripper_matched_fmax,0.68214194982473,0.24917577394257961,0.0,167.95941227964187,96.97141189258257
12252,5.0,782311,gripper_matched_fmax,0.9861950693107342,0.1462667221333028,0.0,167.95941227964187,96.97141189258257
12252,5.0,484005,gripper_matched_fmax,0.9250306687653649,0.15066906475528624,0.0,167.95941227964187,96.97141189258257
12252,10.0,965129,gripper_matched_fmax,0.7586079036157077,0.2876798597857687,0.008928571428571428,167.95941227964187,96.97141189258257
12252,10.0,639126,gripper_matched_fmax,1.0646809089433544,0.21906660985639376,0.0,167.95941227964187,96.97141189258257
12252,10.0,132582,gripper_matched_fmax,0.0,0.1362965199169247,0.9099099099099099,143.3806469526289,96.97141189258257
12252,10.0,353044,gripper_matched_fmax,0.0,0.14619958162941066,0.9292035398230089,167.95941227964187,96.97141189258257
12252,10.0,418871,gripper_matched_fmax,0.6551823771357514,0.4706095588909366,0.0,165.89623712661157,96.97141189258257
12252,10.0,104780,gripper_matched_fmax,0.0,0.27609756405141395,0.7372881355932204,167.95941227964187,96.97141189258257
12252,10.0,950256,gripper_matched_fmax,0.9134070524036628,0.18058878608015397,0.0,157.44236942997682,96.97141189258257
12252,10.0,452654,gripper_matched_fmax,1.009382695848514,0.25462776501485973,0.0,167.95941227964187,96.97141189258257
12252,10.0,1059145,gripper_matched_fmax,0.703778457189462,0.3990222194094063,0.008403361344537815,159.16084942307128,96.97141189258257
12252,10.0,495786,gripper_matched_fmax,0.6344093794770501,0.46592270279446063,0.0,166.80385513235572,96.97141189258257
12252,15.0,541710,gripper_matched_fmax,0.449564067011191,0.43138448027279025,0.0,167.95941227964187,96.97141189258257
12252,15.0,1005029,gripper_matched_fmax,0.915737030331162,0.284279592767048,0.0,167.95941227964187,96.97141189258257
12252,15.0,446765,gripper_matched_fmax,0.5215729184080506,0.26570583561338634,0.0,167.95941227964187,96.97141189258257
12252,15.0,1031913,gripper_matched_fmax,0.0,0.17336269986818495,0.8389830508474576,167.95941227964187,96.97141189258257
12252,15.0,457817,gripper_matched_fmax,0.5277513963865964,0.4429281543258824,0.1111111111111111,157.76933368914962,96.97141189258257
12252,15.0,768085,gripper_matched_fmax,0.6518283199553653,0.14028545829663994,0.0,156.1995924759987,96.97141189258257
12252,15.0,143747,gripper_matched_fmax,0.8593700277753152,0.13002293831605014,0.16363636363636364,167.95941227964187,96.97141189258257
12252,15.0,581185,gripper_matched_fmax,1.140569977471894,0.2893350415635864,0.0,167.95941227964187,96.97141189258257
12252,15.0,795799,gripper_matched_fmax,0.08419840625999106,0.13672831901594093,0.7043478260869566,167.95941227964187,96.97141189258257
12252,15.0,199075,gripper_matched_fmax,1.3139486786080201,0.2618765011556006,0.0,167.95941227964187,96.97141189258257
12252,20.0,877750,gripper_matched_fmax,1.2577726798945918,0.4108889869208755,0.0,167.95941227964187,96.97141189258257
12252,20.0,374548,gripper_matched_fmax,0.5445863224107182,0.1642847908815005,0.2457627118644068,151.64593952759,96.97141189258257
12252,20.0,785567,gripper_matched_fmax,0.16387955380466662,0.259706332764052,0.7983193277310925,167.95941227964187,96.97141189258257
12252,20.0,831677,gripper_matched_fmax,1.1850922775382646,0.16296209976974788,0.06779661016949153,167.95941227964187,96.97141189258257
12252,20.0,320569,gripper_matched_fmax,0.554280841659086,0.9535181398054626,0.0,167.95941227964187,96.97141189258257
12252,20.0,239732,gripper_matched_fmax,0.6578923702505451,0.14932809400714048,0.0,167.95941227964187,96.97141189258257
12252,20.0,352842,gripper_matched_fmax,0.8253127338139578,0.3993478740880123,0.0,167.95941227964187,96.97141189258257
12252,20.0,686851,gripper_matched_fmax,0.0,0.18122938080024048,0.9224137931034483,167.95941227964187,96.97141189258257
12252,20.0,965020,gripper_matched_fmax,0.8449658311563105,0.5084301723002774,0.0,167.95941227964187,96.97141189258257
12252,20.0,841700,gripper_matched_fmax,0.0,0.15118219298820934,0.5652173913043478,167.95941227964187,96.97141189258257
12252,30.0,148586,gripper_matched_fmax,0.6681262436621463,0.3063171943051897,0.5172413793103449,167.95941227964187,96.97141189258257
12252,30.0,821921,gripper_matched_fmax,0.15425116425616678,0.37383649479315123,0.5714285714285714,167.95941227964187,96.97141189258257
12252,30.0,741168,gripper_matched_fmax,0.5370410252242154,0.3020537239386333,0.0,167.95941227964187,96.97141189258257
12252,30.0,906730,gripper_matched_fmax,0.267290431520063,0.7162519706054465,0.00847457627118644,167.95941227964187,96.97141189258257
12252,30.0,458155,gripper_matched_fmax,1.2031929127588903,0.17735725809637248,0.0,167.95941227964187,96.97141189258257
12252,30.0,923860,gripper_matched_fmax,0.2723451587191563,0.21617384666944472,0.6090909090909091,145.05812919884556,96.97141189258257
12252,30.0,1005702,gripper_matched_fmax,0.21576281729551336,0.541970244931875,0.0,167.95941227964187,96.97141189258257
12252,30.0,348856,gripper_matched_fmax,0.17888155494283253,0.41594297571150557,0.0,144.49860228393712,96.97141189258257
12252,30.0,613623,gripper_matched_fmax,1.343197672547844,0.3366249054568085,0.0,167.95941227964187,96.97141189258257
12252,30.0,1031921,gripper_matched_fmax,0.01069787179614918,0.7012304898334943,0.10714285714285714,167.95941227964187,96.97141189258257
12252,45.0,906468,gripper_matched_fmax,0.6660922798332339,0.7814196156104758,0.0,167.95941227964187,96.97141189258257
12252,45.0,1038971,gripper_matched_fmax,0.042930089578270915,0.15670055325947332,0.39823008849557523,141.14444196762142,96.97141189258257
12252,45.0,859685,gripper_matched_fmax,0.21776165819304352,0.25499990438712294,0.7363636363636363,167.95941227964187,96.97141189258257
12252,45.0,532311,gripper_matched_fmax,0.47444037077760215,0.720417523116784,0.26495726495726496,151.15134838483758,96.97141189258257
12252,45.0,129737,gripper_matched_fmax,0.05031548029798038,0.15160079778231458,0.5630252100840336,167.95941227964187,96.97141189258257
12252,45.0,347547,gripper_matched_fmax,0.15857753430390423,0.14936468032447017,0.0,140.42400097852448,96.97141189258257
12252,45.0,784843,gripper_matched_fmax,0.6662443844656641,0.9075982763081589,0.0,167.95941227964187,96.97141189258257
12252,45.0,1030268,gripper_matched_fmax,0.25803383149956083,0.2744120207746683,0.0,167.95941227964187,96.97141189258257
12252,45.0,673222,gripper_matched_fmax,0.0,0.23161036954776082,0.5263157894736842,138.15096885330567,96.97141189258257
12252,45.0,915028,gripper_matched_fmax,1.483131026944967,0.21516074507448882,0.025210084033613446,167.95941227964187,96.97141189258257
41003,0.0,629491,gripper_matched_fmax,1.2528415531255819,0.29298890738856254,0.0,126.00311887153033,72.74793459921045
41003,0.0,626748,gripper_matched_fmax,0.7870994522195768,0.30273957763655573,0.0,126.00311887153033,72.74793459921045
41003,0.0,708178,gripper_matched_fmax,0.0,0.2723465959551855,0.8454545454545455,126.00311887153033,72.74793459921045
41003,0.0,523678,gripper_matched_fmax,0.6797340926892721,0.1213328543620315,0.0,126.00311887153033,72.74793459921045
41003,0.0,437173,gripper_matched_fmax,1.4937232446070288,0.30259722990837795,0.42727272727272725,126.00311887153033,72.74793459921045
41003,0.0,898061,gripper_matched_fmax,0.9989630844790659,0.19352422429912722,0.0,126.00311887153033,72.74793459921045
41003,0.0,313082,gripper_matched_fmax,0.8970531105308788,0.2064490295658412,0.0,126.00311887153033,72.74793459921045
41003,0.0,544253,gripper_matched_fmax,1.0674247699379042,0.2481728488175407,0.0,126.00311887153033,72.74793459921045
41003,0.0,316192,gripper_matched_fmax,0.7304496618573796,0.31436656521750694,0.0,126.00311887153033,72.74793459921045
41003,0.0,119257,gripper_matched_fmax,0.9935519510570825,0.17222014765687133,0.0,126.00311887153033,72.74793459921045
41003,5.0,92013,gripper_matched_fmax,0.9948788434379714,0.4211978946837147,0.0,126.00311887153033,72.74793459921045
41003,5.0,925668,gripper_matched_fmax,0.874028269847722,0.25187603663618385,0.0,126.00311887153033,72.74793459921045
41003,5.0,341662,gripper_matched_fmax,0.32848161699877587,0.3574158356507682,0.2072072072072072,126.00311887153033,72.74793459921045
41003,5.0,890132,gripper_matched_fmax,1.009336473485089,0.25890106626102655,0.0,126.00311887153033,72.74793459921045
41003,5.0,184844,gripper_matched_fmax,1.0529807544149137,0.08143606554170059,0.5042735042735043,126.00311887153033,72.74793459921045
41003,5.0,1006227,gripper_matched_fmax,1.2267378210887405,0.24991643209604897,0.7966101694915254,126.00311887153033,72.74793459921045
41003,5.0,248998,gripper_matched_fmax,1.0937311749306067,0.17514636552274962,0.7678571428571429,126.00311887153033,72.74793459921045
41003,5.0,799916,gripper_matched_fmax,0.9934209578913077,0.2803502969874832,0.0,126.00311887153033,72.74793459921045
41003,5.0,586831,gripper_matched_fmax,0.9745971502012013,0.3081445676390431,0.0,126.00311887153033,72.74793459921045
41003,5.0,296047,gripper_matched_fmax,1.3947730246833314,0.16202091648783484,0.7787610619469026,126.00311887153033,72.74793459921045
41003,10.0,199573,gripper_matched_fmax,1.1660509742921996,0.47922258000037804,0.6637931034482759,126.00311887153033,72.74793459921045
41003,10.0,296684,gripper_matched_fmax,1.4602353132017751,0.47756906028242996,0.0,126.00311887153033,72.74793459921045
41003,10.0,392104,gripper_matched_fmax,0.6115810015547326,0.26858978715732623,0.0,126.00311887153033,72.74793459921045
41003,10.0,820009,gripper_matched_fmax,1.4103230559858413,0.4024816273162651,0.0,126.00311887153033,72.74793459921045
41003,10.0,189796,gripper_matched_fmax,0.8503962706070753,0.31133792646688335,0.0,126.00311887153033,72.74793459921045
41003,10.0,828604,gripper_matched_fmax,1.089815417692721,0.20147799514325324,0.7435897435897436,126.00311887153033,72.74793459921045
41003,10.0,702599,gripper_matched_fmax,0.9666705895437556,0.30942110177549675,0.0,126.00311887153033,72.74793459921045
41003,10.0,1055145,gripper_matched_fmax,1.049805943563155,0.16834559532787505,0.7130434782608696,126.00311887153033,72.74793459921045
41003,10.0,424087,gripper_matched_fmax,0.5915923540054578,0.338551846789267,0.0,126.00311887153033,72.74793459921045
41003,10.0,750961,gripper_matched_fmax,1.0214555037697493,0.15704391511200777,0.0,126.00311887153033,72.74793459921045
41003,15.0,446709,gripper_matched_fmax,0.9060041571913321,0.39302706429496276,0.0,126.00311887153033,72.74793459921045
41003,15.0,109621,gripper_matched_fmax,0.23550221750868036,0.5341215332876789,0.0,126.00311887153033,72.74793459921045
41003,15.0,581679,gripper_matched_fmax,1.5150437200421094,0.3398547624828167,0.0,126.00311887153033,72.74793459921045
41003,15.0,516988,gripper_matched_fmax,0.8011501504883501,0.25806479047752856,0.0,126.00311887153033,72.74793459921045
41003,15.0,1066629,gripper_matched_fmax,1.5120631832666045,0.1718062810979703,0.5897435897435898,126.00311887153033,72.74793459921045
41003,15.0,304934,gripper_matched_fmax,1.4067547600812147,0.26260683753794684,0.15315315315315314,126.00311887153033,72.74793459921045
41003,15.0,1067968,gripper_matched_fmax,0.48493413955889414,0.13867539720895428,0.0,126.00311887153033,72.74793459921045
41003,15.0,573712,gripper_matched_fmax,1.236401074971691,0.2348062021850347,0.08771929824561403,126.00311887153033,72.74793459921045
41003,15.0,648719,gripper_matched_fmax,1.3123567439592843,0.09611755231335672,0.0,126.00311887153033,72.74793459921045
41003,15.0,813515,gripper_matched_fmax,1.3469241310350604,0.45802969633307594,0.0,126.00311887153033,72.74793459921045
41003,20.0,489524,gripper_matched_fmax,1.5012215255652208,0.17910181071940004,0.6302521008403361,126.00311887153033,72.74793459921045
41003,20.0,386325,gripper_matched_fmax,0.9725997186823877,0.4768251066859682,0.0,126.00311887153033,72.74793459921045
41003,20.0,848308,gripper_matched_fmax,0.4513961149687589,0.30533445016808114,0.8103448275862069,126.00311887153033,72.74793459921045
41003,20.0,852760,gripper_matched_fmax,1.5181032758330488,0.1791503850663115,0.5043478260869565,126.00311887153033,72.74793459921045
41003,20.0,601501,gripper_matched_fmax,0.6337232291106787,0.16929102408647975,0.8803418803418803,126.00311887153033,72.74793459921045
41003,20.0,817580,gripper_matched_fmax,1.2010291279052794,0.23852588332542368,0.0,126.00311887153033,72.74793459921045
41003,20.0,872132,gripper_matched_fmax,0.8727114887536745,0.49690836687295686,0.0,126.00311887153033,72.74793459921045
41003,20.0,391345,gripper_matched_fmax,0.5541481117701849,0.25224509129012734,0.8706896551724138,126.00311887153033,72.74793459921045
41003,20.0,950640,gripper_matched_fmax,0.0,0.28698401110729455,0.8545454545454545,126.00311887153033,72.74793459921045
41003,20.0,434303,gripper_matched_fmax,1.1920037678849853,0.20917575399235402,0.0,126.00311887153033,72.74793459921045
41003,30.0,169443,gripper_matched_fmax,0.8830813471933868,0.3714592488114327,0.0,126.00311887153033,72.74793459921045
41003,30.0,461956,gripper_matched_fmax,0.5711166932499377,0.12322548519204006,0.9482758620689655,126.00311887153033,72.74793459921045
41003,30.0,733173,gripper_matched_fmax,0.9097229988924462,0.5770611902559811,0.0,126.00311887153033,72.74793459921045
41003,30.0,1080899,gripper_matched_fmax,1.5164801219223292,0.09841686123227478,0.5775862068965517,126.00311887153033,72.74793459921045
41003,30.0,586324,gripper_matched_fmax,1.5243624860157021,0.11146388580707146,0.7280701754385965,126.00311887153033,72.74793459921045
41003,30.0,505748,gripper_matched_fmax,0.7636894877787734,0.45943933372658247,0.0,126.00311887153033,72.74793459921045
41003,30.0,987479,gripper_matched_fmax,0.515748881604463,0.21207618865440325,0.9655172413793104,126.00311887153033,72.74793459921045
41003,30.0,92627,gripper_matched_fmax,0.3797522727694836,0.11801659465266526,0.9469026548672567,126.00311887153033,72.74793459921045
41003,30.0,1080969,gripper_matched_fmax,0.7552609255644614,0.07480582155645078,0.875,126.00311887153033,72.74793459921045
41003,30.0,420709,gripper_matched_fmax,1.0123634708468636,0.43455810266326456,0.0,126.00311887153033,72.74793459921045
41003,45.0,148567,gripper_matched_fmax,1.5259147854394925,0.45468553976623677,0.0,126.00311887153033,72.74793459921045
41003,45.0,668063,gripper_matched_fmax,1.52071844059833,0.4815411692464313,0.34782608695652173,126.00311887153033,72.74793459921045
41003,45.0,320386,gripper_matched_fmax,1.5377834631651306,0.415263166739557,0.0,126.00311887153033,72.74793459921045
41003,45.0,343188,gripper_matched_fmax,1.0108610153972586,0.7310694771472236,0.0,126.00311887153033,72.74793459921045
41003,45.0,269930,gripper_matched_fmax,0.0,0.49470899831433873,0.0,126.00311887153033,72.74793459921045
41003,45.0,417434,gripper_matched_fmax,1.195822124583621,0.593272157610993,0.0,126.00311887153033,72.74793459921045
41003,45.0,819458,gripper_matched_fmax,1.5457393925182616,0.5059773855011365,0.0,126.00311887153033,72.74793459921045
41003,45.0,342142,gripper_matched_fmax,0.0,0.9213533338527699,0.0,126.00311887153033,72.74793459921045
41003,45.0,532633,gripper_matched_fmax,0.46192573736523734,0.20083357501287502,0.9553571428571429,126.00311887153033,72.74793459921045
41003,45.0,503827,gripper_matched_fmax,0.0,0.4742055278872321,0.08181818181818182,126.00311887153033,72.74793459921045
45087,0.0,167653,gripper_matched_fmax,0.9721408767118658,0.022549710897890714,0.0,191.3501431452823,110.72070185035265
45087,0.0,576527,gripper_matched_fmax,0.9872318787089496,0.027630877946402496,0.0,187.0747070957883,110.72070185035265
45087,0.0,94980,gripper_matched_fmax,0.9603623531419248,0.05980613625394173,0.0,191.7738810544962,110.72070185035265
45087,0.0,167212,gripper_matched_fmax,0.9923775023879344,0.011914152418442679,0.0,189.82363301701704,110.72070185035265
45087,0.0,746562,gripper_matched_fmax,0.9709300768818653,0.023885426943633825,0.0,187.0969049420719,110.72070185035265
45087,0.0,840836,gripper_matched_fmax,0.9679203503098113,0.02411988100046435,0.0,176.262121351921,110.72070185035265
45087,0.0,1006909,gripper_matched_fmax,0.9900028987434704,0.045891759577276196,0.0,191.7738810544962,110.72070185035265
45087,0.0,942208,gripper_matched_fmax,0.9743689258287836,0.022788686240575857,0.0,187.92917166392053,110.72070185035265
45087,0.0,239972,gripper_matched_fmax,0.9969854682550331,0.0303977672005146,0.0,191.7738810544962,110.72070185035265
45087,0.0,324225,gripper_matched_fmax,0.9601567355329474,0.026286600766912607,0.0,191.7738810544962,110.72070185035265
45087,5.0,486293,gripper_matched_fmax,0.9677913180367147,0.05131999798018761,0.0,191.7738810544962,110.72070185035265
45087,5.0,380719,gripper_matched_fmax,1.0040415144723498,0.0428848265191151,0.0,189.46448200698683,110.72070185035265
45087,5.0,206437,gripper_matched_fmax,1.0046510230957912,0.07001923484248167,0.0,191.7738810544962,110.72070185035265
45087,5.0,646875,gripper_matched_fmax,0.9453788162018637,0.07125771599484335,0.0,191.7738810544962,110.72070185035265
45087,5.0,659316,gripper_matched_fmax,1.0043833271279627,0.1605571986158011,0.0,186.97407358102149,110.72070185035265
45087,5.0,837244,gripper_matched_fmax,0.44100607444069184,0.05811261391155515,0.5254237288135594,168.2872462826487,110.72070185035265
45087,5.0,371517,gripper_matched_fmax,0.9592884886830418,0.07634090628007996,0.0,191.7738810544962,110.72070185035265
45087,5.0,280005,gripper_matched_fmax,0.9543108343959092,0.03878808564049393,0.0,191.7738810544962,110.72070185035265
45087,5.0,1009391,gripper_matched_fmax,0.4498410363796251,0.04649578894571433,0.5213675213675214,169.03828857618007,110.72070185035265
45087,5.0,999510,gripper_matched_fmax,0.996046531766236,0.09521945482490517,0.0,191.7738810544962,110.72070185035265
45087,10.0,391354,gripper_matched_fmax,0.992421784921299,0.2364377073647864,0.0,191.7738810544962,110.72070185035265
45087,10.0,197792,gripper_matched_fmax,1.0004687127668488,0.20205784275123012,0.0,191.7738810544962,110.72070185035265
45087,10.0,608701,gripper_matched_fmax,0.5454142126837261,0.04020525814288521,0.391304347826087,175.87244690633563,110.72070185035265
45087,10.0,854985,gripper_matched_fmax,0.9655484622283401,0.05619110620401496,0.0,191.7738810544962,110.72070185035265
45087,10.0,703492,gripper_matched_fmax,0.40111635739533974,0.0512782870283355,0.5217391304347826,168.135103897046,110.72070185035265
45087,10.0,484678,gripper_matched_fmax,0.922556847391807,0.06825774894880231,0.0,191.7738810544962,110.72070185035265
45087,10.0,639710,gripper_matched_fmax,0.20258202497584835,0.045857272269686805,0.75,160.62141001439167,110.72070185035265
45087,10.0,919558,gripper_matched_fmax,0.9751900139600044,0.22830267567114365,0.0,191.7738810544962,110.72070185035265
45087,10.0,819638,gripper_matched_fmax,0.9361043720215014,0.0803395046575344,0.0,191.64168886301204,110.72070185035265
45087,10.0,860477,gripper_matched_fmax,0.9441437695575119,0.22407386374618374,0.0,191.7738810544962,110.72070185035265
45087,15.0,404034,gripper_matched_fmax,1.041081905637815,0.3545708699440516,0.0,191.7738810544962,110.72070185035265
45087,15.0,388292,gripper_matched_fmax,0.8801627262787111,0.11588293936731779,0.0,191.7738810544962,110.72070185035265
45087,15.0,719101,gripper_matched_fmax,0.9542650362680579,0.3685126414785474,0.0,191.7738810544962,110.72070185035265
45087,15.0,204280,gripper_matched_fmax,0.9358282616834188,0.2221438172497751,0.0,191.7738810544962,110.72070185035265
45087,15.0,770327,gripper_matched_fmax,0.9370875220348549,0.24544878482161708,0.0,191.7738810544962,110.72070185035265
45087,15.0,224271,gripper_matched_fmax,0.9092114613614505,0.07847612028305778,0.0,191.7738810544962,110.72070185035265
45087,15.0,769689,gripper_matched_fmax,0.11844834910089985,0.04207743100689455,0.8392857142857143,158.44012243619952,110.72070185035265
45087,15.0,665379,gripper_matched_fmax,0.31046961587554806,0.05502945631168899,0.625,163.64356643916165,110.72070185035265
45087,15.0,1072148,gripper_matched_fmax,1.019776286896918,0.04493228237311673,0.0,191.7738810544962,110.72070185035265
45087,15.0,201827,gripper_matched_fmax,0.9065309133255036,0.21520374490125743,0.0,191.7738810544962,110.72070185035265
45087,20.0,644015,gripper_matched_fmax,0.9025748034815355,0.463592427546814,0.0,191.7738810544962,110.72070185035265
45087,20.0,295556,gripper_matched_fmax,0.6555036891279531,0.07142481859048835,0.19642857142857142,185.8536286227902,110.72070185035265
45087,20.0,499072,gripper_matched_fmax,0.8861487148967069,0.48978018496371845,0.0,191.7738810544962,110.72070185035265
45087,20.0,352026,gripper_matched_fmax,0.9584149176204052,0.4689652474772165,0.0,191.7738810544962,110.72070185035265
45087,20.0,679697,gripper_matched_fmax,0.8954262298763223,0.38531199855649284,0.0,191.7738810544962,110.72070185035265
45087,20.0,1084161,gripper_matched_fmax,0.8994016012395414,0.33465008277162633,0.0,191.7738810544962,110.72070185035265
45087,20.0,425631,gripper_matched_fmax,1.0594855279612343,0.46563938760758994,0.0,191.7738810544962,110.72070185035265
45087,20.0,572282,gripper_matched_fmax,0.9287040386093975,0.36940193214736194,0.0,191.7738810544962,110.72070185035265
45087,20.0,380374,gripper_matched_fmax,0.8751737448900325,0.33947200296931496,0.0,191.7738810544962,110.72070185035265
45087,20.0,405729,gripper_matched_fmax,0.5360238457408691,0.05191590963647036,0.33620689655172414,174.3520111464699,110.72070185035265
45087,30.0,501000,gripper_matched_fmax,0.8364468120068879,0.6501729861752478,0.0,191.7738810544962,110.72070185035265
45087,30.0,232491,gripper_matched_fmax,0.11181443232096548,0.05477992072333806,0.853448275862069,157.88374436565033,110.72070185035265
45087,30.0,881255,gripper_matched_fmax,0.8633012375378973,0.6581125676818299,0.0,191.7738810544962,110.72070185035265
45087,30.0,381653,gripper_matched_fmax,0.8560334100287195,0.6018993420704212,0.0,191.7738810544962,110.72070185035265
45087,30.0,1044074,gripper_matched_fmax,0.8535490471451814,0.5668536576289597,0.0,191.7738810544962,110.72070185035265
45087,30.0,793945,gripper_matched_fmax,0.8354168299185774,0.5214172159271846,0.0,191.7738810544962,110.72070185035265
45087,30.0,235171,gripper_matched_fmax,0.7637972046083955,0.04137155025735726,0.17272727272727273,191.7738810544962,110.72070185035265
45087,30.0,760867,gripper_matched_fmax,0.5739889028775935,0.6297995265590163,0.0,185.5599674667301,110.72070185035265
45087,30.0,516570,gripper_matched_fmax,0.8761466025600162,0.621527616027374,0.0,182.21560895712935,110.72070185035265
45087,30.0,320107,gripper_matched_fmax,0.8532817729809199,0.5289649778304903,0.026785714285714284,191.7738810544962,110.72070185035265
45087,45.0,700947,gripper_matched_fmax,0.8000415403249954,0.9453075567788751,0.0,191.7738810544962,110.72070185035265
45087,45.0,1068764,gripper_matched_fmax,0.5532489638086452,0.7025271991535139,0.1592920353982301,179.26400195933243,110.72070185035265
45087,45.0,761540,gripper_matched_fmax,0.7051271548469968,0.5513523762912054,0.0,191.7738810544962,110.72070185035265
45087,45.0,131850,gripper_matched_fmax,0.6587646895113984,1.071931481867356,0.0,186.148193452715,110.72070185035265
45087,45.0,900218,gripper_matched_fmax,0.6216308411879907,0.6740545906203265,0.1452991452991453,181.3182136258048,110.72070185035265
45087,45.0,591234,gripper_matched_fmax,0.020803269465349168,0.04962899832102729,0.9322033898305084,156.76201524589445,110.72070185035265
45087,45.0,1031847,gripper_matched_fmax,0.7037342140208577,0.7805295016509232,0.0,191.7738810544962,110.72070185035265
45087,45.0,919595,gripper_matched_fmax,0.04872492602606301,0.05077817666234972,0.9130434782608695,156.90735860559718,110.72070185035265
45087,45.0,110124,gripper_matched_fmax,0.7132015393548519,0.45649541367864827,0.0,191.7738810544962,110.72070185035265
45087,45.0,850531,gripper_matched_fmax,0.026909512899579227,0.04545541919352757,0.9035087719298246,157.02691503005582,110.72070185035265
45162,0.0,529017,gripper_matched_fmax,1.000980204650605,0.049555574267751645,0.0,128.2037453273183,74.01846687584545
45162,0.0,392240,gripper_matched_fmax,0.0,0.2559311531353391,0.8706896551724138,128.2037453273183,74.01846687584545
45162,0.0,690113,gripper_matched_fmax,0.2206703930330431,0.2503880333494884,0.7226890756302521,128.2037453273183,74.01846687584545
45162,0.0,837038,gripper_matched_fmax,1.0709970247276195,0.23145023306935605,0.0,128.2037453273183,74.01846687584545
45162,0.0,143045,gripper_matched_fmax,1.0125737799086179,0.10521614712972231,0.0,128.2037453273183,74.01846687584545
45162,0.0,711594,gripper_matched_fmax,1.014637725822493,0.399683584576957,0.0,128.2037453273183,74.01846687584545
45162,0.0,1055054,gripper_matched_fmax,0.05294406526109742,0.30433283289612334,0.7181818181818181,128.2037453273183,74.01846687584545
45162,0.0,1076255,gripper_matched_fmax,0.9735735338651201,0.12830745192133766,0.0,128.2037453273183,74.01846687584545
45162,0.0,561939,gripper_matched_fmax,0.0,0.18181696460575558,0.7909090909090909,128.2037453273183,74.01846687584545
45162,0.0,642897,gripper_matched_fmax,1.014889285609512,0.35236757599243557,0.0,128.2037453273183,74.01846687584545
45162,5.0,833585,gripper_matched_fmax,1.0754528225218531,0.2556109104007065,0.0,128.2037453273183,74.01846687584545
45162,5.0,883807,gripper_matched_fmax,1.047396856214858,0.2373416011935128,0.0,128.2037453273183,74.01846687584545
45162,5.0,783223,gripper_matched_fmax,0.9947947645197242,0.17165624143112432,0.0,128.2037453273183,74.01846687584545
45162,5.0,199397,gripper_matched_fmax,1.1692271651605175,0.2894351058235855,0.2894736842105263,128.2037453273183,74.01846687584545
45162,5.0,676789,gripper_matched_fmax,1.0260945224949303,0.1078185196961437,0.0,128.2037453273183,74.01846687584545
45162,5.0,283476,gripper_matched_fmax,0.9207755162634224,0.034373095425333046,0.0,128.2037453273183,74.01846687584545
45162,5.0,1000819,gripper_matched_fmax,0.8784118989705921,0.3509152114983778,0.0,128.2037453273183,74.01846687584545
45162,5.0,1088053,gripper_matched_fmax,0.0,0.1045227597662076,0.45045045045045046,128.2037453273183,74.01846687584545
45162,5.0,445908,gripper_matched_fmax,0.49189042614295914,0.268684204750529,0.4661016949152542,128.2037453273183,74.01846687584545
45162,5.0,550909,gripper_matched_fmax,1.0479975978533782,0.2682352705012499,0.0,128.2037453273183,74.01846687584545
45162,10.0,687303,gripper_matched_fmax,1.147769879772324,0.21988734981582742,0.0,128.2037453273183,74.01846687584545
45162,10.0,1087969,gripper_matched_fmax,0.8407774190610194,0.2126363044585303,0.0,128.2037453273183,74.01846687584545
45162,10.0,544315,gripper_matched_fmax,0.972578675834535,0.21760215164356897,0.0,128.2037453273183,74.01846687584545
45162,10.0,1060285,gripper_matched_fmax,1.1607610015205554,0.34760278882840606,0.0,128.2037453273183,74.01846687584545
45162,10.0,324797,gripper_matched_fmax,0.887307678032582,0.18776981558581912,0.0,128.2037453273183,74.01846687584545
45162,10.0,851984,gripper_matched_fmax,1.0660522370431922,0.27460798097440536,0.0,128.2037453273183,74.01846687584545
45162,10.0,172070,gripper_matched_fmax,0.9121261251629179,0.17050098115054052,0.0,128.2037453273183,74.01846687584545
45162,10.0,823408,gripper_matched_fmax,0.08033044274058448,0.23179424202402732,0.6386554621848739,128.2037453273183,74.01846687584545
45162,10.0,447141,gripper_matched_fmax,1.2561068376894122,0.39117138769393667,0.0,128.2037453273183,74.01846687584545
45162,10.0,634527,gripper_matched_fmax,1.118561533604863,0.32241389822800787,0.0,128.2037453273183,74.01846687584545
45162,15.0,939925,gripper_matched_fmax,0.6738376755118554,0.2686294783025371,0.0,128.2037453273183,74.01846687584545
45162,15.0,1021478,gripper_matched_fmax,1.1305687463843974,0.2599314370291752,0.0,128.2037453273183,74.01846687584545
45162,15.0,382253,gripper_matched_fmax,0.823189431501569,0.06474302610258849,0.0,128.2037453273183,74.01846687584545
45162,15.0,1064293,gripper_matched_fmax,0.795776972005274,0.1373695359143141,0.0,128.2037453273183,74.01846687584545
45162,15.0,512192,gripper_matched_fmax,1.1753978489944528,0.5141633687735023,0.0,128.2037453273183,74.01846687584545
45162,15.0,246588,gripper_matched_fmax,0.7776672226336747,0.19989036150295345,0.0,128.2037453273183,74.01846687584545
45162,15.0,308622,gripper_matched_fmax,0.7442365059166859,0.26625249258811806,0.0,128.2037453273183,74.01846687584545
45162,15.0,273698,gripper_matched_fmax,0.5805509085153087,0.3539853198843128,0.0,124.80397263430875,74.01846687584545
45162,15.0,354458,gripper_matched_fmax,0.0,0.8200054857181336,0.0,128.2037453273183,74.01846687584545
45162,15.0,117777,gripper_matched_fmax,1.4552197159346025,0.28821977032184426,0.17094017094017094,128.2037453273183,74.01846687584545
45162,20.0,805310,gripper_matched_fmax,0.9984559770590244,0.419714639676875,0.0,128.2037453273183,74.01846687584545
45162,20.0,1080452,gripper_matched_fmax,0.851092767930994,0.26200803630974534,0.02727272727272727,128.2037453273183,74.01846687584545
45162,20.0,1009082,gripper_matched_fmax,0.42766688319602336,0.4251162629649832,0.0,128.2037453273183,74.01846687584545
45162,20.0,890839,gripper_matched_fmax,0.9933913783761092,0.35033547222007944,0.0,128.2037453273183,74.01846687584545
45162,20.0,189472,gripper_matched_fmax,1.3264135365055594,0.29176046967785685,0.0,128.2037453273183,74.01846687584545
45162,20.0,931673,gripper_matched_fmax,0.2500445579311244,0.02482978507092339,0.7454545454545455,108.72109230080237,74.01846687584545
45162,20.0,964210,gripper_matched_fmax,1.2176316676950087,0.284827063459712,0.0,128.2037453273183,74.01846687584545
45162,20.0,833257,gripper_matched_fmax,0.5481250092626638,0.19498195497217577,0.0,128.2037453273183,74.01846687584545
45162,20.0,600066,gripper_matched_fmax,0.1832919906600657,0.2485142439430397,0.25862068965517243,128.2037453273183,74.01846687584545
45162,20.0,570221,gripper_matched_fmax,0.7236248787218972,0.19789243530647735,0.0,128.2037453273183,74.01846687584545
45162,30.0,726854,gripper_matched_fmax,0.5755070568506085,0.5463448111459774,0.0,122.87770162917043,74.01846687584545
45162,30.0,698092,gripper_matched_fmax,0.507798557545112,0.6567363003962637,0.0,128.2037453273183,74.01846687584545
45162,30.0,898685,gripper_matched_fmax,0.8255390109451546,0.4569817279490844,0.0,128.2037453273183,74.01846687584545
45162,30.0,644636,gripper_matched_fmax,0.8276612888586579,0.42895268868442055,0.0,128.2037453273183,74.01846687584545
45162,30.0,514246,gripper_matched_fmax,0.0,0.2806684997842673,0.18181818181818182,128.2037453273183,74.01846687584545
45162,30.0,126561,gripper_matched_fmax,0.79330373849454,0.3591792457985504,0.0,128.2037453273183,74.01846687584545
45162,30.0,387196,gripper_matched_fmax,0.11069593971574253,0.09423691363977167,0.6134453781512605,128.2037453273183,74.01846687584545
45162,30.0,167526,gripper_matched_fmax,1.0295201673301457,0.2563365804787269,0.0,128.2037453273183,74.01846687584545
45162,30.0,367736,gripper_matched_fmax,0.47002015558574417,0.2428555883946955,0.3125,128.2037453273183,74.01846687584545
45162,30.0,807659,gripper_matched_fmax,1.2499100117467354,0.20591514487627474,0.0,128.2037453273183,74.01846687584545
45162,45.0,411690,gripper_matched_fmax,0.4077289497947797,0.2878783611715054,0.0,114.49639657398119,74.01846687584545
45162,45.0,198503,gripper_matched_fmax,1.4125722251657054,0.6807138037283721,0.0,128.2037453273183,74.01846687584545
45162,45.0,766580,gripper_matched_fmax,0.0,0.6461543130385935,0.0,112.78128469950482,74.01846687584545
45162,45.0,304720,gripper_matched_fmax,0.043069461476299385,0.7939850256625081,0.0,128.2037453273183,74.01846687584545
45162,45.0,699594,gripper_matched_fmax,0.36227862929396226,0.13572019086610765,0.5641025641025641,115.65488326838266,74.01846687584545
45162,45.0,951992,gripper_matched_fmax,0.22480124520972036,0.8083883004579411,0.0,128.2037453273183,74.01846687584545
45162,45.0,487240,gripper_matched_fmax,1.225020072265317,0.20262833526866625,0.0,128.2037453273183,74.01846687584545
45162,45.0,250607,gripper_matched_fmax,0.22423189008055674,0.7919684580375093,0.0,128.2037453273183,74.01846687584545
45162,45.0,998030,gripper_matched_fmax,0.0,0.3005083409490961,0.8333333333333334,128.2037453273183,74.01846687584545
45162,45.0,819827,gripper_matched_fmax,0.0269040929701757,0.7288755406831597,0.04504504504504504,128.2037453273183,74.01846687584545
45189,0.0,295403,gripper_matched_fmax,1.1110858840412785,0.17242817261704313,0.0,114.81458833111135,66.28823347986321
45189,0.0,512216,gripper_matched_fmax,1.077786584348088,0.23625893131775783,0.0,114.81458833111135,66.28823347986321
45189,0.0,220776,gripper_matched_fmax,1.1576957692301162,0.21352559666395374,0.0,114.81458833111135,66.28823347986321
45189,0.0,262076,gripper_matched_fmax,0.8101545988671578,0.5729373957509784,0.0,114.81458833111135,66.28823347986321
45189,0.0,1029096,gripper_matched_fmax,1.189390139668557,0.327823910336476,0.0,114.81458833111135,66.28823347986321
45189,0.0,345446,gripper_matched_fmax,1.1026463435242977,0.1456216820693256,0.0,114.81458833111135,66.28823347986321
45189,0.0,504988,gripper_matched_fmax,1.4778959494600243,0.1972255407675423,0.05357142857142857,114.81458833111135,66.28823347986321
45189,0.0,1004169,gripper_matched_fmax,1.5098491976148947,0.41231560339536666,0.47368421052631576,114.81458833111135,66.28823347986321
45189,0.0,903748,gripper_matched_fmax,1.1162605551684583,0.13768392711816133,0.0,114.81458833111135,66.28823347986321
45189,0.0,96286,gripper_matched_fmax,1.0002520145284994,0.13974078274232174,0.0,114.81458833111135,66.28823347986321
45189,5.0,198570,gripper_matched_fmax,1.216681999564203,0.3831538234824588,0.0,114.81458833111135,66.28823347986321
45189,5.0,464752,gripper_matched_fmax,1.0217895293362893,0.13553164106302604,0.0,114.81458833111135,66.28823347986321
45189,5.0,1000398,gripper_matched_fmax,0.8701756733055998,0.3051559185743194,0.0,114.81458833111135,66.28823347986321
45189,5.0,231349,gripper_matched_fmax,1.212951827398287,0.2754979064472954,0.0,114.81458833111135,66.28823347986321
45189,5.0,622818,gripper_matched_fmax,1.1609295357633471,0.14446758113590916,0.0,114.81458833111135,66.28823347986321
45189,5.0,321324,gripper_matched_fmax,0.032644984569797,0.4391999250943077,0.0,114.81458833111135,66.28823347986321
45189,5.0,367907,gripper_matched_fmax,1.232023675920919,0.29285937151202734,0.0,114.81458833111135,66.28823347986321
45189,5.0,869041,gripper_matched_fmax,1.1242901250992559,0.19559210070959465,0.0,114.81458833111135,66.28823347986321
45189,5.0,536560,gripper_matched_fmax,0.9617328463150361,0.1213743558925467,0.0,114.81458833111135,66.28823347986321
45189,5.0,1039956,gripper_matched_fmax,1.2085521405029096,0.24108483779988577,0.0,114.81458833111135,66.28823347986321
45189,10.0,694278,gripper_matched_fmax,0.016182101174485496,0.38296478570389997,0.0,114.81458833111135,66.28823347986321
45189,10.0,356562,gripper_matched_fmax,1.1108615773267143,0.22360590953995538,0.0,114.81458833111135,66.28823347986321
45189,10.0,455048,gripper_matched_fmax,1.1703248725087299,0.21916477932820458,0.0,114.81458833111135,66.28823347986321
45189,10.0,994627,gripper_matched_fmax,1.0776850042067045,0.20853288612709162,0.0,114.81458833111135,66.28823347986321
45189,10.0,852054,gripper_matched_fmax,1.1991766798001926,0.1724875373293626,0.0,114.81458833111135,66.28823347986321
45189,10.0,735646,gripper_matched_fmax,1.0009888181616464,0.22714139753289123,0.0,114.81458833111135,66.28823347986321
45189,10.0,1050772,gripper_matched_fmax,1.2375707010974313,0.33546888882703163,0.0,114.81458833111135,66.28823347986321
45189,10.0,843489,gripper_matched_fmax,1.2676488888804203,0.21252585348455325,0.0,114.81458833111135,66.28823347986321
45189,10.0,507755,gripper_matched_fmax,0.8260957690483254,0.21365383929690157,0.0,114.81458833111135,66.28823347986321
45189,10.0,537928,gripper_matched_fmax,0.6974734185856319,0.22058091608506844,0.0,114.81458833111135,66.28823347986321
45189,15.0,435572,gripper_matched_fmax,1.4820573005278876,0.6495995311562507,0.04201680672268908,114.81458833111135,66.28823347986321
45189,15.0,940354,gripper_matched_fmax,0.020810863537860214,0.3512831091508313,0.31932773109243695,114.81458833111135,66.28823347986321
45189,15.0,412494,gripper_matched_fmax,1.2445860385989629,0.3126073695554138,0.0,114.81458833111135,66.28823347986321
45189,15.0,443348,gripper_matched_fmax,0.26645938736210895,0.43980005190473687,0.0,114.81458833111135,66.28823347986321
45189,15.0,998529,gripper_matched_fmax,0.9081086296725246,0.4578524074265353,0.0,114.81458833111135,66.28823347986321
45189,15.0,179763,gripper_matched_fmax,0.1744052491577529,0.243510492480748,0.0,114.81458833111135,66.28823347986321
45189,15.0,610579,gripper_matched_fmax,1.2722469176109972,0.24680996483560835,0.0,114.81458833111135,66.28823347986321
45189,15.0,702007,gripper_matched_fmax,1.0599294579303022,0.5742069254313007,0.1271186440677966,114.81458833111135,66.28823347986321
45189,15.0,476056,gripper_matched_fmax,1.5156512577783836,0.341113311308126,0.0,114.81458833111135,66.28823347986321
45189,15.0,501686,gripper_matched_fmax,1.5218984253279584,0.4410490094047516,0.41228070175438597,114.81458833111135,66.28823347986321
45189,20.0,189633,gripper_matched_fmax,1.5271642333581186,0.22677186022286192,0.0,114.81458833111135,66.28823347986321
45189,20.0,864064,gripper_matched_fmax,0.5623502650009126,0.47466783954908787,0.7288135593220338,114.81458833111135,66.28823347986321
45189,20.0,612464,gripper_matched_fmax,0.0,0.6432487348496465,0.36363636363636365,114.81458833111135,66.28823347986321
45189,20.0,313647,gripper_matched_fmax,1.1985428124816415,0.3864057494310589,0.0,114.81458833111135,66.28823347986321
45189,20.0,951724,gripper_matched_fmax,0.8936088553330825,0.2431587943090127,0.0,114.81458833111135,66.28823347986321
45189,20.0,1027913,gripper_matched_fmax,1.5478510624373754,0.34576992984913446,0.0,114.81458833111135,66.28823347986321
45189,20.0,529788,gripper_matched_fmax,1.387036209291586,0.3171821326119465,0.0,114.81458833111135,66.28823347986321
45189,20.0,1036920,gripper_matched_fmax,0.6649902331298395,0.3530448158232526,0.0,114.81458833111135,66.28823347986321
45189,20.0,403142,gripper_matched_fmax,0.5581797985103469,0.36169672722729357,0.0,114.81458833111135,66.28823347986321
45189,20.0,371405,gripper_matched_fmax,1.516865281912299,0.26582928565226066,0.14655172413793102,114.81458833111135,66.28823347986321
45189,30.0,199726,gripper_matched_fmax,0.3605757476259301,0.35942376141486876,0.0,114.81458833111135,66.28823347986321
45189,30.0,450195,gripper_matched_fmax,0.07154427369846152,0.3434162745393729,0.0,114.81458833111135,66.28823347986321
45189,30.0,855227,gripper_matched_fmax,0.0,0.2842087980929475,0.0,114.81458833111135,66.28823347986321
45189,30.0,337730,gripper_matched_fmax,1.1605928661064817,0.2710085939395663,0.0,114.81458833111135,66.28823347986321
45189,30.0,329745,gripper_matched_fmax,1.0670809738817868,0.335433323819585,0.0,114.81458833111135,66.28823347986321
45189,30.0,908762,gripper_matched_fmax,0.07798067391066622,0.14986851245554003,0.1440677966101695,114.81458833111135,66.28823347986321
45189,30.0,799661,gripper_matched_fmax,1.5114484591769919,0.3504611806098792,0.0,114.81458833111135,66.28823347986321
45189,30.0,870185,gripper_matched_fmax,0.33250755600103754,0.6218887642064226,0.24545454545454545,114.81458833111135,66.28823347986321
45189,30.0,279091,gripper_matched_fmax,0.028371588410472815,0.4317691471185981,0.0,114.81458833111135,66.28823347986321
45189,30.0,410791,gripper_matched_fmax,1.5095579169740732,0.33240028792078175,0.0,114.81458833111135,66.28823347986321
45189,45.0,265986,gripper_matched_fmax,1.0675109414914572,0.5771600028782253,0.0,114.81458833111135,66.28823347986321
45189,45.0,254319,gripper_matched_fmax,0.17047762499379654,0.2738481035100098,0.0,114.81458833111135,66.28823347986321
45189,45.0,619464,gripper_matched_fmax,0.9256505218437128,0.650462824018913,0.0,114.81458833111135,66.28823347986321
45189,45.0,565270,gripper_matched_fmax,0.1255031469101449,0.7225529437247277,0.0,114.81458833111135,66.28823347986321
45189,45.0,523978,gripper_matched_fmax,0.13391240374012156,0.7328745412629953,0.0,114.81458833111135,66.28823347986321
45189,45.0,230582,gripper_matched_fmax,0.0,0.48848329216008446,0.0,114.81458833111135,66.28823347986321
45189,45.0,616497,gripper_matched_fmax,0.030480359778393293,0.6042147414864236,0.008547008547008548,114.81458833111135,66.28823347986321
45189,45.0,758853,gripper_matched_fmax,0.6480814250100547,0.48257283822733366,0.15254237288135594,114.81458833111135,66.28823347986321
45189,45.0,96597,gripper_matched_fmax,1.5221350322076057,0.34115005305939755,0.0,114.81458833111135,66.28823347986321
45189,45.0,402557,gripper_matched_fmax,0.19592184510902397,0.3737112144729686,0.652542372881356,114.81458833111135,66.28823347986321
46033,0.0,381563,gripper_matched_fmax,1.0881580065159775,0.22704325644176152,0.0,119.65856012178244,69.08490189715411
46033,0.0,301764,gripper_matched_fmax,1.010297145755045,0.5084207617248623,0.0,119.65856012178244,69.08490189715411
46033,0.0,263485,gripper_matched_fmax,1.0157920508806133,0.26550467704326514,0.0,119.65856012178244,69.08490189715411
46033,0.0,429224,gripper_matched_fmax,1.060051194236537,0.25192341209334074,0.0,119.65856012178244,69.08490189715411
46033,0.0,849764,gripper_matched_fmax,1.6,0.5793209024509023,0.0,119.65856012178244,69.08490189715411
46033,0.0,749862,gripper_matched_fmax,1.1197527716533764,0.24114372419035923,0.0,108.55151178228537,69.08490189715411
46033,0.0,303345,gripper_matched_fmax,0.9778027054169824,0.2668341022141349,0.0,119.65856012178244,69.08490189715411
46033,0.0,538464,gripper_matched_fmax,1.1374448129428547,0.3054664865984238,0.0,119.65856012178244,69.08490189715411
46033,0.0,528219,gripper_matched_fmax,0.9828996956434239,0.5309197421902563,0.0,119.65856012178244,69.08490189715411
46033,0.0,634345,gripper_matched_fmax,1.5548820745475211,0.46318976007923374,0.0,119.65856012178244,69.08490189715411
46033,5.0,162424,gripper_matched_fmax,1.112263048500516,0.21748575309356774,0.0,119.65856012178244,69.08490189715411
46033,5.0,368520,gripper_matched_fmax,1.550292096591409,0.5378101158086465,0.0,119.65856012178244,69.08490189715411
46033,5.0,946637,gripper_matched_fmax,1.0183220122633259,0.41546299321188684,0.0,119.65856012178244,69.08490189715411
46033,5.0,573938,gripper_matched_fmax,1.588354249580276,0.5406378728864879,0.0,119.65856012178244,69.08490189715411
46033,5.0,128669,gripper_matched_fmax,1.0699323181586584,0.285666824144892,0.0,119.65856012178244,69.08490189715411
46033,5.0,1024601,gripper_matched_fmax,0.0,0.4358022988821899,0.23275862068965517,119.65856012178244,69.08490189715411
46033,5.0,651037,gripper_matched_fmax,1.0629736667186664,0.47549486947081443,0.0,119.65856012178244,69.08490189715411
46033,5.0,365600,gripper_matched_fmax,1.0937902379567022,0.27967717893894883,0.0,119.65856012178244,69.08490189715411
46033,5.0,947498,gripper_matched_fmax,0.994538895277307,0.1807294615141901,0.0,119.65856012178244,69.08490189715411
46033,5.0,648500,gripper_matched_fmax,0.5039643750256237,0.24641900176046022,0.32456140350877194,119.65856012178244,69.08490189715411
46033,10.0,765592,gripper_matched_fmax,1.3939167935639423,0.32346820673719234,0.0,119.65856012178244,69.08490189715411
46033,10.0,997708,gripper_matched_fmax,1.0095388280039812,0.23134584924601465,0.0,119.65856012178244,69.08490189715411
46033,10.0,371249,gripper_matched_fmax,1.0504539536236048,0.30828397529640056,0.0,119.65856012178244,69.08490189715411
46033,10.0,868501,gripper_matched_fmax,1.0134307738571409,0.29367529982051593,0.0,119.65856012178244,69.08490189715411
46033,10.0,214165,gripper_matched_fmax,0.0,0.4186011025526616,0.5663716814159292,119.65856012178244,69.08490189715411
46033,10.0,943232,gripper_matched_fmax,0.0,0.26748588042622584,0.8521739130434782,119.65856012178244,69.08490189715411
46033,10.0,1062617,gripper_matched_fmax,0.7276616890308744,0.2570145068636359,0.044642857142857144,119.65856012178244,69.08490189715411
46033,10.0,736132,gripper_matched_fmax,1.149741833891709,0.23435956922712348,0.0,119.65856012178244,69.08490189715411
46033,10.0,559309,gripper_matched_fmax,0.9901571721548846,0.2265451831929615,0.0,119.65856012178244,69.08490189715411
46033,10.0,274332,gripper_matched_fmax,1.6,0.720324391055051,0.0,119.65856012178244,69.08490189715411
46033,15.0,597617,gripper_matched_fmax,1.0739494693999918,0.4228997137026085,0.0,119.65856012178244,69.08490189715411
46033,15.0,372258,gripper_matched_fmax,0.01921000724881323,0.28742909433211383,0.8813559322033898,119.65856012178244,69.08490189715411
46033,15.0,181013,gripper_matched_fmax,0.6386089688198044,0.24644838538331668,0.0,119.65856012178244,69.08490189715411
46033,15.0,229955,gripper_matched_fmax,0.43012363981693963,0.27625565196932034,0.3504273504273504,119.65856012178244,69.08490189715411
46033,15.0,993136,gripper_matched_fmax,0.7882323571301416,0.26746279784364496,0.0,119.65856012178244,69.08490189715411
46033,15.0,427926,gripper_matched_fmax,1.0675408452118695,0.34018266370005473,0.0,119.65856012178244,69.08490189715411
46033,15.0,1031745,gripper_matched_fmax,0.9657140259457502,0.2679000431671368,0.0,119.65856012178244,69.08490189715411
46033,15.0,272831,gripper_matched_fmax,1.6,0.8411320487449162,0.0,119.65856012178244,69.08490189715411
46033,15.0,955198,gripper_matched_fmax,1.071962225375306,0.2356896126483878,0.0,119.65856012178244,69.08490189715411
46033,15.0,879459,gripper_matched_fmax,1.2506366128393338,0.3621591310197598,0.0,119.65856012178244,69.08490189715411
46033,20.0,486306,gripper_matched_fmax,0.1517543357289483,0.3748861499436186,0.5221238938053098,119.65856012178244,69.08490189715411
46033,20.0,406750,gripper_matched_fmax,1.0230764857660164,0.2693499361186668,0.0,119.65856012178244,69.08490189715411
46033,20.0,931570,gripper_matched_fmax,0.9184755165346152,0.4494129194645274,0.0,119.65856012178244,69.08490189715411
46033,20.0,382292,gripper_matched_fmax,1.3497321874143113,0.3760534045682837,0.0,119.65856012178244,69.08490189715411
46033,20.0,612604,gripper_matched_fmax,1.6,0.6744418111425824,0.0,119.65856012178244,69.08490189715411
46033,20.0,424803,gripper_matched_fmax,1.244173467867242,0.40449448681465117,0.0,119.65856012178244,69.08490189715411
46033,20.0,865434,gripper_matched_fmax,1.061074979769758,0.2974080569250934,0.0,119.65856012178244,69.08490189715411
46033,20.0,419292,gripper_matched_fmax,0.8321710168185462,0.3474124371159658,0.0,119.65856012178244,69.08490189715411
46033,20.0,593394,gripper_matched_fmax,1.133889519688977,0.43718888994428406,0.0,119.65856012178244,69.08490189715411
46033,20.0,1071563,gripper_matched_fmax,1.2534592233728614,0.43720033721377555,0.0,119.65856012178244,69.08490189715411
46033,30.0,829780,gripper_matched_fmax,0.05324485246628651,0.2678832238356512,0.061946902654867256,119.65856012178244,69.08490189715411
46033,30.0,141287,gripper_matched_fmax,0.06088535427504426,0.3404089902461021,0.7256637168141593,119.65856012178244,69.08490189715411
46033,30.0,474332,gripper_matched_fmax,0.9413580191824755,0.28219991091526825,0.0,119.65856012178244,69.08490189715411
46033,30.0,353667,gripper_matched_fmax,0.31409407144808293,0.27694773632959196,0.5086206896551724,119.65856012178244,69.08490189715411
46033,30.0,169100,gripper_matched_fmax,0.9537367624858133,0.5406220531008833,0.0,114.51478938243734,69.08490189715411
46033,30.0,149892,gripper_matched_fmax,1.2329869320373328,0.4600585404202898,0.0,119.65856012178244,69.08490189715411
46033,30.0,700520,gripper_matched_fmax,0.04595182727405761,0.32711509279557227,0.7815126050420168,119.65856012178244,69.08490189715411
46033,30.0,805045,gripper_matched_fmax,0.0,0.42963861552007376,0.504424778761062,119.65856012178244,69.08490189715411
46033,30.0,655258,gripper_matched_fmax,0.5305010447331187,0.2695803458710431,0.5304347826086957,119.65856012178244,69.08490189715411
46033,30.0,187089,gripper_matched_fmax,1.1191805280595322,0.36031455989729627,0.0,119.65856012178244,69.08490189715411
46033,45.0,779741,gripper_matched_fmax,0.0,0.2536542224159845,0.6160714285714286,119.65856012178244,69.08490189715411
46033,45.0,195938,gripper_matched_fmax,0.7694011759964321,0.8040480989246869,0.0,119.65856012178244,69.08490189715411
46033,45.0,330462,gripper_matched_fmax,1.1232283567468067,0.27594504632452216,0.0,119.65856012178244,69.08490189715411
46033,45.0,866304,gripper_matched_fmax,1.0617181319704139,0.7191692143051213,0.0,119.65856012178244,69.08490189715411
46033,45.0,462649,gripper_matched_fmax,1.2345921295520095,0.4136932984902206,0.0,119.65856012178244,69.08490189715411
46033,45.0,545776,gripper_matched_fmax,0.7941132192868321,0.6606402641911405,0.0,119.65856012178244,69.08490189715411
46033,45.0,277995,gripper_matched_fmax,0.5318298033298197,0.35794052022793255,0.0,119.65856012178244,69.08490189715411
46033,45.0,547523,gripper_matched_fmax,0.9620263909862803,0.31314038102797803,0.0,119.65856012178244,69.08490189715411
46033,45.0,292376,gripper_matched_fmax,0.9682645266417168,0.6965245919440715,0.0,119.65856012178244,69.08490189715411
46033,45.0,548224,gripper_matched_fmax,0.0,0.25481761895925975,0.15789473684210525,119.65856012178244,69.08490189715411
46037,0.0,372453,gripper_matched_fmax,0.9910487911955783,0.013148683336795794,0.0,111.29925532965595,64.25865502518175
46037,0.0,225572,gripper_matched_fmax,1.0062056754450504,0.06293744401762794,0.0,111.29925532965595,64.25865502518175
46037,0.0,1032955,gripper_matched_fmax,0.9439595826990175,0.15012811069807075,0.0,111.29925532965595,64.25865502518175
46037,0.0,866073,gripper_matched_fmax,0.9834438972880326,0.05934714504682322,0.0,108.36153737177851,64.25865502518175
46037,0.0,417309,gripper_matched_fmax,1.021375071204668,0.09638711923638497,0.0,111.29925532965595,64.25865502518175
46037,0.0,604122,gripper_matched_fmax,1.0023525440426309,0.07180654904736548,0.0,111.29925532965595,64.25865502518175
46037,0.0,261685,gripper_matched_fmax,0.9884545562706905,0.06293403450924749,0.0,111.29925532965595,64.25865502518175
46037,0.0,950044,gripper_matched_fmax,0.7067059959283561,0.30020757562873474,0.0,111.29925532965595,64.25865502518175
46037,0.0,618576,gripper_matched_fmax,0.9990705509686227,0.10885583380955043,0.0,111.29925532965595,64.25865502518175
46037,0.0,790662,gripper_matched_fmax,0.9970416713867113,0.1753169049699775,0.0,111.29925532965595,64.25865502518175
46037,5.0,104072,gripper_matched_fmax,0.8510589912120523,0.12985773306842252,0.0,111.29925532965595,64.25865502518175
46037,5.0,658479,gripper_matched_fmax,0.8811894005057891,0.09592393525894786,0.0,111.29925532965595,64.25865502518175
46037,5.0,552293,gripper_matched_fmax,1.0313583600364165,0.2178829042377623,0.0,111.29925532965595,64.25865502518175
46037,5.0,677177,gripper_matched_fmax,1.055683850023826,0.09225672604429538,0.0,111.29925532965595,64.25865502518175
46037,5.0,119596,gripper_matched_fmax,0.9475738081161234,0.08703040685096333,0.0,111.29925532965595,64.25865502518175
46037,5.0,321591,gripper_matched_fmax,1.0245403538716509,0.11098640842819263,0.0,111.29925532965595,64.25865502518175
46037,5.0,700830,gripper_matched_fmax,1.0529717155604414,0.05976210732078687,0.0,111.29925532965595,64.25865502518175
46037,5.0,960627,gripper_matched_fmax,0.9624592246659389,0.13554455472202248,0.0,111.29925532965595,64.25865502518175
46037,5.0,321766,gripper_matched_fmax,0.9752778384220729,0.163924100168993,0.0,111.29925532965595,64.25865502518175
46037,5.0,992014,gripper_matched_fmax,0.4284367743604417,0.07180930461604151,0.49557522123893805,111.29925532965595,64.25865502518175
46037,10.0,281601,gripper_matched_fmax,0.9400567412886242,0.16810640215564457,0.0,111.29925532965595,64.25865502518175
46037,10.0,325256,gripper_matched_fmax,0.9272601985580304,0.21434701022929678,0.0,111.29925532965595,64.25865502518175
46037,10.0,301403,gripper_matched_fmax,0.8375822116634627,0.07867051486721158,0.0,111.29925532965595,64.25865502518175
46037,10.0,579631,gripper_matched_fmax,0.9017868083364685,0.1413451395396755,0.0,111.29925532965595,64.25865502518175
46037,10.0,787964,gripper_matched_fmax,1.0864323352702907,0.22330879449718516,0.0,111.29925532965595,64.25865502518175
46037,10.0,388094,gripper_matched_fmax,0.9501760473252094,0.36316672974038794,0.0,111.29925532965595,64.25865502518175
46037,10.0,141748,gripper_matched_fmax,1.113762669861151,0.15380842504474865,0.0,111.29925532965595,64.25865502518175
46037,10.0,439582,gripper_matched_fmax,1.0894520939412833,0.16781603261414363,0.0,111.29925532965595,64.25865502518175
46037,10.0,226500,gripper_matched_fmax,0.27034671167822166,0.095976481273376,0.672566371681416,111.29925532965595,64.25865502518175
46037,10.0,742341,gripper_matched_fmax,1.033971988423598,0.14479210198035747,0.0,111.29925532965595,64.25865502518175
46037,15.0,321869,gripper_matched_fmax,1.0857902183827786,0.22191622437643316,0.0,111.29925532965595,64.25865502518175
46037,15.0,303219,gripper_matched_fmax,0.6714477728561387,0.22585171413120306,0.0,111.29925532965595,64.25865502518175
46037,15.0,335906,gripper_matched_fmax,0.6908849088559843,0.07832355216522176,0.0,111.29925532965595,64.25865502518175
46037,15.0,810117,gripper_matched_fmax,0.9144797879556307,0.6861263941795548,0.0990990990990991,111.29925532965595,64.25865502518175
46037,15.0,435534,gripper_matched_fmax,1.0036874592009746,0.31002484442315714,0.0,111.29925532965595,64.25865502518175
46037,15.0,890651,gripper_matched_fmax,0.9577262744330916,0.22177932613621354,0.0,111.29925532965595,64.25865502518175
46037,15.0,747750,gripper_matched_fmax,1.0113619164571919,0.23686321323201984,0.0,111.29925532965595,64.25865502518175
46037,15.0,124352,gripper_matched_fmax,0.4079371911145436,0.0418754218266065,0.3728813559322034,99.25571221685686,64.25865502518175
46037,15.0,843423,gripper_matched_fmax,0.9208737071440861,0.18729148865582307,0.0,111.29925532965595,64.25865502518175
46037,15.0,902170,gripper_matched_fmax,1.1677548055608051,0.05084355962772317,0.0,111.29925532965595,64.25865502518175
46037,20.0,684614,gripper_matched_fmax,0.6877927604693049,0.4569128310449644,0.1875,111.29925532965595,64.25865502518175
46037,20.0,145004,gripper_matched_fmax,0.2919679933975114,0.021183044381898844,0.452991452991453,95.29381844431583,64.25865502518175
46037,20.0,674643,gripper_matched_fmax,1.1997027262877367,0.2911736646466986,0.0,111.29925532965595,64.25865502518175
46037,20.0,279766,gripper_matched_fmax,0.7690236024239411,0.2921501955853495,0.0,111.29925532965595,64.25865502518175
46037,20.0,733032,gripper_matched_fmax,0.8089488996771046,0.1567511708711229,0.0,111.29925532965595,64.25865502518175
46037,20.0,126995,gripper_matched_fmax,1.1026636238143073,0.2941620706424428,0.0,111.29925532965595,64.25865502518175
46037,20.0,195753,gripper_matched_fmax,1.2536613171870525,0.23889602282428987,0.0,111.29925532965595,64.25865502518175
46037,20.0,288387,gripper_matched_fmax,0.704058068670249,0.20560259878590237,0.0,111.29925532965595,64.25865502518175
46037,20.0,894632,gripper_matched_fmax,0.8579843684872236,0.17768848565122505,0.0,111.29925532965595,64.25865502518175
46037,20.0,421782,gripper_matched_fmax,0.8883645426947098,0.3810442680505635,0.0,111.29925532965595,64.25865502518175
46037,30.0,325866,gripper_matched_fmax,0.6336355409492886,0.427365933708138,0.0,111.29925532965595,64.25865502518175
46037,30.0,467740,gripper_matched_fmax,0.6745037148683941,0.5420114741991493,0.0,111.29925532965595,64.25865502518175
46037,30.0,708184,gripper_matched_fmax,0.8751797902610597,0.6094517303972865,0.0,111.29925532965595,64.25865502518175
46037,30.0,287669,gripper_matched_fmax,0.8913545769586527,0.6614456393125207,0.0,111.29925532965595,64.25865502518175
46037,30.0,510712,gripper_matched_fmax,0.24525716768138373,0.3136994245134966,0.09322033898305085,111.29925532965595,64.25865502518175
46037,30.0,788833,gripper_matched_fmax,0.8463072352275656,0.468419197291371,0.0,111.29925532965595,64.25865502518175
46037,30.0,426749,gripper_matched_fmax,0.6507187817951344,0.16943381435911475,0.0,98.0676799945483,64.25865502518175
46037,30.0,420268,gripper_matched_fmax,1.389041364743803,0.27466062592795454,0.0,111.29925532965595,64.25865502518175
46037,30.0,389836,gripper_matched_fmax,1.3494159559676953,0.147718001362638,0.0,111.29925532965595,64.25865502518175
46037,30.0,316015,gripper_matched_fmax,0.8311841662849152,0.63065928932081,0.0,111.29925532965595,64.25865502518175
46037,45.0,521694,gripper_matched_fmax,0.08594916612988401,0.47714628721523017,0.0,111.29925532965595,64.25865502518175
46037,45.0,706780,gripper_matched_fmax,0.07697139612804572,0.08882563183076998,0.0,92.4889543660854,64.25865502518175
46037,45.0,1089152,gripper_matched_fmax,1.260313196401953,0.1257989729815447,0.0,111.29925532965595,64.25865502518175
46037,45.0,587642,gripper_matched_fmax,1.4483865288061903,0.4615166958826122,0.0,111.29925532965595,64.25865502518175
46037,45.0,363462,gripper_matched_fmax,0.6430708707351666,0.6465744021042543,0.0,111.29925532965595,64.25865502518175
46037,45.0,764051,gripper_matched_fmax,1.2603295385537077,0.5927985859692108,0.0,111.29925532965595,64.25865502518175
46037,45.0,165415,gripper_matched_fmax,0.4082586504759485,0.6547469626930219,0.0,106.21431039846192,64.25865502518175
46037,45.0,363674,gripper_matched_fmax,1.1766248533980133,0.22741098497837017,0.0,111.29925532965595,64.25865502518175
46037,45.0,435364,gripper_matched_fmax,0.9223382832895394,0.25237678995188667,0.0,111.29925532965595,64.25865502518175
46037,45.0,1069673,gripper_matched_fmax,0.6210670328582477,0.5570884110943568,0.0,111.29925532965595,64.25865502518175
46084,0.0,235176,gripper_matched_fmax,1.6,0.5410983566612169,0.0,94.99992416228974,54.848231788092015
46084,0.0,258856,gripper_matched_fmax,1.271324469511956,0.31660150178877333,0.0,94.99992416228974,54.848231788092015
46084,0.0,746499,gripper_matched_fmax,1.6,0.43127324209082624,0.0,94.99992416228974,54.848231788092015
46084,0.0,272783,gripper_matched_fmax,1.127267926292335,0.18189696949335174,0.0,94.99992416228974,54.848231788092015
46084,0.0,968700,gripper_matched_fmax,1.6,0.39936212666952614,0.0,94.99992416228974,54.848231788092015
46084,0.0,675868,gripper_matched_fmax,1.6,0.5294774431498925,0.0,94.99992416228974,54.848231788092015
46084,0.0,693355,gripper_matched_fmax,0.36833457776655026,0.4941105186685316,0.15454545454545454,94.99992416228974,54.848231788092015
46084,0.0,313921,gripper_matched_fmax,1.1331442205457527,0.5072317587894797,0.0,94.99992416228974,54.848231788092015
46084,0.0,141766,gripper_matched_fmax,0.0,0.48823286394575494,0.05263157894736842,94.99992416228974,54.848231788092015
46084,0.0,706609,gripper_matched_fmax,1.6,0.46277673323436364,0.0,94.99992416228974,54.848231788092015
46084,5.0,95866,gripper_matched_fmax,1.1549830617561356,0.3920999851125899,0.0,94.99992416228974,54.848231788092015
46084,5.0,818636,gripper_matched_fmax,1.6,0.4767570732499021,0.0,94.99992416228974,54.848231788092015
46084,5.0,148928,gripper_matched_fmax,1.1103618387989742,0.4132029274426586,0.0,94.99992416228974,54.848231788092015
46084,5.0,442153,gripper_matched_fmax,1.4898066544579645,0.3468587839513448,0.0,94.99992416228974,54.848231788092015
46084,5.0,694972,gripper_matched_fmax,1.6,0.4256819655533302,0.0,94.99992416228974,54.848231788092015
46084,5.0,362872,gripper_matched_fmax,0.031415424718603674,0.4118264689074732,0.4732142857142857,94.99992416228974,54.848231788092015
46084,5.0,112594,gripper_matched_fmax,1.6,0.4933045049223527,0.0,94.99992416228974,54.848231788092015
46084,5.0,891040,gripper_matched_fmax,1.1964341527632416,0.41185541047847796,0.0,94.99992416228974,54.848231788092015
46084,5.0,171679,gripper_matched_fmax,0.988702914186498,0.3787589819440429,0.0,94.99992416228974,54.848231788092015
46084,5.0,169407,gripper_matched_fmax,0.9838557064924736,0.466710855297083,0.0,94.99992416228974,54.848231788092015
46084,10.0,676045,gripper_matched_fmax,1.6,0.5536835346811496,0.0,94.99992416228974,54.848231788092015
46084,10.0,856425,gripper_matched_fmax,0.18023033903617902,0.3310332847830396,0.1565217391304348,94.99992416228974,54.848231788092015
46084,10.0,1008768,gripper_matched_fmax,1.011360332700432,0.5928105615042975,0.0,94.99992416228974,54.848231788092015
46084,10.0,603541,gripper_matched_fmax,1.6,0.6234436836719044,0.25663716814159293,94.99992416228974,54.848231788092015
46084,10.0,162203,gripper_matched_fmax,1.0845897616809093,0.36004719704080546,0.0,94.99992416228974,54.848231788092015
46084,10.0,1082754,gripper_matched_fmax,1.6,0.48267248425635145,0.0,94.99992416228974,54.848231788092015
46084,10.0,897454,gripper_matched_fmax,1.5296162624386564,0.3027817604347914,0.0,94.99992416228974,54.848231788092015
46084,10.0,643160,gripper_matched_fmax,0.2441435408321678,0.04160380677491589,0.6454545454545455,81.36413001089754,54.848231788092015
46084,10.0,282783,gripper_matched_fmax,1.6,0.3603883126091938,0.19469026548672566,94.99992416228974,54.848231788092015
46084,10.0,501271,gripper_matched_fmax,1.273301340708283,0.5815624152786358,0.0,94.99992416228974,54.848231788092015
46084,15.0,425873,gripper_matched_fmax,1.2192246463831349,0.4080400167445545,0.0,94.99992416228974,54.848231788092015
46084,15.0,1055021,gripper_matched_fmax,1.0887316650817045,0.686699770485955,0.0,94.99992416228974,54.848231788092015
46084,15.0,1024704,gripper_matched_fmax,0.49871578622264756,0.7018020358699196,0.02702702702702703,94.99992416228974,54.848231788092015
46084,15.0,947061,gripper_matched_fmax,1.3689960397260073,0.34672027383274123,0.0,94.99992416228974,54.848231788092015
46084,15.0,248868,gripper_matched_fmax,0.5673303014485058,0.16354245712985882,0.1271186440677966,94.99992416228974,54.848231788092015
46084,15.0,951162,gripper_matched_fmax,1.6,0.5522986287492592,0.0,94.99992416228974,54.848231788092015
46084,15.0,228200,gripper_matched_fmax,0.0,0.42640475641635484,0.336283185840708,94.99992416228974,54.848231788092015
46084,15.0,140273,gripper_matched_fmax,1.4089210048812018,0.32838618495257726,0.0,94.99992416228974,54.848231788092015
46084,15.0,361180,gripper_matched_fmax,1.368463333021785,0.22627102450933287,0.0,94.99992416228974,54.848231788092015
46084,15.0,1022698,gripper_matched_fmax,1.6,0.6473161590788968,0.0,94.99992416228974,54.848231788092015
46084,20.0,179428,gripper_matched_fmax,1.2561653537391009,0.2687749900184514,0.0,94.99992416228974,54.848231788092015
46084,20.0,101666,gripper_matched_fmax,1.6,0.2578066290285063,0.09821428571428571,94.99992416228974,54.848231788092015
46084,20.0,699749,gripper_matched_fmax,0.1780302672639728,0.3485469445457801,0.3181818181818182,94.99992416228974,54.848231788092015
46084,20.0,825557,gripper_matched_fmax,1.2312582159259324,0.3786203617415043,0.0,94.99992416228974,54.848231788092015
46084,20.0,131865,gripper_matched_fmax,1.4928622804493608,0.6474452829299941,0.0,94.99992416228974,54.848231788092015
46084,20.0,152989,gripper_matched_fmax,0.8929169926003884,0.2505932040556741,0.0,94.99992416228974,54.848231788092015
46084,20.0,337136,gripper_matched_fmax,0.0,0.13014709281651338,0.5714285714285714,94.99992416228974,54.848231788092015
46084,20.0,761238,gripper_matched_fmax,1.331162415541985,0.3218003850736051,0.0,94.99992416228974,54.848231788092015
46084,20.0,204186,gripper_matched_fmax,0.41198708636026626,0.2330427845186821,0.2627118644067797,94.99992416228974,54.848231788092015
46084,20.0,122806,gripper_matched_fmax,1.2177404074201383,0.2356873292163525,0.0,94.99992416228974,54.848231788092015
46084,30.0,355301,gripper_matched_fmax,0.9659582348272071,0.19679986110921321,0.0,94.99992416228974,54.848231788092015
46084,30.0,524517,gripper_matched_fmax,0.6944405238034227,0.5683888192757471,0.0,94.99992416228974,54.848231788092015
46084,30.0,243522,gripper_matched_fmax,0.1964129746173158,0.647293940223166,0.036036036036036036,94.99992416228974,54.848231788092015
46084,30.0,178478,gripper_matched_fmax,1.458963222330581,0.720069873093094,0.11711711711711711,94.99992416228974,54.848231788092015
46084,30.0,759096,gripper_matched_fmax,0.35786158009571967,0.490114306804479,0.0,94.99992416228974,54.848231788092015
46084,30.0,1000977,gripper_matched_fmax,1.2682307867489737,0.2424497451878792,0.0,94.99992416228974,54.848231788092015
46084,30.0,521336,gripper_matched_fmax,0.03854539066852186,0.10194994395475616,0.7567567567567568,94.99992416228974,54.848231788092015
46084,30.0,935991,gripper_matched_fmax,1.03096775088868,0.3092744681883057,0.0,94.99992416228974,54.848231788092015
46084,30.0,265828,gripper_matched_fmax,1.2905837724496052,0.20650858259056118,0.0,94.99992416228974,54.848231788092015
46084,30.0,365629,gripper_matched_fmax,0.0,0.3115467284838398,0.2564102564102564,94.99992416228974,54.848231788092015
46084,45.0,317464,gripper_matched_fmax,0.0,0.6809663477164559,0.0,94.99992416228974,54.848231788092015
46084,45.0,680434,gripper_matched_fmax,1.3059322227016916,0.5455140290182671,0.0,94.99992416228974,54.848231788092015
46084,45.0,839174,gripper_matched_fmax,0.5862812991762354,0.5991442740709673,0.0,94.99992416228974,54.848231788092015
46084,45.0,669599,gripper_matched_fmax,0.0,0.5849249990001467,0.08695652173913043,94.99992416228974,54.848231788092015
46084,45.0,570022,gripper_matched_fmax,0.30533385008762737,0.3840185557267893,0.24369747899159663,94.99992416228974,54.848231788092015
46084,45.0,1012902,gripper_matched_fmax,0.0,0.32082112512384753,0.4774774774774775,94.99992416228974,54.848231788092015
46084,45.0,1031289,gripper_matched_fmax,0.027090669481898522,0.22081165701684752,0.49137931034482757,94.99992416228974,54.848231788092015
46084,45.0,543692,gripper_matched_fmax,0.8182805541731463,0.18990587692847571,0.034782608695652174,94.99992416228974,54.848231788092015
46084,45.0,412554,gripper_matched_fmax,1.0366230567398176,0.7821527661242689,0.0,94.99992416228974,54.848231788092015
46084,45.0,610126,gripper_matched_fmax,1.3187533145459513,0.593070120259368,0.0,94.99992416228974,54.848231788092015
46856,0.0,525716,gripper_matched_fmax,0.9208238335574306,0.07235657420340236,0.0,86.60254037844386,50.0
46856,0.0,886896,gripper_matched_fmax,0.9577046154828461,0.059490942808181006,0.0,86.60254037844386,50.0
46856,0.0,1087021,gripper_matched_fmax,0.5613087354102088,0.18362217831672764,0.0,86.60254037844386,50.0
46856,0.0,1074637,gripper_matched_fmax,1.0164204879095087,0.04872337555603927,0.0,86.60254037844386,50.0
46856,0.0,144002,gripper_matched_fmax,0.823079835277658,0.08313325547626255,0.0,86.60254037844386,50.0
46856,0.0,284655,gripper_matched_fmax,0.8416505984959625,0.06201359980593301,0.0,86.60254037844386,50.0
46856,0.0,335949,gripper_matched_fmax,0.8610213130392186,0.0666125618600311,0.0,86.60254037844386,50.0
46856,0.0,852020,gripper_matched_fmax,0.9167670139943646,0.0685138073835871,0.0,86.60254037844386,50.0
46856,0.0,357791,gripper_matched_fmax,1.0412525833550184,0.09018155238290083,0.0,86.60254037844386,50.0
46856,0.0,181897,gripper_matched_fmax,0.8280854508777108,0.06417536200323139,0.0,86.60254037844386,50.0
46856,5.0,574643,gripper_matched_fmax,0.9737165092292251,0.07436820619624784,0.0,86.60254037844386,50.0
46856,5.0,719454,gripper_matched_fmax,0.6417633736672693,0.08229728585807165,0.10714285714285714,86.60254037844386,50.0
46856,5.0,633258,gripper_matched_fmax,0.8702558933329442,0.0857705697035346,0.0,86.60254037844386,50.0
46856,5.0,312808,gripper_matched_fmax,0.4863308657578132,0.11509475642505534,0.29310344827586204,86.60254037844386,50.0
46856,5.0,934814,gripper_matched_fmax,1.029001578530102,0.18490707456002126,0.0,86.60254037844386,50.0
46856,5.0,718143,gripper_matched_fmax,0.8422797196228075,0.08360139840550335,0.0,86.60254037844386,50.0
46856,5.0,771002,gripper_matched_fmax,0.4891991035641969,0.10146619894145685,0.4117647058823529,86.60254037844386,50.0
46856,5.0,932849,gripper_matched_fmax,0.40356142103419435,0.1826568897803716,0.0,86.60254037844386,50.0
46856,5.0,866859,gripper_matched_fmax,0.47733018747109013,0.06490143669615595,0.3949579831932773,86.60254037844386,50.0
46856,5.0,1013817,gripper_matched_fmax,0.5782144563230045,0.2507334476956404,0.0,86.60254037844386,50.0
46856,10.0,291218,gripper_matched_fmax,0.5202892801935146,0.06253788121020687,0.4642857142857143,86.60254037844386,50.0
46856,10.0,732792,gripper_matched_fmax,0.24808955755360457,0.07215702615056248,0.6470588235294118,86.60254037844386,50.0
46856,10.0,172551,gripper_matched_fmax,0.35447451359037835,0.06182631897609847,0.4782608695652174,86.60254037844386,50.0
46856,10.0,524641,gripper_matched_fmax,0.9277951093050159,0.05862832034803777,0.0,86.60254037844386,50.0
46856,10.0,691030,gripper_matched_fmax,0.6018927024260206,0.08583812089095422,0.0,86.60254037844386,50.0
46856,10.0,238467,gripper_matched_fmax,0.25762673827036836,0.06755309176360479,0.6608695652173913,86.60254037844386,50.0
46856,10.0,809325,gripper_matched_fmax,0.2889595216291877,0.06223216673937832,0.6160714285714286,86.60254037844386,50.0
46856,10.0,115783,gripper_matched_fmax,0.3053964324565663,0.2067271233193883,0.0,86.60254037844386,50.0
46856,10.0,965142,gripper_matched_fmax,0.523419080398757,0.14594001166323775,0.0,86.60254037844386,50.0
46856,10.0,941632,gripper_matched_fmax,0.813029844895575,0.1007634389258545,0.0,86.60254037844386,50.0
46856,15.0,592889,gripper_matched_fmax,1.1134985034012193,0.0869851243612252,0.0,86.60254037844386,50.0
46856,15.0,639657,gripper_matched_fmax,1.085252092159023,0.07812737764128667,0.0,86.60254037844386,50.0
46856,15.0,1009717,gripper_matched_fmax,0.9590205711190671,0.37243174691325526,0.0,86.60254037844386,50.0
46856,15.0,200285,gripper_matched_fmax,0.16170071330776695,0.03475571002883018,0.7563025210084033,86.60254037844386,50.0
46856,15.0,239406,gripper_matched_fmax,0.552302694686977,0.19958483270559738,0.0,86.60254037844386,50.0
46856,15.0,418308,gripper_matched_fmax,0.0,0.2857597588142878,0.0,86.60254037844386,50.0
46856,15.0,882965,gripper_matched_fmax,0.8547045550786931,0.13717393185524235,0.0,86.60254037844386,50.0
46856,15.0,236519,gripper_matched_fmax,0.12598702949977922,0.27021003762423446,0.0,86.60254037844386,50.0
46856,15.0,1000638,gripper_matched_fmax,0.8420655997664215,0.13284016734297754,0.0,86.60254037844386,50.0
46856,15.0,836378,gripper_matched_fmax,1.148214804219535,0.08401334388745439,0.0,86.60254037844386,50.0
46856,20.0,118840,gripper_matched_fmax,0.4266495347782834,0.07583429400525281,0.5714285714285714,86.60254037844386,50.0
46856,20.0,149159,gripper_matched_fmax,1.1419911703448995,0.07822582056741315,0.0,86.60254037844386,50.0
46856,20.0,864709,gripper_matched_fmax,1.1166091882097293,0.15934616967785062,0.0,86.60254037844386,50.0
46856,20.0,1081023,gripper_matched_fmax,0.0678979111923891,0.045638791204296404,0.8347826086956521,86.60254037844386,50.0
46856,20.0,993513,gripper_matched_fmax,0.07353654160522613,0.028631863005209937,0.8303571428571429,74.46974451801195,50.0
46856,20.0,222733,gripper_matched_fmax,1.2126851497430466,0.3611144428152023,0.0,86.60254037844386,50.0
46856,20.0,764377,gripper_matched_fmax,0.07325945380798628,0.04820043432582045,0.8205128205128205,86.60254037844386,50.0
46856,20.0,318196,gripper_matched_fmax,0.910862798556385,0.11316220139666008,0.0,86.60254037844386,50.0
46856,20.0,729581,gripper_matched_fmax,0.9055413426039648,0.04701438262485408,0.20168067226890757,86.60254037844386,50.0
46856,20.0,128848,gripper_matched_fmax,0.41219345099342664,0.01807455107588178,0.5765765765765766,83.11089330435705,50.0
46856,30.0,257664,gripper_matched_fmax,1.0209220068597853,0.23607719427252838,0.0,86.60254037844386,50.0
46856,30.0,737461,gripper_matched_fmax,0.43302618628602585,0.09153649890074113,0.0,86.60254037844386,50.0
46856,30.0,790288,gripper_matched_fmax,0.9201839013069254,0.1810632667388461,0.0,86.60254037844386,50.0
46856,30.0,724179,gripper_matched_fmax,0.7230669431329313,0.2754195382592457,0.0,86.60254037844386,50.0
46856,30.0,1066510,gripper_matched_fmax,0.7688969057089556,0.2245248195915291,0.0,86.60254037844386,50.0
46856,30.0,294353,gripper_matched_fmax,0.0,0.06027461431961892,0.8245614035087719,86.60254037844386,50.0
46856,30.0,395889,gripper_matched_fmax,0.06091673359516502,0.05457601376159737,0.8468468468468469,86.60254037844386,50.0
46856,30.0,168712,gripper_matched_fmax,0.19235198407793855,0.19569380786926957,0.0,86.60254037844386,50.0
46856,30.0,946335,gripper_matched_fmax,0.04454071127590895,0.03114834080423877,0.8813559322033898,86.60254037844386,50.0
46856,30.0,936794,gripper_matched_fmax,0.5868860808136352,0.2538929943897737,0.0,86.60254037844386,50.0
46856,45.0,353989,gripper_matched_fmax,1.2015256022710255,0.18613537705821143,0.0,86.60254037844386,50.0
46856,45.0,1015689,gripper_matched_fmax,0.0,0.021068424661049225,0.8728813559322034,86.60254037844386,50.0
46856,45.0,905831,gripper_matched_fmax,0.637938217753996,0.24497111711374747,0.0,86.60254037844386,50.0
46856,45.0,100384,gripper_matched_fmax,0.0,0.03371763964981035,0.8571428571428571,86.60254037844386,50.0
46856,45.0,715485,gripper_matched_fmax,0.07732039172304708,0.1424603780505387,0.0,86.60254037844386,50.0
46856,45.0,918755,gripper_matched_fmax,0.1102796381737899,0.18746841792187335,0.0,86.60254037844386,50.0
46856,45.0,581697,gripper_matched_fmax,0.12087311331139598,0.3541984675245389,0.0,86.60254037844386,50.0
46856,45.0,656756,gripper_matched_fmax,0.07218981429789717,0.0433786279175565,0.8706896551724138,86.60254037844386,50.0
46856,45.0,173156,gripper_matched_fmax,0.8308523811732829,0.32001778832887484,0.0,86.60254037844386,50.0
46856,45.0,960002,gripper_matched_fmax,0.7667465025419311,0.4085133764605555,0.2689075630252101,86.60254037844386,50.0
46859,0.0,459792,gripper_matched_fmax,0.9275130650695275,0.47545465559825584,0.0,104.28048397431391,60.2063654937946
46859,0.0,184966,gripper_matched_fmax,0.007401156472403219,0.17548048638618724,0.7983193277310925,104.28048397431391,60.2063654937946
46859,0.0,835839,gripper_matched_fmax,1.1897198402540796,0.38952689445081845,0.0,104.28048397431391,60.2063654937946
46859,0.0,715805,gripper_matched_fmax,0.9898654231430642,0.2964788427975091,0.0,104.28048397431391,60.2063654937946
46859,0.0,750252,gripper_matched_fmax,1.034268873671427,0.305488351910701,0.0,104.28048397431391,60.2063654937946
46859,0.0,908815,gripper_matched_fmax,0.0,0.18718432061419388,0.6810344827586207,104.28048397431391,60.2063654937946
46859,0.0,983949,gripper_matched_fmax,1.049974256563384,0.1973719752811144,0.0,104.28048397431391,60.2063654937946
46859,0.0,992789,gripper_matched_fmax,1.175487273269348,0.3569788844785593,0.0,104.28048397431391,60.2063654937946
46859,0.0,501700,gripper_matched_fmax,1.340588269213125,0.6224479025194948,0.0,104.28048397431391,60.2063654937946
46859,0.0,451799,gripper_matched_fmax,1.0634310797521904,0.5230924634536239,0.0,104.28048397431391,60.2063654937946
46859,5.0,779165,gripper_matched_fmax,1.084591927760461,0.3386047061325063,0.0,104.28048397431391,60.2063654937946
46859,5.0,574042,gripper_matched_fmax,1.0816331472993814,0.3837817373519551,0.0,104.28048397431391,60.2063654937946
46859,5.0,989885,gripper_matched_fmax,1.056766691945077,0.6591926895995377,0.0,104.28048397431391,60.2063654937946
46859,5.0,163031,gripper_matched_fmax,1.0817959695920065,0.18482469614059768,0.0,104.28048397431391,60.2063654937946
46859,5.0,538377,gripper_matched_fmax,1.0256734365622209,0.18174408334557887,0.0,104.28048397431391,60.2063654937946
46859,5.0,772695,gripper_matched_fmax,1.1401920052742776,0.35298589457437124,0.0,104.28048397431391,60.2063654937946
46859,5.0,476671,gripper_matched_fmax,0.9515253240468985,0.2690518513739152,0.0,104.28048397431391,60.2063654937946
46859,5.0,421430,gripper_matched_fmax,1.057277180759021,0.1082420528133746,0.0,104.28048397431391,60.2063654937946
46859,5.0,757264,gripper_matched_fmax,1.013370406838762,0.18717142102250875,0.0,104.28048397431391,60.2063654937946
46859,5.0,1033280,gripper_matched_fmax,1.0322326604518868,0.313900913858292,0.0,104.28048397431391,60.2063654937946
46859,10.0,196766,gripper_matched_fmax,1.0631300853274184,0.09722216589992973,0.0,104.28048397431391,60.2063654937946
46859,10.0,1035927,gripper_matched_fmax,1.1485235768724094,0.20156360909345236,0.0,104.28048397431391,60.2063654937946
46859,10.0,500447,gripper_matched_fmax,1.0537659395728782,0.30166547186697223,0.0,104.28048397431391,60.2063654937946
46859,10.0,970481,gripper_matched_fmax,0.9573167027846781,0.18467110361351596,0.0,104.28048397431391,60.2063654937946
46859,10.0,997779,gripper_matched_fmax,0.5601980442949576,0.14364474076075617,0.06086956521739131,104.28048397431391,60.2063654937946
46859,10.0,834363,gripper_matched_fmax,1.0765159823670356,0.2621384895942486,0.0,104.28048397431391,60.2063654937946
46859,10.0,881294,gripper_matched_fmax,1.2339309370331828,0.3319701842214596,0.07272727272727272,104.28048397431391,60.2063654937946
46859,10.0,660170,gripper_matched_fmax,1.1793521392268707,0.2951008683140068,0.0,104.28048397431391,60.2063654937946
46859,10.0,197001,gripper_matched_fmax,1.0246590404681875,0.20111330869839586,0.0,104.28048397431391,60.2063654937946
46859,10.0,591134,gripper_matched_fmax,0.9755220697719642,0.14526809434563032,0.0,104.28048397431391,60.2063654937946
46859,15.0,860641,gripper_matched_fmax,1.0983833554577023,0.21255062844916478,0.0,104.28048397431391,60.2063654937946
46859,15.0,784161,gripper_matched_fmax,0.0,0.3203257160008676,0.9181818181818182,104.28048397431391,60.2063654937946
46859,15.0,375911,gripper_matched_fmax,0.9885169120772005,0.33209422967724717,0.0,104.28048397431391,60.2063654937946
46859,15.0,200277,gripper_matched_fmax,0.9748506904550784,0.18457388372560132,0.0,104.28048397431391,60.2063654937946
46859,15.0,592754,gripper_matched_fmax,1.0791565449133582,0.2090509034006536,0.0,104.28048397431391,60.2063654937946
46859,15.0,636926,gripper_matched_fmax,1.0206576946330426,0.3483870850259855,0.0,104.28048397431391,60.2063654937946
46859,15.0,463680,gripper_matched_fmax,0.4850314082952837,0.296292323143572,0.41379310344827586,104.28048397431391,60.2063654937946
46859,15.0,850435,gripper_matched_fmax,1.0817468833174737,0.3821239490880151,0.0,104.28048397431391,60.2063654937946
46859,15.0,1085978,gripper_matched_fmax,0.9696994709057586,0.09152837479484635,0.0,104.28048397431391,60.2063654937946
46859,15.0,1033850,gripper_matched_fmax,0.9304303296212636,0.33825532210826076,0.0,104.28048397431391,60.2063654937946
46859,20.0,573199,gripper_matched_fmax,0.9111686896397518,0.16499218779051814,0.0,104.28048397431391,60.2063654937946
46859,20.0,267459,gripper_matched_fmax,1.00253932345284,0.2102025240683783,0.0,104.28048397431391,60.2063654937946
46859,20.0,564217,gripper_matched_fmax,0.9691719903320963,0.4432021489366311,0.0,104.28048397431391,60.2063654937946
46859,20.0,597262,gripper_matched_fmax,0.9713741503463484,0.22448380327380615,0.0,104.28048397431391,60.2063654937946
46859,20.0,927496,gripper_matched_fmax,1.4904628966296858,0.2723886994281143,0.2,104.28048397431391,60.2063654937946
46859,20.0,357030,gripper_matched_fmax,0.9667017845768033,0.26405537371841037,0.0,104.28048397431391,60.2063654937946
46859,20.0,568845,gripper_matched_fmax,0.9481698938878556,0.28468670993623024,0.0,104.28048397431391,60.2063654937946
46859,20.0,549026,gripper_matched_fmax,0.4042880443779928,0.1993420676886097,0.19827586206896552,104.28048397431391,60.2063654937946
46859,20.0,365162,gripper_matched_fmax,1.2442627370896937,0.40675547929641054,0.0,104.28048397431391,60.2063654937946
46859,20.0,234687,gripper_matched_fmax,1.521505363748005,0.8291874399247416,0.0,104.28048397431391,60.2063654937946
46859,30.0,955000,gripper_matched_fmax,0.4820245492526806,0.1717749457070602,0.34513274336283184,104.28048397431391,60.2063654937946
46859,30.0,1024049,gripper_matched_fmax,0.8889902285812747,0.22196337244725695,0.0,104.28048397431391,60.2063654937946
46859,30.0,1082109,gripper_matched_fmax,0.8548412685787623,0.1092686370551693,0.0,104.28048397431391,60.2063654937946
46859,30.0,818791,gripper_matched_fmax,0.16836551093419191,0.1802939832556451,0.40540540540540543,104.28048397431391,60.2063654937946
46859,30.0,934008,gripper_matched_fmax,0.0,0.6850038802091396,0.05042016806722689,104.28048397431391,60.2063654937946
46859,30.0,897205,gripper_matched_fmax,0.7565526532315928,0.41830617426430483,0.0,104.28048397431391,60.2063654937946
46859,30.0,209978,gripper_matched_fmax,0.9642517346021722,0.3012696962711904,0.0,104.28048397431391,60.2063654937946
46859,30.0,843624,gripper_matched_fmax,0.9595995866050674,0.3703008755452338,0.0,104.28048397431391,60.2063654937946
46859,30.0,1047078,gripper_matched_fmax,0.33734584660155903,0.3435809145903372,0.12280701754385964,104.28048397431391,60.2063654937946
46859,30.0,266080,gripper_matched_fmax,1.0124597395475845,0.6024680765887003,0.0,104.28048397431391,60.2063654937946
46859,45.0,429976,gripper_matched_fmax,0.9501204038053386,0.3467095290009037,0.0,104.28048397431391,60.2063654937946
46859,45.0,344381,gripper_matched_fmax,0.7663589209196151,0.1385083896178251,0.0,104.28048397431391,60.2063654937946
46859,45.0,991171,gripper_matched_fmax,0.7512459875316235,0.6268466952346393,0.0,104.28048397431391,60.2063654937946
46859,45.0,284339,gripper_matched_fmax,0.9455595123444731,0.5510456193998126,0.0,104.28048397431391,60.2063654937946
46859,45.0,681636,gripper_matched_fmax,0.13091042994887186,0.6238275999081174,0.06306306306306306,104.28048397431391,60.2063654937946
46859,45.0,418360,gripper_matched_fmax,1.1136916721791195,0.7001273191444775,0.0,104.28048397431391,60.2063654937946
46859,45.0,1043625,gripper_matched_fmax,0.6186865181159681,0.8913277351502759,0.0,104.28048397431391,60.2063654937946
46859,45.0,366594,gripper_matched_fmax,0.9589304686680445,0.2483250611046998,0.0,104.28048397431391,60.2063654937946
46859,45.0,734537,gripper_matched_fmax,0.5676927953016807,0.7438595026470061,0.0,104.28048397431391,60.2063654937946
46859,45.0,94316,gripper_matched_fmax,0.629103570386513,0.10940366112305011,0.0,104.28048397431391,60.2063654937946
47570,0.0,633067,gripper_matched_fmax,0.8023526036087764,0.11725953728291087,0.09482758620689655,103.03627321306075,59.488020075856454
47570,0.0,1020542,gripper_matched_fmax,0.7386921315213049,0.24977532598593663,0.1282051282051282,103.03627321306075,59.488020075856454
47570,0.0,1079499,gripper_matched_fmax,1.1274619682880813,0.14627109269796978,0.0,103.03627321306075,59.488020075856454
47570,0.0,618184,gripper_matched_fmax,0.9122868417055712,0.10435192332533441,0.0,103.03627321306075,59.488020075856454
47570,0.0,327012,gripper_matched_fmax,0.9067442085799632,0.1112741846554127,0.0,103.03627321306075,59.488020075856454
47570,0.0,833781,gripper_matched_fmax,0.8370769904612606,0.045166317721748825,0.06779661016949153,103.03627321306075,59.488020075856454
47570,0.0,749191,gripper_matched_fmax,0.9150219544931872,0.21124659454727565,0.0,103.03627321306075,59.488020075856454
47570,0.0,683051,gripper_matched_fmax,0.9137078343541696,0.0465474282052047,0.0,103.03627321306075,59.488020075856454
47570,0.0,732021,gripper_matched_fmax,0.0,0.18853606943554616,0.6548672566371682,103.03627321306075,59.488020075856454
47570,0.0,95661,gripper_matched_fmax,0.9149855621509355,0.12162766225845258,0.0,103.03627321306075,59.488020075856454
47570,5.0,117793,gripper_matched_fmax,0.9170751274064103,0.16927975481872384,0.0,103.03627321306075,59.488020075856454
47570,5.0,436034,gripper_matched_fmax,0.9243473052100758,0.045163018461256886,0.0,103.03627321306075,59.488020075856454
47570,5.0,275115,gripper_matched_fmax,0.9003286330619966,0.05569852328606664,0.0,103.03627321306075,59.488020075856454
47570,5.0,934221,gripper_matched_fmax,0.8952322680464265,0.10279023443287749,0.0,103.03627321306075,59.488020075856454
47570,5.0,244714,gripper_matched_fmax,0.7439543518339776,0.12694077267656517,0.13274336283185842,100.33478673904662,59.488020075856454
47570,5.0,259596,gripper_matched_fmax,0.764654349822994,0.17872785679412304,0.13793103448275862,103.03627321306075,59.488020075856454
47570,5.0,1017239,gripper_matched_fmax,0.08603319137705023,0.08950237105987612,0.045454545454545456,103.03627321306075,59.488020075856454
47570,5.0,171080,gripper_matched_fmax,1.529123178121608,0.15771903227623607,0.8928571428571429,103.03627321306075,59.488020075856454
47570,5.0,405563,gripper_matched_fmax,0.9227152928054838,0.0713429456734368,0.0,103.03627321306075,59.488020075856454
47570,5.0,1002146,gripper_matched_fmax,0.9103888448675371,0.03577228067603896,0.0,103.03627321306075,59.488020075856454
47570,10.0,139596,gripper_matched_fmax,1.0028407726473596,0.22949440254686881,0.0,103.03627321306075,59.488020075856454
47570,10.0,299381,gripper_matched_fmax,0.4213418334943645,0.09918006484212834,0.22807017543859648,103.03627321306075,59.488020075856454
47570,10.0,850971,gripper_matched_fmax,1.6,1.1385029202268284,0.0,103.03627321306075,59.488020075856454
47570,10.0,946960,gripper_matched_fmax,1.067242249012759,0.3299605362318579,0.0,103.03627321306075,59.488020075856454
47570,10.0,752292,gripper_matched_fmax,1.0850299517353372,0.275613150671397,0.0,103.03627321306075,59.488020075856454
47570,10.0,521151,gripper_matched_fmax,0.7087296957785538,0.1104788437990417,0.09243697478991597,103.03627321306075,59.488020075856454
47570,10.0,794162,gripper_matched_fmax,0.9597556411895103,0.33013557656706805,0.0,103.03627321306075,59.488020075856454
47570,10.0,207492,gripper_matched_fmax,0.8579533028564826,0.12668916188984441,0.0,103.03627321306075,59.488020075856454
47570,10.0,938968,gripper_matched_fmax,0.9310742785649059,0.048471732442390565,0.0,103.03627321306075,59.488020075856454
47570,10.0,792372,gripper_matched_fmax,0.8454557241341102,0.15082059196938338,0.0,103.03627321306075,59.488020075856454
47570,15.0,470113,gripper_matched_fmax,0.9353707401727231,0.3924105730990048,0.0,103.03627321306075,59.488020075856454
47570,15.0,870941,gripper_matched_fmax,0.3533478333380253,0.1263041516684994,0.5086206896551724,94.32283786489057,59.488020075856454
47570,15.0,563924,gripper_matched_fmax,0.2762345917397742,0.1765957913245094,0.631578947368421,103.03627321306075,59.488020075856454
47570,15.0,515063,gripper_matched_fmax,0.29202184567468165,0.1005513468086335,0.5084745762711864,103.03627321306075,59.488020075856454
47570,15.0,777407,gripper_matched_fmax,0.2664918908269871,0.056979653393022904,0.6363636363636364,87.29029807342545,59.488020075856454
47570,15.0,360454,gripper_matched_fmax,0.7612439158631229,0.1509885564014608,0.06956521739130435,103.03627321306075,59.488020075856454
47570,15.0,495659,gripper_matched_fmax,0.917374764172528,0.22536160718402207,0.0,103.03627321306075,59.488020075856454
47570,15.0,264503,gripper_matched_fmax,0.5715840913382272,0.05054863160873466,0.2689075630252101,103.03627321306075,59.488020075856454
47570,15.0,467520,gripper_matched_fmax,0.7287592535067681,0.18657146374935143,0.13043478260869565,103.03627321306075,59.488020075856454
47570,15.0,767353,gripper_matched_fmax,0.8195591778443313,0.16310921089054778,0.0,103.03627321306075,59.488020075856454
47570,20.0,388578,gripper_matched_fmax,0.5717423693519593,0.24628806350498927,0.09649122807017543,103.03627321306075,59.488020075856454
47570,20.0,729168,gripper_matched_fmax,0.7066193556114038,0.3293728033407124,0.10256410256410256,103.03627321306075,59.488020075856454
47570,20.0,674036,gripper_matched_fmax,0.2362962673752064,0.148546979101091,0.5945945945945946,103.03627321306075,59.488020075856454
47570,20.0,731955,gripper_matched_fmax,0.7746383376857162,0.20942552238464782,0.0,103.03627321306075,59.488020075856454
47570,20.0,613841,gripper_matched_fmax,0.0,0.35633698460563523,0.43243243243243246,103.03627321306075,59.488020075856454
47570,20.0,522911,gripper_matched_fmax,1.0089698943266459,0.30196755898143485,0.0,103.03627321306075,59.488020075856454
47570,20.0,92857,gripper_matched_fmax,0.9733544300958358,0.2842061399519868,0.0,103.03627321306075,59.488020075856454
47570,20.0,539134,gripper_matched_fmax,0.2551529934297615,0.1438222329939804,0.6120689655172413,103.03627321306075,59.488020075856454
47570,20.0,196763,gripper_matched_fmax,0.9567541341341783,0.5589982887839823,0.0,103.03627321306075,59.488020075856454
47570,20.0,557986,gripper_matched_fmax,0.7738723805165214,0.05113266169130829,0.0,103.03627321306075,59.488020075856454
47570,30.0,1073126,gripper_matched_fmax,0.047297547455975864,0.24465559116068325,0.0625,103.03627321306075,59.488020075856454
47570,30.0,1018560,gripper_matched_fmax,0.24449694753807916,0.21632640719760146,0.5350877192982456,103.03627321306075,59.488020075856454
47570,30.0,197213,gripper_matched_fmax,0.737474110200075,0.30629477048611126,0.06722689075630252,103.03627321306075,59.488020075856454
47570,30.0,397277,gripper_matched_fmax,0.0,0.6360807653696217,0.16379310344827586,103.03627321306075,59.488020075856454
47570,30.0,1043288,gripper_matched_fmax,0.26931376319724687,0.5899547372089888,0.6,103.03627321306075,59.488020075856454
47570,30.0,362312,gripper_matched_fmax,1.6,0.7991558550353332,0.0,103.03627321306075,59.488020075856454
47570,30.0,1052010,gripper_matched_fmax,0.7317462193905753,0.11166139477807442,0.0,103.03627321306075,59.488020075856454
47570,30.0,332326,gripper_matched_fmax,0.0,0.09166998798110604,0.7678571428571429,90.691388501608,59.488020075856454
47570,30.0,339242,gripper_matched_fmax,0.03486112517808956,0.41820746976839773,0.5798319327731093,103.03627321306075,59.488020075856454
47570,30.0,1001502,gripper_matched_fmax,0.08707952070134112,0.047257689568833645,0.7966101694915254,103.03627321306075,59.488020075856454
47570,45.0,386840,gripper_matched_fmax,0.027219163438313935,0.5870286927571265,0.0,103.03627321306075,59.488020075856454
47570,45.0,1079506,gripper_matched_fmax,0.6475780384738328,0.408298980614627,0.0,103.03627321306075,59.488020075856454
47570,45.0,626976,gripper_matched_fmax,0.7132337701654659,0.3510355183321724,0.0,103.03627321306075,59.488020075856454
47570,45.0,950012,gripper_matched_fmax,0.018881394499508507,0.08901334011595119,0.8173913043478261,92.42420207890261,59.488020075856454
47570,45.0,342963,gripper_matched_fmax,0.6508326317366268,0.2966192560286143,0.0,103.03627321306075,59.488020075856454
47570,45.0,146349,gripper_matched_fmax,0.5230026693009696,0.5257883708061588,0.15454545454545454,103.03627321306075,59.488020075856454
47570,45.0,762592,gripper_matched_fmax,0.0,0.33999960998366546,0.6581196581196581,103.03627321306075,59.488020075856454
47570,45.0,924002,gripper_matched_fmax,0.4793524183513972,0.48504916465505815,0.14912280701754385,103.03627321306075,59.488020075856454
47570,45.0,376463,gripper_matched_fmax,0.02230612264870016,0.049756870529237475,0.8389830508474576,103.03627321306075,59.488020075856454
47570,45.0,182998,gripper_matched_fmax,0.7325812788136207,0.0967920955460368,0.017699115044247787,103.03627321306075,59.488020075856454
48063,0.0,881273,gripper_matched_fmax,0.9889649944430957,0.029126268677939264,0.0,105.63895449695265,61.05860478984516
48063,0.0,700570,gripper_matched_fmax,0.9506668609162157,0.05515679623240938,0.0,105.75660573528025,61.05860478984516
48063,0.0,343679,gripper_matched_fmax,1.0323482882048238,0.07626484192548574,0.0,91.9574981379145,61.05860478984516
48063,0.0,1080598,gripper_matched_fmax,0.991965928066053,0.07352230374326621,0.0,105.75660573528025,61.05860478984516
48063,0.0,766044,gripper_matched_fmax,0.9468753915193626,0.028229211325787096,0.0,105.75660573528025,61.05860478984516
48063,0.0,216345,gripper_matched_fmax,0.9828788248104798,0.016713668443153334,0.0,105.75660573528025,61.05860478984516
48063,0.0,112743,gripper_matched_fmax,0.9786135111321715,0.03386668944859338,0.0,105.75660573528025,61.05860478984516
48063,0.0,696792,gripper_matched_fmax,1.0184671011485351,0.10596886253768269,0.0,105.75660573528025,61.05860478984516
48063,0.0,993539,gripper_matched_fmax,1.000341739949077,0.027757052955592096,0.0,105.75660573528025,61.05860478984516
48063,0.0,736789,gripper_matched_fmax,0.9812053066128011,0.042818608414639296,0.0,103.23385663050695,61.05860478984516
48063,5.0,575097,gripper_matched_fmax,0.916268317292734,0.019041029857349942,0.0,105.32936783867584,61.05860478984516
48063,5.0,456048,gripper_matched_fmax,0.9586927890321897,0.06970791010991645,0.0,105.75660573528025,61.05860478984516
48063,5.0,194020,gripper_matched_fmax,0.9581684003348532,0.03980783664642531,0.0,100.61240614778193,61.05860478984516
48063,5.0,925380,gripper_matched_fmax,0.9521950453234607,0.06852353221989095,0.0,105.75660573528025,61.05860478984516
48063,5.0,103512,gripper_matched_fmax,0.9163718716183611,0.018567179626988856,0.0,105.13090030354486,61.05860478984516
48063,5.0,425903,gripper_matched_fmax,0.9860244886693282,0.0669703616604596,0.0,94.29835419039469,61.05860478984516
48063,5.0,759515,gripper_matched_fmax,0.9396783253760548,0.06596783351257132,0.0,105.75660573528025,61.05860478984516
48063,5.0,616937,gripper_matched_fmax,0.9749001884126608,0.17966377710410644,0.0,105.75660573528025,61.05860478984516
48063,5.0,570918,gripper_matched_fmax,0.9952859008772368,0.0750783052605786,0.0,105.75660573528025,61.05860478984516
48063,5.0,640392,gripper_matched_fmax,0.9871662238264673,0.04178002324100181,0.0,105.75660573528025,61.05860478984516
48063,10.0,1037127,gripper_matched_fmax,0.3615439492142159,0.037490815950301425,0.5652173913043478,87.76318822204291,61.05860478984516
48063,10.0,522769,gripper_matched_fmax,0.917831861627081,0.058744180130121074,0.0,105.75660573528025,61.05860478984516
48063,10.0,827082,gripper_matched_fmax,0.4230890220584556,0.01530722589083951,0.4574468085106383,88.44377604536649,61.05860478984516
48063,10.0,138286,gripper_matched_fmax,0.9558648433233651,0.23451520927079153,0.0,105.75660573528025,61.05860478984516
48063,10.0,690848,gripper_matched_fmax,0.9526559023950223,0.06067752968954231,0.0,105.75660573528025,61.05860478984516
48063,10.0,1063725,gripper_matched_fmax,0.9529985166715634,0.09507612733486097,0.0,105.75660573528025,61.05860478984516
48063,10.0,1085728,gripper_matched_fmax,0.3339362926269975,0.03713328279284739,0.5913978494623656,92.83107811380515,61.05860478984516
48063,10.0,962108,gripper_matched_fmax,1.061353789075093,0.09166161915896269,0.0,105.07728843723568,61.05860478984516
48063,10.0,887051,gripper_matched_fmax,0.9558088324992986,0.3573151959863703,0.0,105.75660573528025,61.05860478984516
48063,10.0,459830,gripper_matched_fmax,0.3306854922668554,0.02923561131183009,0.5684210526315789,88.7887333500098,61.05860478984516
48063,15.0,356021,gripper_matched_fmax,1.1115370880916309,0.1656025377259954,0.0,105.75660573528025,61.05860478984516
48063,15.0,394008,gripper_matched_fmax,1.053388820817603,0.0669794293475507,0.0,105.75660573528025,61.05860478984516
48063,15.0,96794,gripper_matched_fmax,0.834018979998097,0.029354812163652294,0.0,92.05783801466977,61.05860478984516
48063,15.0,1055675,gripper_matched_fmax,0.9307135151935503,0.09079416202330882,0.0,104.05485248398845,61.05860478984516
48063,15.0,230566,gripper_matched_fmax,0.2711727424490912,0.2662551513717199,0.3258426966292135,93.77859762506128,61.05860478984516
48063,15.0,788405,gripper_matched_fmax,1.0105309361411456,0.18383324850602362,0.0,105.75660573528025,61.05860478984516
48063,15.0,216419,gripper_matched_fmax,0.9712119876957008,0.1329656710651295,0.0,100.74472540264168,61.05860478984516
48063,15.0,842897,gripper_matched_fmax,0.9062005436313041,0.08316299708099155,0.0,92.33696700891143,61.05860478984516
48063,15.0,788908,gripper_matched_fmax,0.8724061645635472,0.06092889060095264,0.0,101.12943792945164,61.05860478984516
48063,15.0,1027760,gripper_matched_fmax,0.3515588422260714,0.02873885905437696,0.59375,88.38933370550116,61.05860478984516
48063,20.0,437942,gripper_matched_fmax,0.34779720836179495,0.03763076044442136,0.6129032258064516,87.83845510487564,61.05860478984516
48063,20.0,519444,gripper_matched_fmax,1.049276805231406,0.17491904119827106,0.0,105.75660573528025,61.05860478984516
48063,20.0,659366,gripper_matched_fmax,0.9183459092085312,0.18541305061243532,0.0,105.75660573528025,61.05860478984516
48063,20.0,377679,gripper_matched_fmax,0.9139045449493078,0.14771633260084088,0.0,97.9863911145353,61.05860478984516
48063,20.0,169015,gripper_matched_fmax,0.8444000414856797,0.14671943546292998,0.0,105.75660573528025,61.05860478984516
48063,20.0,861574,gripper_matched_fmax,1.010387998286173,0.20050407710798915,0.0,105.75660573528025,61.05860478984516
48063,20.0,288804,gripper_matched_fmax,0.1219799955772622,0.03230666722410628,0.7912087912087912,86.69211963044663,61.05860478984516
48063,20.0,863684,gripper_matched_fmax,0.7826999684737247,0.1940204449101313,0.0,100.32412897061214,61.05860478984516
48063,20.0,947575,gripper_matched_fmax,0.9962655313669385,0.040398751341935095,0.0,105.75660573528025,61.05860478984516
48063,20.0,575336,gripper_matched_fmax,1.0125992501581822,0.11596327277351305,0.0,105.75660573528025,61.05860478984516
48063,30.0,144513,gripper_matched_fmax,0.01771990188335153,0.3425982158221163,0.4574468085106383,88.64705207034623,61.05860478984516
48063,30.0,686624,gripper_matched_fmax,1.079628744455139,0.5451943354335935,0.0,105.75660573528025,61.05860478984516
48063,30.0,497339,gripper_matched_fmax,0.936270367118141,0.3263985962000777,0.0,105.75660573528025,61.05860478984516
48063,30.0,873012,gripper_matched_fmax,0.949414981876234,0.1940498195290637,0.0,105.75660573528025,61.05860478984516
48063,30.0,712322,gripper_matched_fmax,0.665186430359949,0.11602008114006465,0.0,105.75660573528025,61.05860478984516
48063,30.0,149759,gripper_matched_fmax,0.9328240211442761,0.32214405718885936,0.0,105.75660573528025,61.05860478984516
48063,30.0,360347,gripper_matched_fmax,0.9594713137038879,0.21528698932136905,0.0,105.75660573528025,61.05860478984516
48063,30.0,917703,gripper_matched_fmax,0.8612069433570536,0.23482389551557387,0.0,102.64422831175841,61.05860478984516
48063,30.0,587954,gripper_matched_fmax,0.12894279605812894,0.06670509718129614,0.7835051546391752,89.52081059989561,61.05860478984516
48063,30.0,322863,gripper_matched_fmax,0.0,0.1846278722574072,0.6444444444444445,87.7745752195752,61.05860478984516
48063,45.0,712643,gripper_matched_fmax,0.7009521426489134,0.4668715621172712,0.0,99.92318688560758,61.05860478984516
48063,45.0,1047670,gripper_matched_fmax,0.7823563513705976,0.4537156409593099,0.0,105.75660573528025,61.05860478984516
48063,45.0,554331,gripper_matched_fmax,0.9189454952042376,0.1917751014386669,0.0,105.75660573528025,61.05860478984516
48063,45.0,627946,gripper_matched_fmax,0.0,0.05210456163035602,0.8522727272727273,94.74816506181536,61.05860478984516
48063,45.0,661342,gripper_matched_fmax,0.9859086618228986,0.21285096816099447,0.0,105.75660573528025,61.05860478984516
48063,45.0,185423,gripper_matched_fmax,0.11765106874027924,0.06467846940935629,0.7582417582417582,89.18326467192163,61.05860478984516
48063,45.0,870061,gripper_matched_fmax,0.3268208437743019,0.020671735657018356,0.0,89.02068374203539,61.05860478984516
48063,45.0,707053,gripper_matched_fmax,0.9108591906827147,0.10054434065448872,0.0,105.75660573528025,61.05860478984516
48063,45.0,183471,gripper_matched_fmax,0.1322810941514575,0.03871022939245579,0.8111111111111111,88.1635166584511,61.05860478984516
48063,45.0,356217,gripper_matched_fmax,1.0710290615597575,0.17531079174422448,0.0,105.75660573528025,61.05860478984516
48379,0.0,389244,gripper_matched_fmax,0.9944952782030047,0.13709419064717696,0.0,98.14393219093003,56.663425669761835
48379,0.0,160232,gripper_matched_fmax,0.4070112891428712,0.4502042362304332,0.0,98.14393219093003,56.663425669761835
48379,0.0,1054452,gripper_matched_fmax,1.1829636725008277,0.3104103475835611,0.0,98.14393219093003,56.663425669761835
48379,0.0,728022,gripper_matched_fmax,1.1437906414236612,0.6596130454821422,0.0,98.14393219093003,56.663425669761835
48379,0.0,753132,gripper_matched_fmax,0.0,0.17084262498125724,0.5135135135135135,98.14393219093003,56.663425669761835
48379,0.0,986831,gripper_matched_fmax,0.8851784349025311,0.3771393355429449,0.0,98.14393219093003,56.663425669761835
48379,0.0,535577,gripper_matched_fmax,0.8842658899911247,0.26705064478165896,0.0,98.14393219093003,56.663425669761835
48379,0.0,1057192,gripper_matched_fmax,0.0,0.20946205545862842,0.5217391304347826,98.14393219093003,56.663425669761835
48379,0.0,489386,gripper_matched_fmax,1.134915538270181,0.3394079128202036,0.0,98.14393219093003,56.663425669761835
48379,0.0,796274,gripper_matched_fmax,1.1488781147906326,0.43372028815976893,0.0,98.14393219093003,56.663425669761835
48379,5.0,667690,gripper_matched_fmax,1.2058478697662367,0.30454812200581466,0.0,98.14393219093003,56.663425669761835
48379,5.0,454311,gripper_matched_fmax,1.0733046539666486,0.4429352771792213,0.0,98.14393219093003,56.663425669761835
48379,5.0,606952,gripper_matched_fmax,1.0815059547754566,0.18140545359340512,0.0,98.14393219093003,56.663425669761835
48379,5.0,356164,gripper_matched_fmax,1.0858747642608928,0.23321515800614248,0.0,98.14393219093003,56.663425669761835
48379,5.0,894934,gripper_matched_fmax,0.026420859030228217,0.275617351756322,0.5169491525423728,98.14393219093003,56.663425669761835
48379,5.0,877846,gripper_matched_fmax,1.0539903324995417,0.22712543099629318,0.0,98.14393219093003,56.663425669761835
48379,5.0,289891,gripper_matched_fmax,1.2672433539520493,0.6393083274744522,0.0,98.14393219093003,56.663425669761835
48379,5.0,104048,gripper_matched_fmax,0.8675138663142591,0.5485344458092992,0.0,98.14393219093003,56.663425669761835
48379,5.0,283284,gripper_matched_fmax,0.8038947686172301,0.6382735662629685,0.0,98.14393219093003,56.663425669761835
48379,5.0,392210,gripper_matched_fmax,1.210575215451167,0.7246492671205929,0.6949152542372882,98.14393219093003,56.663425669761835
48379,10.0,949444,gripper_matched_fmax,1.527675073103181,0.48308857674815947,0.0,98.14393219093003,56.663425669761835
48379,10.0,1026895,gripper_matched_fmax,1.2987787953441623,0.3782791947531909,0.0,98.14393219093003,56.663425669761835
48379,10.0,729282,gripper_matched_fmax,0.0,0.26010132820118287,0.4358974358974359,98.14393219093003,56.663425669761835
48379,10.0,1049204,gripper_matched_fmax,1.0941076138046424,0.4205975345835644,0.0,98.14393219093003,56.663425669761835
48379,10.0,554401,gripper_matched_fmax,1.037825420102339,0.4217954084948696,0.0,98.14393219093003,56.663425669761835
48379,10.0,690180,gripper_matched_fmax,1.2555935454614162,0.23723252964692543,0.0,98.14393219093003,56.663425669761835
48379,10.0,226083,gripper_matched_fmax,1.4849790129954918,0.44088973195705367,0.7304347826086957,98.14393219093003,56.663425669761835
48379,10.0,968176,gripper_matched_fmax,1.2095191834142447,0.265135775255012,0.0,98.14393219093003,56.663425669761835
48379,10.0,719967,gripper_matched_fmax,0.833815432346791,0.3955078061285114,0.0,98.14393219093003,56.663425669761835
48379,10.0,797789,gripper_matched_fmax,1.28313255182819,0.18357627238977844,0.0,98.14393219093003,56.663425669761835
48379,15.0,982253,gripper_matched_fmax,1.1532965384301428,0.25561335604792107,0.0,98.14393219093003,56.663425669761835
48379,15.0,425980,gripper_matched_fmax,1.2809507322989624,0.44833246194303605,0.0,98.14393219093003,56.663425669761835
48379,15.0,976416,gripper_matched_fmax,1.3546840474782675,0.347934028243573,0.0,98.14393219093003,56.663425669761835
48379,15.0,212355,gripper_matched_fmax,0.0,0.2704008845537036,0.7692307692307693,98.14393219093003,56.663425669761835
48379,15.0,757587,gripper_matched_fmax,1.272515487356646,0.35969670948842614,0.0,98.14393219093003,56.663425669761835
48379,15.0,523462,gripper_matched_fmax,0.8983696398084894,0.3321448691891037,0.0,98.14393219093003,56.663425669761835
48379,15.0,395171,gripper_matched_fmax,0.2233072162677562,0.36025730527100475,0.6239316239316239,98.14393219093003,56.663425669761835
48379,15.0,402592,gripper_matched_fmax,0.9067863837521355,0.19860488174177401,0.0,98.14393219093003,56.663425669761835
48379,15.0,918476,gripper_matched_fmax,0.9665374747241596,0.2223507150878262,0.0,98.14393219093003,56.663425669761835
48379,15.0,384931,gripper_matched_fmax,0.9258515425927416,0.2808224725041549,0.0,98.14393219093003,56.663425669761835
48379,20.0,518408,gripper_matched_fmax,1.3303346402986118,0.32536605389798373,0.6106194690265486,98.14393219093003,56.663425669761835
48379,20.0,1041467,gripper_matched_fmax,0.9125084902494114,0.3424928914517826,0.0,98.14393219093003,56.663425669761835
48379,20.0,396644,gripper_matched_fmax,0.9832984031517685,0.2815987650273526,0.0,98.14393219093003,56.663425669761835
48379,20.0,927601,gripper_matched_fmax,0.8064002055434827,0.2560850097061835,0.0,98.14393219093003,56.663425669761835
48379,20.0,1039064,gripper_matched_fmax,1.291699692716333,0.22075474181735155,0.0,98.14393219093003,56.663425669761835
48379,20.0,912039,gripper_matched_fmax,0.0,0.4558423367149561,0.0,98.14393219093003,56.663425669761835
48379,20.0,268630,gripper_matched_fmax,1.375555999180764,0.2283823229109996,0.0,98.14393219093003,56.663425669761835
48379,20.0,577854,gripper_matched_fmax,0.6859472752797788,0.23757172790119357,0.0,98.14393219093003,56.663425669761835
48379,20.0,966897,gripper_matched_fmax,1.0233665812483983,0.788064701615756,0.008403361344537815,98.14393219093003,56.663425669761835
48379,20.0,828573,gripper_matched_fmax,1.2559186240166131,0.30128472388883765,0.0,98.14393219093003,56.663425669761835
48379,30.0,409279,gripper_matched_fmax,0.19260759311599515,0.49645818146613996,0.4,98.14393219093003,56.663425669761835
48379,30.0,224331,gripper_matched_fmax,0.7216867079922098,0.4030567407566968,0.0,98.14393219093003,56.663425669761835
48379,30.0,476912,gripper_matched_fmax,0.1572531947845122,0.4455343968186183,0.0,98.14393219093003,56.663425669761835
48379,30.0,246020,gripper_matched_fmax,0.4909283709597399,0.47594764780798876,0.0,98.14393219093003,56.663425669761835
48379,30.0,728613,gripper_matched_fmax,0.6037524687250246,0.2970481361399875,0.0,98.14393219093003,56.663425669761835
48379,30.0,602117,gripper_matched_fmax,0.8031922857662165,0.41291956855388895,0.0,98.14393219093003,56.663425669761835
48379,30.0,198760,gripper_matched_fmax,1.5044699804166515,0.5499378057777243,0.1271186440677966,98.14393219093003,56.663425669761835
48379,30.0,1026429,gripper_matched_fmax,1.5414600044024724,0.2784640134685354,0.0,98.14393219093003,56.663425669761835
48379,30.0,759194,gripper_matched_fmax,1.0006553350928389,0.4128172164486639,0.0,98.14393219093003,56.663425669761835
48379,30.0,1075767,gripper_matched_fmax,0.0,0.8857156371906886,0.3482142857142857,98.14393219093003,56.663425669761835
48379,45.0,1070296,gripper_matched_fmax,0.05376576303581459,1.0006821971912911,0.008403361344537815,98.14393219093003,56.663425669761835
48379,45.0,782252,gripper_matched_fmax,1.2042902979884251,0.7656123481359723,0.0,98.14393219093003,56.663425669761835
48379,45.0,956587,gripper_matched_fmax,1.5420258072804824,0.4507866372242135,0.38181818181818183,98.14393219093003,56.663425669761835
48379,45.0,1053563,gripper_matched_fmax,0.0043448040042716575,0.3967610979890762,0.0,98.14393219093003,56.663425669761835
48379,45.0,956349,gripper_matched_fmax,1.5233470165977478,0.44948026324824764,0.11403508771929824,98.14393219093003,56.663425669761835
48379,45.0,605540,gripper_matched_fmax,0.7650512921486086,0.372934998090001,0.0,98.14393219093003,56.663425669761835
48379,45.0,868561,gripper_matched_fmax,1.4352256043234237,0.4621966324287797,0.5517241379310345,98.14393219093003,56.663425669761835
48379,45.0,720458,gripper_matched_fmax,1.5347012431645335,0.6614722332518899,0.0,98.14393219093003,56.663425669761835
48379,45.0,1032076,gripper_matched_fmax,1.518170086716036,0.7121340976545155,0.0,98.14393219093003,56.663425669761835
48379,45.0,682828,gripper_matched_fmax,1.5134231351676684,0.8244741966576123,0.0,98.14393219093003,56.663425669761835
48452,0.0,100593,gripper_matched_fmax,1.1884090466587365,0.19566292881547848,0.3333333333333333,149.1637728866733,86.11974442946105
48452,0.0,453059,gripper_matched_fmax,1.1643496541839904,0.19089674480266497,0.8508771929824561,149.1637728866733,86.11974442946105
48452,0.0,355340,gripper_matched_fmax,0.9480870475668193,0.07509171575949601,0.0,149.1637728866733,86.11974442946105
48452,0.0,223975,gripper_matched_fmax,1.0366487940419757,0.13239483050065826,0.0,149.1637728866733,86.11974442946105
48452,0.0,424689,gripper_matched_fmax,1.0407314987703415,0.21140213069780198,0.0,149.1637728866733,86.11974442946105
48452,0.0,433770,gripper_matched_fmax,1.1923933282324766,0.12178186778473173,0.7477477477477478,149.1637728866733,86.11974442946105
48452,0.0,568703,gripper_matched_fmax,0.9539885475833347,0.1609615485733047,0.0,149.1637728866733,86.11974442946105
48452,0.0,176996,gripper_matched_fmax,0.9969002127111471,0.09583247293702966,0.0,149.1637728866733,86.11974442946105
48452,0.0,276285,gripper_matched_fmax,1.0541985427448681,0.06697902261686166,0.0,149.1637728866733,86.11974442946105
48452,0.0,410478,gripper_matched_fmax,1.0581140540464207,0.08221922721828401,0.0,149.1637728866733,86.11974442946105
48452,5.0,472952,gripper_matched_fmax,0.9950148678212434,0.10874860927780418,0.0,149.1637728866733,86.11974442946105
48452,5.0,1047432,gripper_matched_fmax,1.0895044556405635,0.11887758677357438,0.0,149.1637728866733,86.11974442946105
48452,5.0,491833,gripper_matched_fmax,1.0730773064385777,0.15710999630792727,0.0,149.1637728866733,86.11974442946105
48452,5.0,269220,gripper_matched_fmax,0.02727185383138156,0.06700023888757584,0.1092436974789916,149.1637728866733,86.11974442946105
48452,5.0,533314,gripper_matched_fmax,1.007329859681569,0.09859957358880667,0.0,149.1637728866733,86.11974442946105
48452,5.0,525484,gripper_matched_fmax,0.9696650286157741,0.07082745954245231,0.0,149.1637728866733,86.11974442946105
48452,5.0,279598,gripper_matched_fmax,1.0229977271083492,0.08493020438510986,0.0,149.1637728866733,86.11974442946105
48452,5.0,621344,gripper_matched_fmax,0.9399312063403725,0.25245043383503,0.0,149.1637728866733,86.11974442946105
48452,5.0,385375,gripper_matched_fmax,0.8143204537238762,0.5754905363338735,0.0,149.1637728866733,86.11974442946105
48452,5.0,618224,gripper_matched_fmax,0.9186079395006023,0.12307213168194504,0.0,149.1637728866733,86.11974442946105
48452,10.0,797160,gripper_matched_fmax,0.07773156486726875,0.12847743642522788,0.43859649122807015,149.1637728866733,86.11974442946105
48452,10.0,969131,gripper_matched_fmax,0.7711082886856225,0.29035674649444343,0.0,149.1637728866733,86.11974442946105
48452,10.0,543658,gripper_matched_fmax,1.329118061685118,0.09550740415848802,0.5929203539823009,149.1637728866733,86.11974442946105
48452,10.0,762386,gripper_matched_fmax,0.5283273296220463,0.2055161876492888,0.29914529914529914,140.8418190256262,86.11974442946105
48452,10.0,462647,gripper_matched_fmax,0.13656321617104572,0.22714479802716236,0.42727272727272725,149.1637728866733,86.11974442946105
48452,10.0,267743,gripper_matched_fmax,1.0069499902481414,0.4145221522183206,0.0,149.1637728866733,86.11974442946105
48452,10.0,717780,gripper_matched_fmax,0.9876294251671781,0.11888774819942893,0.0,149.1637728866733,86.11974442946105
48452,10.0,271637,gripper_matched_fmax,0.0,0.08620866715787702,0.18181818181818182,149.1637728866733,86.11974442946105
48452,10.0,249323,gripper_matched_fmax,0.04687023227277416,0.17425199536656338,0.15178571428571427,149.1637728866733,86.11974442946105
48452,10.0,1046602,gripper_matched_fmax,1.1169910920260044,0.23628123998360231,0.0,149.1637728866733,86.11974442946105
48452,15.0,776626,gripper_matched_fmax,0.9960617534215112,0.42998685575871193,0.0,149.1637728866733,86.11974442946105
48452,15.0,511406,gripper_matched_fmax,1.0490159131936128,0.17341285298858194,0.0,149.1637728866733,86.11974442946105
48452,15.0,194943,gripper_matched_fmax,0.24547419401830853,0.17722713005856255,0.5882352941176471,149.1637728866733,86.11974442946105
48452,15.0,757662,gripper_matched_fmax,0.0015614635707537372,0.43872307575166336,0.22413793103448276,149.1637728866733,86.11974442946105
48452,15.0,273559,gripper_matched_fmax,0.0,0.2017515154032936,0.9732142857142857,144.1662279667154,86.11974442946105
48452,15.0,144460,gripper_matched_fmax,0.946203849118125,0.2730172688265307,0.0,149.1637728866733,86.11974442946105
48452,15.0,654120,gripper_matched_fmax,0.9022292554214534,0.21050724037464402,0.0,149.1637728866733,86.11974442946105
48452,15.0,685637,gripper_matched_fmax,1.1840601384380969,0.1584000750458615,0.0,149.1637728866733,86.11974442946105
48452,15.0,1005863,gripper_matched_fmax,0.9474850691283678,0.2247112251602429,0.0,149.1637728866733,86.11974442946105
48452,15.0,478176,gripper_matched_fmax,1.6,0.1614684079706705,0.5225225225225225,149.1637728866733,86.11974442946105
48452,20.0,630671,gripper_matched_fmax,1.6,0.215745110182124,0.3805309734513274,149.1637728866733,86.11974442946105
48452,20.0,347472,gripper_matched_fmax,1.6,0.1331884297104217,0.7777777777777778,149.1637728866733,86.11974442946105
48452,20.0,336104,gripper_matched_fmax,1.3164609571422015,0.16300827470252247,0.6134453781512605,149.1637728866733,86.11974442946105
48452,20.0,956092,gripper_matched_fmax,1.0237610320350228,0.40001027929547534,0.0,149.1637728866733,86.11974442946105
48452,20.0,632811,gripper_matched_fmax,0.9030281107271049,0.1241863204334092,0.7543859649122807,143.8697399507015,86.11974442946105
48452,20.0,681375,gripper_matched_fmax,0.0,0.20281649071215596,0.9819819819819819,126.36531760258072,86.11974442946105
48452,20.0,899583,gripper_matched_fmax,0.2239331041844905,0.08491669695499454,0.646551724137931,149.1637728866733,86.11974442946105
48452,20.0,817208,gripper_matched_fmax,1.0405459986826155,0.2823228143552158,0.0,149.1637728866733,86.11974442946105
48452,20.0,599945,gripper_matched_fmax,1.0791284860894763,0.4427594111498476,0.0,149.1637728866733,86.11974442946105
48452,20.0,287958,gripper_matched_fmax,0.34087696868622114,0.3023157579894384,0.5892857142857143,149.1637728866733,86.11974442946105
48452,30.0,877259,gripper_matched_fmax,0.23305747160014006,0.08332178380032237,0.635593220338983,126.23430038949186,86.11974442946105
48452,30.0,857550,gripper_matched_fmax,0.0,0.6509456233982953,0.0,149.1637728866733,86.11974442946105
48452,30.0,223101,gripper_matched_fmax,0.6366321416098598,0.3754122729345689,0.0,149.1637728866733,86.11974442946105
48452,30.0,98679,gripper_matched_fmax,0.14929770460384964,0.22447450352625373,0.2773109243697479,149.1637728866733,86.11974442946105
48452,30.0,518220,gripper_matched_fmax,1.1888458816168157,0.12900323734337674,0.0,149.1637728866733,86.11974442946105
48452,30.0,1079431,gripper_matched_fmax,0.2317536381945828,0.1473376327375038,0.31932773109243695,149.1637728866733,86.11974442946105
48452,30.0,235341,gripper_matched_fmax,1.2969680343313768,0.5124172136255706,0.0,149.1637728866733,86.11974442946105
48452,30.0,936547,gripper_matched_fmax,0.0,0.3158606749927331,0.5043478260869565,149.1637728866733,86.11974442946105
48452,30.0,784077,gripper_matched_fmax,0.5308019151589386,0.17410364417898094,0.0,149.1637728866733,86.11974442946105
48452,30.0,476799,gripper_matched_fmax,1.0634473525778412,0.25183158547064866,0.0,149.1637728866733,86.11974442946105
48452,45.0,754041,gripper_matched_fmax,0.0,0.7047403287089357,0.2413793103448276,149.1637728866733,86.11974442946105
48452,45.0,356353,gripper_matched_fmax,0.3080380481068174,0.32566098627310275,0.5964912280701754,149.1637728866733,86.11974442946105
48452,45.0,691403,gripper_matched_fmax,1.1652429177284918,0.1423238646196407,0.0,149.1637728866733,86.11974442946105
48452,45.0,154061,gripper_matched_fmax,1.6,0.9020124898313526,0.0,149.1637728866733,86.11974442946105
48452,45.0,756176,gripper_matched_fmax,1.248487281958004,0.6451772991652661,0.0,149.1637728866733,86.11974442946105
48452,45.0,508323,gripper_matched_fmax,0.9640856662928614,0.710961127117517,0.0,149.1637728866733,86.11974442946105
48452,45.0,1071208,gripper_matched_fmax,0.6606929080005014,0.5505547422601383,0.0,149.1637728866733,86.11974442946105
48452,45.0,792516,gripper_matched_fmax,0.7376301323502886,1.0988069249006178,0.0,149.1637728866733,86.11974442946105
48452,45.0,587158,gripper_matched_fmax,0.22168359016113448,0.18886331632938141,0.3392857142857143,149.1637728866733,86.11974442946105
48452,45.0,408457,gripper_matched_fmax,0.7712250601611099,0.19174144850687183,0.9663865546218487,148.85097946543942,86.11974442946105
7167,0.0,420274,gripper_matched_fmax,0.945398271092096,0.042501470220706,0.0,148.56071241435086,85.77156730342804
7167,0.0,147166,gripper_matched_fmax,0.9491231410813274,0.0438977608803277,0.0,148.56071241435086,85.77156730342804
7167,0.0,692925,gripper_matched_fmax,0.9508769668416088,0.043772323688198125,0.0,148.56071241435086,85.77156730342804
7167,0.0,598051,gripper_matched_fmax,0.9468947291401489,0.04303960215252623,0.0,148.56071241435086,85.77156730342804
7167,0.0,534952,gripper_matched_fmax,0.9464100830159984,0.04177850821062754,0.0,148.56071241435086,85.77156730342804
7167,0.0,395982,gripper_matched_fmax,0.9464665976890412,0.04346487540393375,0.0,148.56071241435086,85.77156730342804
7167,0.0,552159,gripper_matched_fmax,0.9398439203348781,0.04144739142566737,0.0,148.56071241435086,85.77156730342804
7167,0.0,102548,gripper_matched_fmax,0.9497074454969049,0.04008575858707359,0.0,148.56071241435086,85.77156730342804
7167,0.0,751625,gripper_matched_fmax,0.9411106401640852,0.04111994580554243,0.0,148.56071241435086,85.77156730342804
7167,0.0,653682,gripper_matched_fmax,0.9486396089273026,0.04132086832534316,0.0,148.56071241435086,85.77156730342804
7167,5.0,324013,gripper_matched_fmax,0.9210651851716938,0.10230347463166309,0.0,148.56071241435086,85.77156730342804
7167,5.0,925350,gripper_matched_fmax,0.96868076000874,0.02780242676775342,0.0,148.56071241435086,85.77156730342804
7167,5.0,762722,gripper_matched_fmax,0.6907555940629231,0.03634013653144739,0.23076923076923078,148.56071241435086,85.77156730342804
7167,5.0,857141,gripper_matched_fmax,0.9207796736130293,0.06473303752787207,0.0,148.56071241435086,85.77156730342804
7167,5.0,815159,gripper_matched_fmax,0.9246093262730666,0.06165095919022918,0.0,148.56071241435086,85.77156730342804
7167,5.0,370045,gripper_matched_fmax,0.6852567737464932,0.031846627643246236,0.23008849557522124,148.56071241435086,85.77156730342804
7167,5.0,577916,gripper_matched_fmax,0.9234236043136252,0.08865720382488623,0.0,148.56071241435086,85.77156730342804
7167,5.0,983020,gripper_matched_fmax,0.7392355320437225,0.029323011839133304,0.20535714285714285,148.56071241435086,85.77156730342804
7167,5.0,895049,gripper_matched_fmax,0.9788424982968907,0.03660727339330399,0.0,143.54338731837495,85.77156730342804
7167,5.0,289289,gripper_matched_fmax,0.9155335919846767,0.05532850324243155,0.0,148.56071241435086,85.77156730342804
7167,10.0,674164,gripper_matched_fmax,1.0516734754131947,0.08995493101173105,0.0,148.56071241435086,85.77156730342804
7167,10.0,970012,gripper_matched_fmax,0.870682677933046,0.06978338766092128,0.0,148.56071241435086,85.77156730342804
7167,10.0,1075604,gripper_matched_fmax,0.419136284509959,0.057017830648650236,0.5169491525423728,135.07816485559715,85.77156730342804
7167,10.0,493444,gripper_matched_fmax,0.8427247437268355,0.03206177686427397,0.01818181818181818,148.56071241435086,85.77156730342804
7167,10.0,941177,gripper_matched_fmax,0.9865787565583565,0.062434070539759356,0.0,148.56071241435086,85.77156730342804
7167,10.0,458579,gripper_matched_fmax,0.7658312033848396,0.0307113631718635,0.10344827586206896,148.56071241435086,85.77156730342804
7167,10.0,187708,gripper_matched_fmax,0.3132235667335373,0.06730420230029725,0.6302521008403361,131.87169920814088,85.77156730342804
7167,10.0,262992,gripper_matched_fmax,1.0030772582129444,0.04758633240112933,0.0,148.56071241435086,85.77156730342804
7167,10.0,125528,gripper_matched_fmax,0.9172290281087937,0.22150172545144783,0.0,148.56071241435086,85.77156730342804
7167,10.0,236946,gripper_matched_fmax,0.9475518145335835,0.16224371707966426,0.0,148.56071241435086,85.77156730342804
7167,15.0,746839,gripper_matched_fmax,0.9598379260980494,0.08697944367575934,0.0,148.56071241435086,85.77156730342804
7167,15.0,793512,gripper_matched_fmax,0.19966393168831648,0.0639833378133638,0.7327586206896551,132.40456730757404,85.77156730342804
7167,15.0,435591,gripper_matched_fmax,0.21728732153946234,0.06165106913712338,0.7264957264957265,131.02673429067792,85.77156730342804
7167,15.0,454548,gripper_matched_fmax,0.8323329320560847,0.13982850767438545,0.0,148.56071241435086,85.77156730342804
7167,15.0,1008269,gripper_matched_fmax,0.825622145493876,0.041303985526493045,0.0,148.56071241435086,85.77156730342804
7167,15.0,940109,gripper_matched_fmax,0.944255428087186,0.23655881770060688,0.0,148.56071241435086,85.77156730342804
7167,15.0,456368,gripper_matched_fmax,1.0224765406177698,0.04643934582892344,0.0,148.56071241435086,85.77156730342804
7167,15.0,237245,gripper_matched_fmax,0.2169530896236915,0.06971099211078814,0.7391304347826086,130.6697291838253,85.77156730342804
7167,15.0,750615,gripper_matched_fmax,0.9822184377940039,0.06227657516644985,0.0,148.56071241435086,85.77156730342804
7167,15.0,692444,gripper_matched_fmax,0.8220667839219624,0.04528944010443775,0.0,147.95971576579635,85.77156730342804
7167,20.0,459276,gripper_matched_fmax,1.004327650929241,0.12665853315085224,0.0,148.56071241435086,85.77156730342804
7167,20.0,686458,gripper_matched_fmax,0.7288963629600109,0.07328844556991003,0.21929824561403508,148.56071241435086,85.77156730342804
7167,20.0,183032,gripper_matched_fmax,0.20371188447074487,0.06309094320495737,0.7079646017699115,131.54300363901507,85.77156730342804
7167,20.0,794035,gripper_matched_fmax,0.8350091786329921,0.35069351936270754,0.0,148.56071241435086,85.77156730342804
7167,20.0,267482,gripper_matched_fmax,0.19369298169061017,0.06765934083676868,0.7692307692307693,129.85238833526603,85.77156730342804
7167,20.0,595575,gripper_matched_fmax,0.8176876492464478,0.3317357782666712,0.0,148.56071241435086,85.77156730342804
7167,20.0,798120,gripper_matched_fmax,0.14105022112903587,0.0517495063494787,0.7966101694915254,125.69815996136461,85.77156730342804
7167,20.0,688230,gripper_matched_fmax,0.8267122579702889,0.2853687087133693,0.0,148.56071241435086,85.77156730342804
7167,20.0,1052070,gripper_matched_fmax,0.8356820360042109,0.3748809284911322,0.0,148.56071241435086,85.77156730342804
7167,20.0,815261,gripper_matched_fmax,0.15581688777577826,0.06475200947123941,0.7857142857142857,131.1355315891695,85.77156730342804
7167,30.0,132381,gripper_matched_fmax,0.7821276472789177,0.210502255310821,0.0,148.56071241435086,85.77156730342804
7167,30.0,95815,gripper_matched_fmax,0.21086539077222,0.07065373801222574,0.6218487394957983,129.20510476963287,85.77156730342804
7167,30.0,869578,gripper_matched_fmax,0.08502392863075693,0.06386759107688972,0.8482142857142857,129.32813588019937,85.77156730342804
7167,30.0,432780,gripper_matched_fmax,0.6304331850612095,0.11530546594846931,0.0,148.56071241435086,85.77156730342804
7167,30.0,572405,gripper_matched_fmax,0.6847831979765096,0.37925841734143306,0.0,148.56071241435086,85.77156730342804
7167,30.0,218334,gripper_matched_fmax,0.9800062882029142,0.17195519367101145,0.0,148.56071241435086,85.77156730342804
7167,30.0,447674,gripper_matched_fmax,0.8386691342494436,0.39359904174634924,0.0,148.56071241435086,85.77156730342804
7167,30.0,468045,gripper_matched_fmax,0.24694014205881998,0.06278938511463458,0.5636363636363636,137.88093540946136,85.77156730342804
7167,30.0,707485,gripper_matched_fmax,0.19097594620453,0.0658260622297275,0.7739130434782608,131.81412389409942,85.77156730342804
7167,30.0,373408,gripper_matched_fmax,0.07018895783395689,0.07001273381621895,0.8660714285714286,128.42581219774226,85.77156730342804
7167,45.0,630357,gripper_matched_fmax,0.02975059373662461,0.12997451398094925,0.8151260504201681,126.1217125644943,85.77156730342804
7167,45.0,461917,gripper_matched_fmax,0.041365388551563985,0.0642149445105287,0.8991596638655462,126.33120385875758,85.77156730342804
7167,45.0,417380,gripper_matched_fmax,0.03549492651537377,0.05318218988672741,0.8571428571428571,127.19044919277474,85.77156730342804
7167,45.0,986249,gripper_matched_fmax,0.6904681124684866,0.26180293893975914,0.08928571428571429,148.56071241435086,85.77156730342804
7167,45.0,656895,gripper_matched_fmax,0.035957445372993044,0.061734315630589766,0.8918918918918919,128.07480331533196,85.77156730342804
7167,45.0,373113,gripper_matched_fmax,0.03620261171026471,0.04699525050740635,0.9043478260869565,123.6201397095957,85.77156730342804
7167,45.0,335059,gripper_matched_fmax,0.6837488335108238,0.3152185378802354,0.05084745762711865,148.56071241435086,85.77156730342804
7167,45.0,202139,gripper_matched_fmax,0.6509659920219386,0.6416785440845967,0.0,148.56071241435086,85.77156730342804
7167,45.0,386552,gripper_matched_fmax,0.5796900447602494,0.36424889336968636,0.0,148.56071241435086,85.77156730342804
7167,45.0,782158,gripper_matched_fmax,0.03485994575457757,0.06077957793291959,0.9,130.44511704206016,85.77156730342804
10685,0.0,650117,gripper_generous_fmax,1.0281702943038127,0.03945473966080062,0.0,1039.2304845413264,600.0
10685,0.0,729535,gripper_generous_fmax,1.2217829610449151,0.03406225642158772,0.788135593220339,984.0900858434673,600.0
10685,0.0,644855,gripper_generous_fmax,0.8607581761343622,0.06703923047744571,0.0,880.4339130983758,600.0
10685,0.0,353521,gripper_generous_fmax,1.1857425133053596,0.008566657219714259,0.6216216216216216,875.7379250825481,600.0
10685,0.0,645626,gripper_generous_fmax,1.0307314771736547,0.043228155060723694,0.0,1039.2304845413264,600.0
10685,0.0,163414,gripper_generous_fmax,0.13529678130467843,0.017495517388756664,0.6173913043478261,993.8942971764548,600.0
10685,0.0,704451,gripper_generous_fmax,0.9792297373096575,0.04311068565195833,0.0,1039.2304845413264,600.0
10685,0.0,505005,gripper_generous_fmax,0.9688041969796354,0.03453984315876927,0.0,1039.2304845413264,600.0
10685,0.0,642709,gripper_generous_fmax,0.9857876266968935,0.037483710397883285,0.0,1039.2304845413264,600.0
10685,0.0,841698,gripper_generous_fmax,0.9046886182097518,0.04845175634817541,0.0,916.5353438786266,600.0
10685,5.0,163809,gripper_generous_fmax,0.9750988574564816,0.07754479863493138,0.0,1039.2304845413264,600.0
10685,5.0,194525,gripper_generous_fmax,0.0,0.03934552181149552,0.8728813559322034,926.0218479707479,600.0
10685,5.0,399166,gripper_generous_fmax,1.1265812225248455,0.017031433053923437,0.0,1039.2304845413264,600.0
10685,5.0,271507,gripper_generous_fmax,1.153234316384176,0.024237173734323256,0.375,961.5784359301708,600.0
10685,5.0,610751,gripper_generous_fmax,1.1655243719653874,0.020849359800277287,0.6106194690265486,914.2395403997368,600.0
10685,5.0,265929,gripper_generous_fmax,0.9279660656486911,0.05522501433676206,0.0,1039.2304845413264,600.0
10685,5.0,113739,gripper_generous_fmax,0.0,0.039720541355633264,0.8947368421052632,755.0376175277764,600.0
10685,5.0,268052,gripper_generous_fmax,0.9933552886228515,0.04157410817792599,0.0,1039.2304845413264,600.0
10685,5.0,975722,gripper_generous_fmax,0.9564141270404265,0.01152463414495747,0.0,942.8895294161425,600.0
10685,5.0,1090089,gripper_generous_fmax,0.7681819084097832,0.10574988788371907,0.0,909.3379289686641,600.0
10685,10.0,777252,gripper_generous_fmax,0.8318749611287818,0.06483715501195841,0.0,1039.2304845413264,600.0
10685,10.0,302607,gripper_generous_fmax,0.0,0.05041460556798813,0.8461538461538461,1039.2304845413264,600.0
10685,10.0,117796,gripper_generous_fmax,0.8535850175304466,0.03775032109253987,0.0,1039.2304845413264,600.0
10685,10.0,489119,gripper_generous_fmax,0.4305908427376639,0.13024788148483207,0.17647058823529413,1039.2304845413264,600.0
10685,10.0,699048,gripper_generous_fmax,0.3371901087948863,0.03881499494769187,0.5826086956521739,870.1878168544448,600.0
10685,10.0,586675,gripper_generous_fmax,0.44665849288458087,0.039150828044638576,0.24369747899159663,1039.2304845413264,600.0
10685,10.0,118184,gripper_generous_fmax,1.0518968484077806,0.04283335268686072,0.0,1039.2304845413264,600.0
10685,10.0,368848,gripper_generous_fmax,0.6932115781677372,0.17481534951364222,0.0,1039.2304845413264,600.0
10685,10.0,871113,gripper_generous_fmax,1.0976368269272152,0.13779619619144182,0.0,1039.2304845413264,600.0
10685,10.0,766929,gripper_generous_fmax,0.693011862973109,0.04555641722442205,0.0,933.3641981002318,600.0
10685,15.0,677456,gripper_generous_fmax,0.6905860229934717,0.01884704978551756,0.0,1016.4880642197352,600.0
10685,15.0,942352,gripper_generous_fmax,0.03712346161055628,0.04262120875837473,0.7627118644067796,1039.2304845413264,600.0
10685,15.0,826631,gripper_generous_fmax,0.8859508832543849,0.25684008044082485,0.0,1039.2304845413264,600.0
10685,15.0,577622,gripper_generous_fmax,0.8257371512589164,0.014444828477279549,0.3090909090909091,992.3093933600164,600.0
10685,15.0,355767,gripper_generous_fmax,0.42303063594154505,0.25797167191754744,0.0,1039.2304845413264,600.0
10685,15.0,902586,gripper_generous_fmax,1.003581175889948,0.15652156011298116,0.0,1039.2304845413264,600.0
10685,15.0,508555,gripper_generous_fmax,1.2384890288487103,0.06866014892415719,0.0,1039.2304845413264,600.0
10685,15.0,331442,gripper_generous_fmax,0.8485313052600585,0.2472726679403022,0.0,1039.2304845413264,600.0
10685,15.0,459604,gripper_generous_fmax,0.8109771396579192,0.08568136386117338,0.0,1039.2304845413264,600.0
10685,15.0,117192,gripper_generous_fmax,0.6900247722477874,0.12632909490866193,0.0,1039.2304845413264,600.0
10685,20.0,1061430,gripper_generous_fmax,1.4036765814949241,0.14350453142506242,0.0,1039.2304845413264,600.0
10685,20.0,223123,gripper_generous_fmax,0.9053933897139564,0.03019201806278435,0.0,1039.2304845413264,600.0
10685,20.0,966451,gripper_generous_fmax,0.1320391781947839,0.0376629248454846,0.46017699115044247,975.322504797757,600.0
10685,20.0,847550,gripper_generous_fmax,0.9807985212920962,0.09797793602089196,0.5178571428571429,1003.8730196868584,600.0
10685,20.0,610502,gripper_generous_fmax,0.025760991575420677,0.03237330169978749,0.8376068376068376,918.5570373558406,600.0
10685,20.0,252738,gripper_generous_fmax,0.4371313954083715,0.04197634685110523,0.0,854.3343439657364,600.0
10685,20.0,710860,gripper_generous_fmax,0.6106498425864105,0.18190607488155855,0.1896551724137931,1035.47181497272,600.0
10685,20.0,415701,gripper_generous_fmax,1.3891358218629488,0.14916041092554375,0.0,1039.2304845413264,600.0
10685,20.0,637161,gripper_generous_fmax,0.7333516283128226,0.07166518494366578,0.10256410256410256,1039.2304845413264,600.0
10685,20.0,807735,gripper_generous_fmax,1.3997485781465775,0.057715607048675614,0.0,977.7787839528337,600.0
10685,30.0,244561,gripper_generous_fmax,1.4031485461908906,0.09836896538450472,0.0,952.1837479122305,600.0
10685,30.0,945968,gripper_generous_fmax,0.0,0.055100595893306854,0.48717948717948717,1039.2304845413264,600.0
10685,30.0,1035490,gripper_generous_fmax,0.0,0.06049389462514271,0.3949579831932773,1039.2304845413264,600.0
10685,30.0,307716,gripper_generous_fmax,1.0393278861753594,0.24668385275608853,0.48214285714285715,1039.2304845413264,600.0
10685,30.0,1034177,gripper_generous_fmax,1.6,0.04856081034484371,0.7631578947368421,869.3045404276035,600.0
10685,30.0,579229,gripper_generous_fmax,1.534787445147531,0.21219607031282384,0.0,1039.2304845413264,600.0
10685,30.0,420712,gripper_generous_fmax,0.8519645771679554,0.24982913759299266,0.0,1039.2304845413264,600.0
10685,30.0,214398,gripper_generous_fmax,1.3115461876681793,0.16580595673228746,0.0,1039.2304845413264,600.0
10685,30.0,156412,gripper_generous_fmax,0.5838933668211528,0.05058927004345056,0.7168141592920354,1039.2304845413264,600.0
10685,30.0,1040009,gripper_generous_fmax,1.4102369043933758,0.09199804968884072,0.0,1030.8188943622795,600.0
10685,45.0,333277,gripper_generous_fmax,0.1865472462746693,0.08081109872686894,0.10256410256410256,1039.2304845413264,600.0
10685,45.0,225013,gripper_generous_fmax,0.5685424017008082,0.20577119704327942,0.27586206896551724,1039.2304845413264,600.0
10685,45.0,999498,gripper_generous_fmax,0.5754576945508421,0.2142267367351706,0.6779661016949152,1039.2304845413264,600.0
10685,45.0,628503,gripper_generous_fmax,0.19074447739673353,0.19524171729387402,0.0,1039.2304845413264,600.0
10685,45.0,113851,gripper_generous_fmax,1.6,0.09289825359859583,0.24324324324324326,1039.2304845413264,600.0
10685,45.0,960865,gripper_generous_fmax,0.0,0.030197506905813812,0.9026548672566371,857.0973900383012,600.0
10685,45.0,965437,gripper_generous_fmax,0.12141035834432777,0.07256656239683101,0.8389830508474576,1039.2304845413264,600.0
10685,45.0,391200,gripper_generous_fmax,0.04315644594052227,0.10549413319484299,0.23636363636363636,1039.2304845413264,600.0
10685,45.0,293004,gripper_generous_fmax,1.6,0.07546471558677664,0.0,977.1444398607828,600.0
10685,45.0,615235,gripper_generous_fmax,0.6879913352945171,0.12625067042727536,0.3305084745762712,879.9474909256006,600.0
12252,0.0,490403,gripper_generous_fmax,0.0,0.07297312191671854,0.8636363636363636,867.4254678380453,600.0
12252,0.0,606798,gripper_generous_fmax,1.2322151696579138,0.15042178732909248,0.0,1023.705665873981,600.0
12252,0.0,288346,gripper_generous_fmax,0.8959255075513565,0.0613430383445186,0.0,1039.2304845413264,600.0
12252,0.0,269905,gripper_generous_fmax,0.9123767813707188,0.11037339891947326,0.0,1039.2304845413264,600.0
12252,0.0,203280,gripper_generous_fmax,0.0,0.0848048898755294,0.42857142857142855,1022.1759366574653,600.0
12252,0.0,803215,gripper_generous_fmax,0.8214892791549215,0.1404295311920557,0.0,894.9608182063453,600.0
12252,0.0,474380,gripper_generous_fmax,0.8820973877110765,0.200889102285545,0.0,1039.2304845413264,600.0
12252,0.0,119854,gripper_generous_fmax,0.847177126611583,0.14401262377289986,0.0,853.925396309105,600.0
12252,0.0,97751,gripper_generous_fmax,0.0,0.12571022927012374,0.8938053097345132,857.8492055260542,600.0
12252,0.0,115077,gripper_generous_fmax,0.0,0.17265924488794598,0.8584070796460177,879.0322399724351,600.0
12252,5.0,875014,gripper_generous_fmax,0.026808394037852352,0.14633402266765216,0.8319327731092437,853.254583546937,600.0
12252,5.0,947041,gripper_generous_fmax,0.0,0.10275652601093356,0.918918918918919,864.485444178323,600.0
12252,5.0,602140,gripper_generous_fmax,0.015064347149952324,0.13907705503690598,0.8947368421052632,864.8293565237606,600.0
12252,5.0,906554,gripper_generous_fmax,0.3818678262144117,0.09680328385792432,0.43103448275862066,935.8075549211287,600.0
12252,5.0,498264,gripper_generous_fmax,0.0002348620516125116,0.05277066855622535,0.8888888888888888,909.6983536888073,600.0
12252,5.0,331308,gripper_generous_fmax,0.8928039174283958,0.16479158211687725,0.0,993.5025296278942,600.0
12252,5.0,736848,gripper_generous_fmax,0.9152062584072482,0.1543785355596003,0.0,858.92295709656,600.0
12252,5.0,97310,gripper_generous_fmax,0.6798614823185769,0.09265830181176928,0.20353982300884957,980.4951766333072,600.0
12252,5.0,782311,gripper_generous_fmax,0.8018465522368722,0.1260023386146421,0.0,1039.2304845413264,600.0
12252,5.0,484005,gripper_generous_fmax,0.4225784255510847,0.17711485342678707,0.22608695652173913,866.272209082173,600.0
12252,10.0,965129,gripper_generous_fmax,0.002860631540008806,0.1342110231798714,0.8928571428571429,863.9941750666799,600.0
12252,10.0,639126,gripper_generous_fmax,0.7519817970598828,0.1414345661886895,0.0,855.2413323236491,600.0
12252,10.0,132582,gripper_generous_fmax,0.0,0.11223685321856058,0.8558558558558559,861.9013450701193,600.0
12252,10.0,353044,gripper_generous_fmax,1.1015663214246771,0.10372542151978328,0.0,1033.4085385193416,600.0
12252,10.0,418871,gripper_generous_fmax,0.16347356269558416,0.051021705838533916,0.7545454545454545,862.4763322303078,600.0
12252,10.0,104780,gripper_generous_fmax,0.016454078651354107,0.08374502448931834,0.8728813559322034,866.8261907226766,600.0
12252,10.0,950256,gripper_generous_fmax,0.014545041574864958,0.11267586217032115,0.5964912280701754,890.9527987199134,600.0
12252,10.0,452654,gripper_generous_fmax,0.4569619574878134,0.28840678686511223,0.2631578947368421,915.2528987630122,600.0
12252,10.0,1059145,gripper_generous_fmax,0.04654082978459383,0.15168898902678815,0.8571428571428571,863.0285382319076,600.0
12252,10.0,495786,gripper_generous_fmax,0.15706337364445827,0.05614488907125051,0.7672413793103449,852.8590007646217,600.0
12252,15.0,541710,gripper_generous_fmax,0.0,0.150560386521735,0.7692307692307693,879.5436592027261,600.0
12252,15.0,1005029,gripper_generous_fmax,0.9642682312273496,0.26361868552313183,0.0,1039.2304845413264,600.0
12252,15.0,446765,gripper_generous_fmax,0.02179023350126345,0.12637469626051046,0.8362068965517241,866.9441078884993,600.0
12252,15.0,1031913,gripper_generous_fmax,0.04421039677457685,0.1640852472882001,0.7966101694915254,869.0999023399569,600.0
12252,15.0,457817,gripper_generous_fmax,0.03107822928983825,0.03313395033575964,0.8717948717948718,875.4690135738283,600.0
12252,15.0,768085,gripper_generous_fmax,0.0,0.18651817777103885,0.6545454545454545,933.6081220100682,600.0
12252,15.0,143747,gripper_generous_fmax,0.0,0.15205199019466673,0.8545454545454545,868.9100638110981,600.0
12252,15.0,581185,gripper_generous_fmax,1.0856717222471743,0.21734565392616745,0.0,1037.9103730058796,600.0
12252,15.0,795799,gripper_generous_fmax,0.0,0.23829857097866816,0.5043478260869565,923.4896004825378,600.0
12252,15.0,199075,gripper_generous_fmax,0.0,0.16350425251716577,0.9099099099099099,865.2449526800377,600.0
12252,20.0,877750,gripper_generous_fmax,0.0,0.2055687577809798,0.3783783783783784,942.624469017371,600.0
12252,20.0,374548,gripper_generous_fmax,0.014673096754253344,0.07088916724917996,0.8135593220338984,903.6301749908304,600.0
12252,20.0,785567,gripper_generous_fmax,1.228993400602826,0.13101109853673532,0.0,1039.2304845413264,600.0
12252,20.0,831677,gripper_generous_fmax,0.9704211639841547,0.30354120879024676,0.0,1039.2304845413264,600.0
12252,20.0,320569,gripper_generous_fmax,0.002676941256278788,0.12183372158019246,0.864406779661017,995.4903446023881,600.0
12252,20.0,239732,gripper_generous_fmax,0.038649459512164364,0.15959901681957422,0.7394957983193278,937.0103016774149,600.0
12252,20.0,352842,gripper_generous_fmax,0.0885980123488947,0.09927999884858565,0.7586206896551724,894.2513554085514,600.0
12252,20.0,686851,gripper_generous_fmax,0.0,0.07491439347397923,0.8017241379310345,916.539871488499,600.0
12252,20.0,965020,gripper_generous_fmax,0.0,0.1941676400953584,0.5357142857142857,956.4010820766875,600.0
12252,20.0,841700,gripper_generous_fmax,0.7630169228302462,0.5279985120911292,0.0,1039.2304845413264,600.0
12252,30.0,148586,gripper_generous_fmax,0.9201522672030769,0.49887902814218016,0.3275862068965517,1039.2304845413264,600.0
12252,30.0,821921,gripper_generous_fmax,0.04997269062675607,0.29660445141383823,0.3025210084033613,1039.2304845413264,600.0
12252,30.0,741168,gripper_generous_fmax,0.2832518405466937,0.13677729259437685,0.5603448275862069,855.5600191780983,600.0
12252,30.0,906730,gripper_generous_fmax,0.0031740492080905634,0.18735011211035896,0.788135593220339,962.0062262343511,600.0
12252,30.0,458155,gripper_generous_fmax,0.8378737567503873,0.16626743347328718,0.05357142857142857,873.2100727264849,600.0
12252,30.0,923860,gripper_generous_fmax,0.23698450347937206,0.18550124263840373,0.7090909090909091,875.3665869517322,600.0
12252,30.0,1005702,gripper_generous_fmax,0.2159438497874228,0.24018021006959153,0.4491525423728814,885.7622169977196,600.0
12252,30.0,348856,gripper_generous_fmax,0.0,0.07403308279257627,0.8672566371681416,883.6637445451295,600.0
12252,30.0,613623,gripper_generous_fmax,0.1202820093200887,0.16218272115697654,0.8728813559322034,848.9970230030451,600.0
12252,30.0,1031921,gripper_generous_fmax,0.0,0.13099475921850443,0.7321428571428571,853.5069029140616,600.0
12252,45.0,906468,gripper_generous_fmax,0.6352105020327509,0.8298824592067197,0.0,1039.2304845413264,600.0
12252,45.0,1038971,gripper_generous_fmax,0.0,0.13062576010609875,0.36283185840707965,860.2514769183008,600.0
12252,45.0,859685,gripper_generous_fmax,0.0,0.1376268281528605,0.8,888.4448882522034,600.0
12252,45.0,532311,gripper_generous_fmax,0.0,0.2638539908591019,0.6752136752136753,876.2647956920526,600.0
12252,45.0,129737,gripper_generous_fmax,0.018120730985589296,0.08473560155512895,0.5966386554621849,1039.2304845413264,600.0
12252,45.0,347547,gripper_generous_fmax,0.045787800917932865,0.22152214063576073,0.336283185840708,886.7748425117327,600.0
12252,45.0,784843,gripper_generous_fmax,0.11449336168042203,0.12547252521603466,0.7946428571428571,988.6353230735156,600.0
12252,45.0,1030268,gripper_generous_fmax,0.14956477745139407,0.14616664005757005,0.0,927.7594131611032,600.0
12252,45.0,673222,gripper_generous_fmax,0.0,0.18364738976732461,0.5964912280701754,913.9902421782177,600.0
12252,45.0,915028,gripper_generous_fmax,1.204866041424274,0.266223274068903,0.0,1039.2304845413264,600.0
41003,0.0,629491,gripper_generous_fmax,1.001435840564159,0.024680199639420183,0.0,1039.2304845413264,600.0
41003,0.0,626748,gripper_generous_fmax,0.5591079444113422,0.043540155930604854,0.24545454545454545,1036.9478795867262,600.0
41003,0.0,708178,gripper_generous_fmax,0.8178401690543121,0.04516581883148048,0.0,1039.2304845413264,600.0
41003,0.0,523678,gripper_generous_fmax,1.0024890605417724,0.02579517259535066,0.0,1031.5260638631487,600.0
41003,0.0,437173,gripper_generous_fmax,0.9307453341920693,0.054088267687408244,0.0,1039.2304845413264,600.0
41003,0.0,898061,gripper_generous_fmax,1.0298426790115598,0.04404176506236267,0.0,1039.2304845413264,600.0
41003,0.0,313082,gripper_generous_fmax,0.0,0.048520840451403355,0.7672413793103449,872.5285958945434,600.0
41003,0.0,544253,gripper_generous_fmax,1.0505073191793295,0.06700446902485292,0.0,1039.2304845413264,600.0
41003,0.0,316192,gripper_generous_fmax,1.0026586899534708,0.026443660026417636,0.0,1035.739509480074,600.0
41003,0.0,119257,gripper_generous_fmax,0.9654139586088188,0.0495897854275138,0.0,1039.2304845413264,600.0
41003,5.0,92013,gripper_generous_fmax,0.7426805910736638,0.08825212748546941,0.0,1039.2304845413264,600.0
41003,5.0,925668,gripper_generous_fmax,0.8437074026356544,0.10199194491459337,0.0,1039.2304845413264,600.0
41003,5.0,341662,gripper_generous_fmax,1.2167438947440878,0.07674225642019945,0.0,1039.2304845413264,600.0
41003,5.0,890132,gripper_generous_fmax,0.6827688365447983,0.128775376723322,0.0,969.6141354390248,600.0
41003,5.0,184844,gripper_generous_fmax,0.8354827791235158,0.06423976481553731,0.0,1039.2304845413264,600.0
41003,5.0,1006227,gripper_generous_fmax,0.5289302338582876,0.09387821291213447,0.06779661016949153,1039.2304845413264,600.0
41003,5.0,248998,gripper_generous_fmax,0.7552965988250464,0.1128556369301905,0.0,1039.2304845413264,600.0
41003,5.0,799916,gripper_generous_fmax,1.1573976180222878,0.09014942735666755,0.0,939.835496714932,600.0
41003,5.0,586831,gripper_generous_fmax,0.8722672922344286,0.04444181319517954,0.0,1039.2304845413264,600.0
41003,5.0,296047,gripper_generous_fmax,1.0939745805888423,0.06664579751447142,0.0,1039.2304845413264,600.0
41003,10.0,199573,gripper_generous_fmax,0.5582967528329308,0.1268109780240138,0.0,1021.0073415413474,600.0
41003,10.0,296684,gripper_generous_fmax,0.42318633804908273,0.15661218899466167,0.0,1014.3009474197164,600.0
41003,10.0,392104,gripper_generous_fmax,0.7719179727067242,0.0951852026771997,0.0,1039.2304845413264,600.0
41003,10.0,820009,gripper_generous_fmax,1.3938041564767567,0.08383182082793643,0.0,1039.2304845413264,600.0
41003,10.0,189796,gripper_generous_fmax,1.1246023766801647,0.1749694346552312,0.0,1039.2304845413264,600.0
41003,10.0,828604,gripper_generous_fmax,1.0052956511023923,0.1681614876663262,0.0,1039.2304845413264,600.0
41003,10.0,702599,gripper_generous_fmax,0.7364487131662824,0.10243107394466118,0.0,1039.2304845413264,600.0
41003,10.0,1055145,gripper_generous_fmax,0.9909702164600017,0.19179193877450953,0.0,1039.2304845413264,600.0
41003,10.0,424087,gripper_generous_fmax,0.7935108106935379,0.10839888713706357,0.0,1039.2304845413264,600.0
41003,10.0,750961,gripper_generous_fmax,0.5129829957339653,0.2035346170255379,0.0,957.714558881896,600.0
41003,15.0,446709,gripper_generous_fmax,0.8531122164353868,0.10440774278368263,0.6181818181818182,901.4337241046612,600.0
41003,15.0,109621,gripper_generous_fmax,0.3465140167505168,0.05131607653389488,0.0,1018.3670355212846,600.0
41003,15.0,581679,gripper_generous_fmax,0.4425852543247349,0.35057696807742156,0.0,988.5303266072785,600.0
41003,15.0,516988,gripper_generous_fmax,0.6703653985732823,0.1487113972131744,0.0,1039.2304845413264,600.0
41003,15.0,1066629,gripper_generous_fmax,0.231524863684355,0.06249169911614046,0.6752136752136753,898.3718220353073,600.0
41003,15.0,304934,gripper_generous_fmax,0.0,0.015785464259254634,0.7747747747747747,982.4810974579979,600.0
41003,15.0,1067968,gripper_generous_fmax,0.6319240449730074,0.12318784323466717,0.0,1039.2304845413264,600.0
41003,15.0,573712,gripper_generous_fmax,1.1964105491429413,0.21105819077255045,0.0,1039.2304845413264,600.0
41003,15.0,648719,gripper_generous_fmax,1.1767041119956945,0.16327176439267965,0.06896551724137931,1039.2304845413264,600.0
41003,15.0,813515,gripper_generous_fmax,0.16634780987588224,0.2230883104089803,0.35294117647058826,892.0933243717549,600.0
41003,20.0,489524,gripper_generous_fmax,0.7213197993930763,0.10441370191070946,0.3445378151260504,1039.2304845413264,600.0
41003,20.0,386325,gripper_generous_fmax,1.1231511142209567,0.18584404628948464,0.0,1039.2304845413264,600.0
41003,20.0,848308,gripper_generous_fmax,0.37164463244829454,0.03721100986661393,0.0,858.7225007716672,600.0
41003,20.0,852760,gripper_generous_fmax,0.5036715857040539,0.4447104311261858,0.0,1028.089453786156,600.0
41003,20.0,601501,gripper_generous_fmax,0.4802845436135592,0.09479899660889632,0.6239316239316239,899.3699493619033,600.0
41003,20.0,817580,gripper_generous_fmax,0.001086015344872126,0.028300310846754394,0.8151260504201681,956.9925697638348,600.0
41003,20.0,872132,gripper_generous_fmax,0.8696462892512157,0.3760839858702637,0.0,1039.2304845413264,600.0
41003,20.0,391345,gripper_generous_fmax,0.500102773160126,0.1441620035414833,0.0,946.0247986288474,600.0
41003,20.0,950640,gripper_generous_fmax,0.7563767391049762,0.29713289536130666,0.0,1039.2304845413264,600.0
41003,20.0,434303,gripper_generous_fmax,0.051158947653302624,0.21918455172319265,0.33613445378151263,1039.2304845413264,600.0
41003,30.0,169443,gripper_generous_fmax,0.31431529594150875,0.25159520814330205,0.0,865.7694170230687,600.0
41003,30.0,461956,gripper_generous_fmax,0.7295131643545582,0.4908314830224964,0.0,1039.2304845413264,600.0
41003,30.0,733173,gripper_generous_fmax,1.2351651980720522,0.35538631806146553,0.0,1039.2304845413264,600.0
41003,30.0,1080899,gripper_generous_fmax,1.523303299110245,0.19848780929189536,0.0,1039.2304845413264,600.0
41003,30.0,586324,gripper_generous_fmax,0.0,0.43333289683426746,0.0,1039.2304845413264,600.0
41003,30.0,505748,gripper_generous_fmax,0.43735399850416773,0.07835531754385762,0.11016949152542373,1039.2304845413264,600.0
41003,30.0,987479,gripper_generous_fmax,0.0,0.19613445211965885,0.646551724137931,912.9574082227861,600.0
41003,30.0,92627,gripper_generous_fmax,0.1555200518173298,0.39311925356226934,0.10619469026548672,1039.2304845413264,600.0
41003,30.0,1080969,gripper_generous_fmax,0.7516297701273816,0.43405136642998526,0.0,1039.2304845413264,600.0
41003,30.0,420709,gripper_generous_fmax,1.5287080895372385,0.10851959607004187,0.0,1039.2304845413264,600.0
41003,45.0,148567,gripper_generous_fmax,0.9274660512810136,0.577674868567978,0.0,1039.2304845413264,600.0
41003,45.0,668063,gripper_generous_fmax,0.2180901987196683,0.7463654509291925,0.0,890.4110133075785,600.0
41003,45.0,320386,gripper_generous_fmax,1.2077675660384632,0.10071132348101137,0.5446428571428571,1039.2304845413264,600.0
41003,45.0,343188,gripper_generous_fmax,0.39906490419125423,0.17089886363838647,0.6637168141592921,1039.2304845413264,600.0
41003,45.0,269930,gripper_generous_fmax,0.3895750231344876,0.4605916620651603,0.4608695652173913,1039.2304845413264,600.0
41003,45.0,417434,gripper_generous_fmax,0.24130170108989277,0.18549536720267196,0.6460176991150443,1039.2304845413264,600.0
41003,45.0,819458,gripper_generous_fmax,1.6,0.5827758860410278,0.0,1039.2304845413264,600.0
41003,45.0,342142,gripper_generous_fmax,0.14843517282123156,0.4088964248891592,0.45132743362831856,1039.2304845413264,600.0
41003,45.0,532633,gripper_generous_fmax,0.8345495500818537,0.30415826039083294,0.36607142857142855,1039.2304845413264,600.0
41003,45.0,503827,gripper_generous_fmax,0.0,0.37811635474301636,0.02727272727272727,1039.2304845413264,600.0
45087,0.0,167653,gripper_generous_fmax,0.9729744755880471,0.02323360389007889,0.0,848.8692283643222,600.0
45087,0.0,576527,gripper_generous_fmax,0.9977713357104963,0.06750566407697633,0.0,1031.0160400277969,600.0
45087,0.0,94980,gripper_generous_fmax,0.9734870331340802,0.021595509546442793,0.0,848.5829495621659,600.0
45087,0.0,167212,gripper_generous_fmax,0.9154981708527703,0.12562407790381752,0.0,848.9629978430312,600.0
45087,0.0,746562,gripper_generous_fmax,0.9715197374781577,0.023415368559041305,0.0,848.9592134201619,600.0
45087,0.0,840836,gripper_generous_fmax,0.9791761894515016,0.02037975487598013,0.0,850.0312765610843,600.0
45087,0.0,1006909,gripper_generous_fmax,1.001952552878148,0.031314848598581205,0.0,906.1879464317824,600.0
45087,0.0,942208,gripper_generous_fmax,0.9737310126702742,0.022901524386117523,0.0,848.7581305777896,600.0
45087,0.0,239972,gripper_generous_fmax,0.9991469381160569,0.0325991139488044,0.0,947.7119971361649,600.0
45087,0.0,324225,gripper_generous_fmax,0.9725058457334099,0.020986281247811555,0.0,850.6200092560855,600.0
45087,5.0,486293,gripper_generous_fmax,0.07952186723311992,0.061642477230321804,0.14285714285714285,975.7486073451977,600.0
45087,5.0,380719,gripper_generous_fmax,1.119409015789031,0.1449614326693042,0.0,874.5301737145602,600.0
45087,5.0,206437,gripper_generous_fmax,1.0364557958832843,0.03749147621313196,0.0,1034.6369963255806,600.0
45087,5.0,646875,gripper_generous_fmax,0.9484141128088921,0.032934023560291834,0.0,849.3790887730847,600.0
45087,5.0,659316,gripper_generous_fmax,1.0240194208763107,0.10847342897928222,0.0,1039.2304845413264,600.0
45087,5.0,837244,gripper_generous_fmax,0.4034158719022574,0.02140022337453506,0.5508474576271186,754.7320934820923,600.0
45087,5.0,371517,gripper_generous_fmax,0.0,0.023372298590846975,0.5892857142857143,694.5481203650534,600.0
45087,5.0,280005,gripper_generous_fmax,0.9488255789518907,0.0403762592830503,0.0,848.6717782424686,600.0
45087,5.0,1009391,gripper_generous_fmax,0.30458756384956864,0.019011610890763964,0.6581196581196581,669.2153393073223,600.0
45087,5.0,999510,gripper_generous_fmax,1.0166010409843997,0.11632995370241171,0.0,1029.507031854952,600.0
45087,10.0,391354,gripper_generous_fmax,0.9734175759001055,0.17088783717030678,0.0,1023.4652125307988,600.0
45087,10.0,197792,gripper_generous_fmax,1.0080668705466356,0.22428379958253486,0.0,1034.5601058996162,600.0
45087,10.0,608701,gripper_generous_fmax,0.520494863751209,0.01507093736854908,0.41739130434782606,664.4803283715926,600.0
45087,10.0,854985,gripper_generous_fmax,0.0,0.0689635651288155,0.19130434782608696,1000.9188340198988,600.0
45087,10.0,703492,gripper_generous_fmax,0.06503725826705349,0.014893182668559043,0.6956521739130435,638.7354955639955,600.0
45087,10.0,484678,gripper_generous_fmax,0.0,0.024490525647710974,0.8135593220338984,652.5182295748866,600.0
45087,10.0,639710,gripper_generous_fmax,0.0,0.014277694785999266,0.8482142857142857,670.4160288119191,600.0
45087,10.0,919558,gripper_generous_fmax,1.0389849987884,0.20826131118005545,0.0,1039.2304845413264,600.0
45087,10.0,819638,gripper_generous_fmax,0.0,0.08867740602972997,0.5892857142857143,911.092827587475,600.0
45087,10.0,860477,gripper_generous_fmax,0.048001381192028035,0.12431297547500866,0.5344827586206896,907.5797516958169,600.0
45087,15.0,404034,gripper_generous_fmax,0.0,0.13426105812923392,0.5727272727272728,884.1342108006921,600.0
45087,15.0,388292,gripper_generous_fmax,0.07309412945605835,0.027478142680368293,0.8173913043478261,629.4863865755218,600.0
45087,15.0,719101,gripper_generous_fmax,1.3801387319204488,0.17734902820562673,0.32142857142857145,892.7048259198966,600.0
45087,15.0,204280,gripper_generous_fmax,0.0,0.04664515272955269,0.5391304347826087,724.8619110062021,600.0
45087,15.0,770327,gripper_generous_fmax,0.0,0.028811999390437288,0.7946428571428571,644.8803732462063,600.0
45087,15.0,224271,gripper_generous_fmax,0.9074774314163176,0.08641114017740296,0.0,1039.2304845413264,600.0
45087,15.0,769689,gripper_generous_fmax,0.0,0.012175909010876227,0.9017857142857143,650.9701980325682,600.0
45087,15.0,665379,gripper_generous_fmax,0.29859188509725415,0.015551692685108642,0.6339285714285714,664.5369122673059,600.0
45087,15.0,1072148,gripper_generous_fmax,1.0349745104446486,0.11439881120557292,0.0,972.8374164001805,600.0
45087,15.0,201827,gripper_generous_fmax,0.4121270412050441,0.07814402168849933,0.2636363636363636,908.783957791711,600.0
45087,20.0,644015,gripper_generous_fmax,0.07646219291072603,0.035813084965634664,0.8392857142857143,814.451822850421,600.0
45087,20.0,295556,gripper_generous_fmax,0.6518332059690184,0.01995594440864858,0.19642857142857142,752.0751275337674,600.0
45087,20.0,499072,gripper_generous_fmax,0.0,0.024430107082474534,0.8909090909090909,636.7794382934919,600.0
45087,20.0,352026,gripper_generous_fmax,0.9428455076987873,0.47265191463426687,0.0,899.8776736068332,600.0
45087,20.0,679697,gripper_generous_fmax,0.0,0.033887788779622376,0.9203539823008849,852.8208151491643,600.0
45087,20.0,1084161,gripper_generous_fmax,0.9348215195337796,0.28877507394318896,0.0,1032.2876189030908,600.0
45087,20.0,425631,gripper_generous_fmax,1.0523117776422983,0.33496524425676855,0.0,1039.2304845413264,600.0
45087,20.0,572282,gripper_generous_fmax,0.0,0.058161164107744905,0.509090909090909,740.7085526538273,600.0
45087,20.0,380374,gripper_generous_fmax,0.0,0.032839890094097775,0.8378378378378378,665.5041537529378,600.0
45087,20.0,405729,gripper_generous_fmax,0.0,0.018360320283101073,0.4482758620689655,753.4663847759255,600.0
45087,30.0,501000,gripper_generous_fmax,0.0,0.03141564832067673,0.8859649122807017,758.0959741689542,600.0
45087,30.0,232491,gripper_generous_fmax,0.05911896471515518,0.013114746683948,0.9051724137931034,693.5826358751174,600.0
45087,30.0,881255,gripper_generous_fmax,0.8694388251247259,0.6676441696248688,0.0,1039.2304845413264,600.0
45087,30.0,381653,gripper_generous_fmax,0.86234229825158,0.5853014540498639,0.0,1039.2304845413264,600.0
45087,30.0,1044074,gripper_generous_fmax,0.15357909229688155,0.023411004847200045,0.8909090909090909,636.3118604263714,600.0
45087,30.0,793945,gripper_generous_fmax,0.015458582751906258,0.16932611805035333,0.6,882.8367279395766,600.0
45087,30.0,235171,gripper_generous_fmax,0.2860673121334584,0.03507852320448107,0.6727272727272727,873.0196808404626,600.0
45087,30.0,760867,gripper_generous_fmax,0.0,0.39955586429548545,0.08928571428571429,1035.912752979806,600.0
45087,30.0,516570,gripper_generous_fmax,0.0,0.21117796979682127,0.5701754385964912,880.843515633722,600.0
45087,30.0,320107,gripper_generous_fmax,0.8335570605604479,0.5071033716714863,0.0,1039.2304845413264,600.0
45087,45.0,700947,gripper_generous_fmax,0.669595948767834,0.7902020621815984,0.0,1038.4394506412843,600.0
45087,45.0,1068764,gripper_generous_fmax,0.6722595864549183,0.784720915082815,0.07079646017699115,1010.7761636527273,600.0
45087,45.0,761540,gripper_generous_fmax,0.6905803566630802,0.42980865046529404,0.23478260869565218,984.7069521163182,600.0
45087,45.0,131850,gripper_generous_fmax,0.6872717266472582,0.9601198534372855,0.0,1030.0294279270415,600.0
45087,45.0,900218,gripper_generous_fmax,0.6480366426439946,0.7676025373232768,0.1282051282051282,967.9787181040307,600.0
45087,45.0,591234,gripper_generous_fmax,0.013702486338642714,0.023836793400755733,0.9322033898305084,849.3078641455542,600.0
45087,45.0,1031847,gripper_generous_fmax,0.6991624374169444,0.5704672379984118,0.0,1038.2447475405388,600.0
45087,45.0,919595,gripper_generous_fmax,0.01913289611595727,0.029035522401395678,0.9304347826086956,850.198010053347,600.0
45087,45.0,110124,gripper_generous_fmax,0.7015345533015046,0.5141852243356416,0.0,1039.2304845413264,600.0
45087,45.0,850531,gripper_generous_fmax,0.024191955748490108,0.011214467780038971,0.9122807017543859,849.7782064593888,600.0
45162,0.0,529017,gripper_generous_fmax,1.003740622994025,0.01091403446963552,0.0,966.174440598951,600.0
45162,0.0,392240,gripper_generous_fmax,0.9781489607267929,0.02966926202059797,0.0,1039.2304845413264,600.0
45162,0.0,690113,gripper_generous_fmax,0.9815106646787426,0.016335430438615597,0.0,942.231882922836,600.0
45162,0.0,837038,gripper_generous_fmax,0.017987832667830474,0.06117568275453038,0.08849557522123894,898.0742320408067,600.0
45162,0.0,143045,gripper_generous_fmax,0.9559944549534916,0.05257689190225607,0.0,1039.2304845413264,600.0
45162,0.0,711594,gripper_generous_fmax,1.009540571953765,0.012267881938591125,0.0,942.5514266530697,600.0
45162,0.0,1055054,gripper_generous_fmax,0.9818406432733646,0.024161067578460618,0.0,1039.2304845413264,600.0
45162,0.0,1076255,gripper_generous_fmax,1.0090808074547264,0.051629916153731976,0.0,1039.2304845413264,600.0
45162,0.0,561939,gripper_generous_fmax,1.030006279237093,0.155690455906016,0.0,1039.2304845413264,600.0
45162,0.0,642897,gripper_generous_fmax,1.009646507665625,0.027384470721749744,0.0,1039.2304845413264,600.0
45162,5.0,833585,gripper_generous_fmax,1.0009139449169462,0.036953561187378046,0.0,959.721419744388,600.0
45162,5.0,883807,gripper_generous_fmax,1.0017410769696762,0.050405164565871505,0.0,1000.5434037543354,600.0
45162,5.0,783223,gripper_generous_fmax,0.0,0.015405569118032099,0.8214285714285714,864.1909555617066,600.0
45162,5.0,199397,gripper_generous_fmax,0.9935407368220015,0.08544871191690902,0.0,1032.757925429962,600.0
45162,5.0,676789,gripper_generous_fmax,1.0558855237911287,0.02906113874650418,0.0,1036.0626119825988,600.0
45162,5.0,283476,gripper_generous_fmax,0.15465761387987678,0.04754596908307009,0.5181818181818182,926.1951034948132,600.0
45162,5.0,1000819,gripper_generous_fmax,0.9585498866025821,0.09363297818345429,0.0,1034.0249533583656,600.0
45162,5.0,1088053,gripper_generous_fmax,1.0389148631285787,0.03509240578777167,0.0,1010.4174595515753,600.0
45162,5.0,445908,gripper_generous_fmax,0.47869550910762493,0.021878524638969752,0.4830508474576271,876.0660547401877,600.0
45162,5.0,550909,gripper_generous_fmax,1.0744315365986887,0.122461575371333,0.0,958.4615365848589,600.0
45162,10.0,687303,gripper_generous_fmax,0.9037655837122361,0.12922791486349017,0.0,886.4897262843332,600.0
45162,10.0,1087969,gripper_generous_fmax,0.8885840090866036,0.04787634908447879,0.0,884.5475786962065,600.0
45162,10.0,544315,gripper_generous_fmax,0.9621224364553596,0.17623872337745014,0.0,1039.2304845413264,600.0
45162,10.0,1060285,gripper_generous_fmax,1.1289442914755239,0.16999203720834546,0.0,1034.453586525015,600.0
45162,10.0,324797,gripper_generous_fmax,0.9389261593008515,0.13827262523022985,0.00847457627118644,865.8134772704964,600.0
45162,10.0,851984,gripper_generous_fmax,0.9835220349320332,0.086731454515174,0.0,983.3715871678704,600.0
45162,10.0,172070,gripper_generous_fmax,0.2169535693397423,0.022065697108607063,0.7457627118644068,857.2767621081936,600.0
45162,10.0,823408,gripper_generous_fmax,1.135797349625864,0.1590690966640069,0.0,1035.1771893213713,600.0
45162,10.0,447141,gripper_generous_fmax,1.1264306247845333,0.05539012736713569,0.0,1039.2304845413264,600.0
45162,10.0,634527,gripper_generous_fmax,0.7101335352653138,0.11632154090733875,0.2636363636363636,1039.2304845413264,600.0
45162,15.0,939925,gripper_generous_fmax,0.0,0.07449376685612538,0.5855855855855856,879.9633965955636,600.0
45162,15.0,1021478,gripper_generous_fmax,0.9385336451977337,0.22147932905712212,0.0,1039.2304845413264,600.0
45162,15.0,382253,gripper_generous_fmax,0.7948252568925633,0.044253800637691174,0.0,904.5933534539693,600.0
45162,15.0,1064293,gripper_generous_fmax,0.8141826549698361,0.04583894981452545,0.0,1039.2304845413264,600.0
45162,15.0,512192,gripper_generous_fmax,1.196241252075529,0.13189160930258206,0.0,1039.2304845413264,600.0
45162,15.0,246588,gripper_generous_fmax,0.7660466715911728,0.07398541825868833,0.0,880.7592555191882,600.0
45162,15.0,308622,gripper_generous_fmax,0.11128750739229962,0.08988868299286687,0.6173913043478261,938.737032464269,600.0
45162,15.0,273698,gripper_generous_fmax,0.04222322325154173,0.05956105518000178,0.7521367521367521,892.7217235475309,600.0
45162,15.0,354458,gripper_generous_fmax,0.8421689344712597,0.03642146409773995,0.008620689655172414,886.792360586882,600.0
45162,15.0,117777,gripper_generous_fmax,1.181711865583284,0.0809628868251108,0.0,1039.2304845413264,600.0
45162,20.0,805310,gripper_generous_fmax,0.6995493018401413,0.33122387082149674,0.0,1039.2304845413264,600.0
45162,20.0,1080452,gripper_generous_fmax,0.6988001626033377,0.32472651512040945,0.0,1039.2304845413264,600.0
45162,20.0,1009082,gripper_generous_fmax,0.5256822526929953,0.4076203946188192,0.0,960.3974177442145,600.0
45162,20.0,890839,gripper_generous_fmax,1.0517143897250927,0.1982472557867872,0.0,1039.2304845413264,600.0
45162,20.0,189472,gripper_generous_fmax,1.1569028491781017,0.0338766901027441,0.0,878.9891129438461,600.0
45162,20.0,931673,gripper_generous_fmax,1.1981092062091503,0.09533092646505104,0.0,1039.2304845413264,600.0
45162,20.0,964210,gripper_generous_fmax,1.1550361872085155,0.20072875714500402,0.0,1029.6879618418398,600.0
45162,20.0,833257,gripper_generous_fmax,0.5614546307972439,0.1493900630750053,0.0,984.2976323442293,600.0
45162,20.0,600066,gripper_generous_fmax,0.6563756095000111,0.3762207615754122,0.0,993.5073902687299,600.0
45162,20.0,570221,gripper_generous_fmax,0.7505668875749951,0.040596401078357276,0.008771929824561403,889.4592337074826,600.0
45162,30.0,726854,gripper_generous_fmax,0.0,0.09932520787687796,0.7876106194690266,891.8437739417723,600.0
45162,30.0,698092,gripper_generous_fmax,0.42968341871261545,0.27429760160990435,0.36283185840707965,988.8010637814574,600.0
45162,30.0,898685,gripper_generous_fmax,0.726524111852956,0.1213340235668916,0.2807017543859649,880.6909147293272,600.0
45162,30.0,644636,gripper_generous_fmax,0.8264437326744803,0.4053425078879733,0.0,1039.2304845413264,600.0
45162,30.0,514246,gripper_generous_fmax,0.036194209330029745,0.02845679452177174,0.9090909090909091,855.9191651331195,600.0
45162,30.0,126561,gripper_generous_fmax,0.5729149629639944,0.10483779845298556,0.06086956521739131,884.1375231921486,600.0
45162,30.0,387196,gripper_generous_fmax,0.2994000712647306,0.35783847807745467,0.0,897.8989596164946,600.0
45162,30.0,167526,gripper_generous_fmax,0.19415457008246736,0.036657014742946054,0.36283185840707965,883.9166923334484,600.0
45162,30.0,367736,gripper_generous_fmax,0.5623858798229359,0.3945027175319219,0.0,1039.2304845413264,600.0
45162,30.0,807659,gripper_generous_fmax,1.2325692115872882,0.08259804160278315,0.0,1015.3210372053252,600.0
45162,45.0,411690,gripper_generous_fmax,0.32788228341852454,0.19704431495793334,0.0,920.6170598820343,600.0
45162,45.0,198503,gripper_generous_fmax,0.017677361129327045,0.020458286468343644,0.9304347826086956,852.4798874886192,600.0
45162,45.0,766580,gripper_generous_fmax,0.02218698679971139,0.6182620757286974,0.0,859.911110087328,600.0
45162,45.0,304720,gripper_generous_fmax,0.10195059526138199,0.7333057143687304,0.0,875.2750758089268,600.0
45162,45.0,699594,gripper_generous_fmax,0.6482093307219341,0.7000618637919198,0.0,1039.2304845413264,600.0
45162,45.0,951992,gripper_generous_fmax,0.27339828343108097,0.7922278386671624,0.0,891.1486052883882,600.0
45162,45.0,487240,gripper_generous_fmax,0.0,0.0516072133743774,0.8303571428571429,879.3350374952339,600.0
45162,45.0,250607,gripper_generous_fmax,0.0,0.5417918950899275,0.3063063063063063,962.3346695486994,600.0
45162,45.0,998030,gripper_generous_fmax,0.2973731617280091,0.7519772733780004,0.0,930.7576110962153,600.0
45162,45.0,819827,gripper_generous_fmax,0.3911341969456245,0.15440300509662774,0.5495495495495496,876.5008527420462,600.0
45189,0.0,295403,gripper_generous_fmax,1.015952052416982,0.03019964452569865,0.0,1039.2304845413264,600.0
45189,0.0,512216,gripper_generous_fmax,0.02438712564051387,0.12934456372414738,0.788135593220339,1039.2304845413264,600.0
45189,0.0,220776,gripper_generous_fmax,1.0538355040002787,0.026055079878678812,0.0,1039.2304845413264,600.0
45189,0.0,262076,gripper_generous_fmax,1.0058993633174036,0.024097787148111185,0.0,1018.1011584013438,600.0
45189,0.0,1029096,gripper_generous_fmax,0.8637350561441803,0.03757031525663541,0.0,1039.2304845413264,600.0
45189,0.0,345446,gripper_generous_fmax,1.2736612153790732,0.020219938719756275,0.22033898305084745,1039.2304845413264,600.0
45189,0.0,504988,gripper_generous_fmax,1.2659731268668155,0.023748299791896816,0.11607142857142858,970.8095850404503,600.0
45189,0.0,1004169,gripper_generous_fmax,0.8379779995849618,0.037288591684339484,0.0,874.1559809484086,600.0
45189,0.0,903748,gripper_generous_fmax,1.2566560000598765,0.021087303399914017,0.4358974358974359,1039.2304845413264,600.0
45189,0.0,96286,gripper_generous_fmax,0.9560451706407709,0.019341121633618185,0.0,1034.472759654804,600.0
45189,5.0,198570,gripper_generous_fmax,1.0766491761844772,0.04729800787571274,0.0,1039.2304845413264,600.0
45189,5.0,464752,gripper_generous_fmax,0.7596915711190623,0.05350068570675612,0.07692307692307693,1039.2304845413264,600.0
45189,5.0,1000398,gripper_generous_fmax,1.1706304122603621,0.041605320511450536,0.0,1038.8479695036522,600.0
45189,5.0,231349,gripper_generous_fmax,0.23565939608310746,0.09672637242338464,0.25862068965517243,1039.2304845413264,600.0
45189,5.0,622818,gripper_generous_fmax,1.3483284544409788,0.01457657575215366,0.6581196581196581,961.9932930758483,600.0
45189,5.0,321324,gripper_generous_fmax,0.0,0.13893333291659826,0.7203389830508474,1039.2304845413264,600.0
45189,5.0,367907,gripper_generous_fmax,1.1958882427662427,0.3326797516152663,0.0,1039.2304845413264,600.0
45189,5.0,869041,gripper_generous_fmax,1.119143486298191,0.07445116142667643,0.0,1039.2304845413264,600.0
45189,5.0,536560,gripper_generous_fmax,0.3881901293534414,0.3549339233893839,0.2773109243697479,1039.2304845413264,600.0
45189,5.0,1039956,gripper_generous_fmax,0.8633670035237411,0.05107215730577347,0.043859649122807015,878.6209583006937,600.0
45189,10.0,694278,gripper_generous_fmax,0.7506597824281018,0.10088289971747252,0.0,1039.2304845413264,600.0
45189,10.0,356562,gripper_generous_fmax,0.8001840539705288,0.19089871576772957,0.0,1039.2304845413264,600.0
45189,10.0,455048,gripper_generous_fmax,0.045519185765708646,0.034135134151542304,0.7863247863247863,1039.2304845413264,600.0
45189,10.0,994627,gripper_generous_fmax,0.0,0.041519846758454666,0.8545454545454545,988.5530235286583,600.0
45189,10.0,852054,gripper_generous_fmax,1.0968220283999466,0.10964707976707938,0.0,1039.2304845413264,600.0
45189,10.0,735646,gripper_generous_fmax,1.003396706090835,0.05527598702006353,0.40869565217391307,914.4202247234974,600.0
45189,10.0,1050772,gripper_generous_fmax,0.0,0.6676087683826393,0.0,1039.2304845413264,600.0
45189,10.0,843489,gripper_generous_fmax,1.4261657861352546,0.024983594421409922,0.5172413793103449,876.3500165983957,600.0
45189,10.0,507755,gripper_generous_fmax,0.0,0.039266220132680114,0.5765765765765766,898.1783897146787,600.0
45189,10.0,537928,gripper_generous_fmax,0.7797258457793538,0.046917475480485554,0.0,1014.1173408578322,600.0
45189,15.0,435572,gripper_generous_fmax,0.0,0.6822255090053841,0.46218487394957986,1039.2304845413264,600.0
45189,15.0,940354,gripper_generous_fmax,1.5038463665741881,0.27661207643866814,0.0,1039.2304845413264,600.0
45189,15.0,412494,gripper_generous_fmax,0.2715307493928284,0.04548329281107527,0.6666666666666666,1004.2899269823281,600.0
45189,15.0,443348,gripper_generous_fmax,0.02582814364894471,0.07110117559337335,0.7280701754385965,861.6597523716684,600.0
45189,15.0,998529,gripper_generous_fmax,0.36062526410036183,0.08126522550939723,0.0,943.4824089874786,600.0
45189,15.0,179763,gripper_generous_fmax,0.0,0.06757476844096026,0.5945945945945946,952.6272719237706,600.0
45189,15.0,610579,gripper_generous_fmax,0.07476298336276317,0.06660607036832729,0.7387387387387387,885.9187470770094,600.0
45189,15.0,702007,gripper_generous_fmax,0.0,0.7372002788266339,0.0,1039.2304845413264,600.0
45189,15.0,476056,gripper_generous_fmax,1.5153202395995082,0.07871336367234892,0.49137931034482757,860.7053032097274,600.0
45189,15.0,501686,gripper_generous_fmax,1.4049339009911408,0.07899785239584627,0.0,1039.2304845413264,600.0
45189,20.0,189633,gripper_generous_fmax,0.5564480010286305,0.053974771368415254,0.035398230088495575,962.8298730018597,600.0
45189,20.0,864064,gripper_generous_fmax,0.6952188931483932,0.2941280276845779,0.0,1039.2304845413264,600.0
45189,20.0,612464,gripper_generous_fmax,0.0,0.11218028788802267,0.2818181818181818,965.5403130159332,600.0
45189,20.0,313647,gripper_generous_fmax,0.0,0.2074854542404513,0.02631578947368421,873.4660387216836,600.0
45189,20.0,951724,gripper_generous_fmax,0.7824335952597514,0.3228595007067696,0.0,1039.2304845413264,600.0
45189,20.0,1027913,gripper_generous_fmax,1.5445523767671627,0.16165662595887167,0.0,1039.2304845413264,600.0
45189,20.0,529788,gripper_generous_fmax,1.1395952297412841,0.23457195106987686,0.0,1039.2304845413264,600.0
45189,20.0,1036920,gripper_generous_fmax,0.41856869765138704,0.09500065026065926,0.0,913.2290749690117,600.0
45189,20.0,403142,gripper_generous_fmax,0.6071692562720339,0.1116935504458055,0.39473684210526316,883.5613454900775,600.0
45189,20.0,371405,gripper_generous_fmax,1.5176784030181016,0.07567573636327192,0.0,1039.2304845413264,600.0
45189,30.0,199726,gripper_generous_fmax,0.35624934405269154,0.09881709800078824,0.24324324324324326,947.6038739955541,600.0
45189,30.0,450195,gripper_generous_fmax,0.0,0.24868547929124982,0.0,1039.2304845413264,600.0
45189,30.0,855227,gripper_generous_fmax,0.3842469469836693,0.054076609263672894,0.7767857142857143,953.48687814524,600.0
45189,30.0,337730,gripper_generous_fmax,0.9243335693914086,0.4577088139308898,0.0,1039.2304845413264,600.0
45189,30.0,329745,gripper_generous_fmax,0.8455385301900282,0.34049859425108864,0.12727272727272726,1039.2304845413264,600.0
45189,30.0,908762,gripper_generous_fmax,0.198994788714502,0.1636515239611351,0.0,1039.2304845413264,600.0
45189,30.0,799661,gripper_generous_fmax,1.065868009293516,0.17653130860838842,0.358974358974359,1016.6566992864559,600.0
45189,30.0,870185,gripper_generous_fmax,0.0,0.3818574573305982,0.10909090909090909,1039.2304845413264,600.0
45189,30.0,279091,gripper_generous_fmax,0.007314625708513664,0.2976130621478578,0.0,1039.2304845413264,600.0
45189,30.0,410791,gripper_generous_fmax,1.2164424100218947,0.11175031741601893,0.15384615384615385,1039.2304845413264,600.0
45189,45.0,265986,gripper_generous_fmax,0.3857973243282469,0.10545863586727984,0.7699115044247787,880.5129530710852,600.0
45189,45.0,254319,gripper_generous_fmax,0.0,0.31155086224795997,0.11403508771929824,1039.2304845413264,600.0
45189,45.0,619464,gripper_generous_fmax,0.6579215047379019,0.6257965321143197,0.0,1039.2304845413264,600.0
45189,45.0,565270,gripper_generous_fmax,0.0,0.5624288254096613,0.0,1039.2304845413264,600.0
45189,45.0,523978,gripper_generous_fmax,0.10239941738931882,0.6752770326057175,0.0,924.2873537322092,600.0
45189,45.0,230582,gripper_generous_fmax,0.12770014127599946,0.2916449974171368,0.0,1039.2304845413264,600.0
45189,45.0,616497,gripper_generous_fmax,1.5853957741432014,0.43371225893400045,0.36752136752136755,1039.2304845413264,600.0
45189,45.0,758853,gripper_generous_fmax,0.0,0.5099436850483992,0.1271186440677966,1039.2304845413264,600.0
45189,45.0,96597,gripper_generous_fmax,1.525223330604283,0.23635486319866614,0.0,1039.2304845413264,600.0
45189,45.0,402557,gripper_generous_fmax,1.4552893677922003,0.18257245201193747,0.11864406779661017,1039.2304845413264,600.0
46033,0.0,381563,gripper_generous_fmax,0.94318219139997,0.04891128666199787,0.0,1039.2304845413264,600.0
46033,0.0,301764,gripper_generous_fmax,1.0086452310539156,0.11053208631042927,0.0,884.689394466468,600.0
46033,0.0,263485,gripper_generous_fmax,0.9895919403293315,0.06749618265066466,0.0,1039.2304845413264,600.0
46033,0.0,429224,gripper_generous_fmax,0.9966099737920069,0.032349469127237886,0.0,995.8746585984475,600.0
46033,0.0,849764,gripper_generous_fmax,0.34711229469175814,0.056419409030020753,0.5210084033613446,869.5236664346297,600.0
46033,0.0,749862,gripper_generous_fmax,0.9048486232658359,0.05330396345425229,0.0,1039.2304845413264,600.0
46033,0.0,303345,gripper_generous_fmax,0.8978826634708338,0.0522709283044976,0.0,883.5502080090998,600.0
46033,0.0,538464,gripper_generous_fmax,1.0026377790624086,0.11032525074378335,0.0,940.6657328962956,600.0
46033,0.0,528219,gripper_generous_fmax,0.0,0.03870157289751836,0.8636363636363636,910.0537403844481,600.0
46033,0.0,634345,gripper_generous_fmax,0.0,0.023176974444702163,0.9385964912280702,890.6711795440877,600.0
46033,5.0,162424,gripper_generous_fmax,0.05061455584483634,0.02926898073027331,0.8547008547008547,882.8846034108839,600.0
46033,5.0,368520,gripper_generous_fmax,0.21324211504940432,0.08924046847137615,0.36134453781512604,979.5407219016552,600.0
46033,5.0,946637,gripper_generous_fmax,0.0,0.043145940057580615,0.9217391304347826,867.812661146538,600.0
46033,5.0,573938,gripper_generous_fmax,0.9527075444784991,0.04202557461514127,0.0,1030.567364139546,600.0
46033,5.0,128669,gripper_generous_fmax,0.0,0.04069837090097849,0.9145299145299145,1039.2304845413264,600.0
46033,5.0,1024601,gripper_generous_fmax,0.0,0.032135024719798365,0.9051724137931034,888.221074219266,600.0
46033,5.0,651037,gripper_generous_fmax,0.9318628047308001,0.04263385609156542,0.0,1039.1160485448834,600.0
46033,5.0,365600,gripper_generous_fmax,0.0,0.02755436617022843,0.9553571428571429,881.6563528726439,600.0
46033,5.0,947498,gripper_generous_fmax,0.9956904909028669,0.050738179420710426,0.0,1039.2304845413264,600.0
46033,5.0,648500,gripper_generous_fmax,0.0,0.022357877489983375,0.9473684210526315,874.7685376401517,600.0
46033,10.0,765592,gripper_generous_fmax,1.0493234086277532,0.09456737928675314,0.0,1033.0754129166307,600.0
46033,10.0,997708,gripper_generous_fmax,0.8754980392077948,0.088770527869832,0.0,1039.2304845413264,600.0
46033,10.0,371249,gripper_generous_fmax,0.0,0.028312507514748588,0.7027027027027027,952.236031444935,600.0
46033,10.0,868501,gripper_generous_fmax,0.0,0.036899499756573084,0.8991596638655462,882.1059344230138,600.0
46033,10.0,214165,gripper_generous_fmax,0.9698107290269247,0.14736862854685273,0.0,1039.2304845413264,600.0
46033,10.0,943232,gripper_generous_fmax,0.3312026981142768,0.10108289108227037,0.1565217391304348,889.3025146490226,600.0
46033,10.0,1062617,gripper_generous_fmax,0.0,0.01797819863707289,0.9464285714285714,870.8248300832366,600.0
46033,10.0,736132,gripper_generous_fmax,0.0,0.06239205242115602,0.907563025210084,878.8496884202293,600.0
46033,10.0,559309,gripper_generous_fmax,1.0079530723491044,0.1592942608646013,0.0,1039.2304845413264,600.0
46033,10.0,274332,gripper_generous_fmax,0.0,0.022241328564630614,0.8907563025210085,881.3670911386564,600.0
46033,15.0,597617,gripper_generous_fmax,1.035306522272897,0.2691405710643737,0.0,1039.2304845413264,600.0
46033,15.0,372258,gripper_generous_fmax,0.04493748928676322,0.07313657404310621,0.8559322033898306,932.7815930187194,600.0
46033,15.0,181013,gripper_generous_fmax,0.7994227680583628,0.10538848562025835,0.0,1039.2304845413264,600.0
46033,15.0,229955,gripper_generous_fmax,0.0,0.06430538745168252,0.8888888888888888,1039.2304845413264,600.0
46033,15.0,993136,gripper_generous_fmax,0.8105132112429851,0.05483698597586807,0.0,962.5472945507067,600.0
46033,15.0,427926,gripper_generous_fmax,0.0,0.02180074538332502,0.9473684210526315,872.1836456706428,600.0
46033,15.0,1031745,gripper_generous_fmax,0.659767737117202,0.07341637257503282,0.017241379310344827,1039.2304845413264,600.0
46033,15.0,272831,gripper_generous_fmax,0.0,0.06985980672294517,0.6694915254237288,878.2411033161288,600.0
46033,15.0,955198,gripper_generous_fmax,0.0,0.038899941709382,0.9298245614035088,898.5015219748396,600.0
46033,15.0,879459,gripper_generous_fmax,1.6,0.19111762632386142,0.2672413793103448,1039.2304845413264,600.0
46033,20.0,486306,gripper_generous_fmax,0.8580013541100538,0.24185520401358876,0.0,1039.2304845413264,600.0
46033,20.0,406750,gripper_generous_fmax,0.2808579305989009,0.08331597294155259,0.5126050420168067,863.6749771166885,600.0
46033,20.0,931570,gripper_generous_fmax,0.0,0.02418570139890386,0.8898305084745762,903.7046551048658,600.0
46033,20.0,382292,gripper_generous_fmax,0.0,0.028694617796356424,0.963963963963964,876.4049278556765,600.0
46033,20.0,612604,gripper_generous_fmax,0.5998241763902932,0.438415594330289,0.0,996.3359931074204,600.0
46033,20.0,424803,gripper_generous_fmax,0.012644679049110746,0.07359848058344254,0.4406779661016949,856.5017408617742,600.0
46033,20.0,865434,gripper_generous_fmax,0.0,0.023567482658915104,0.9636363636363636,869.8282690474692,600.0
46033,20.0,419292,gripper_generous_fmax,0.0,0.0397200372768514,0.8956521739130435,881.6097932090427,600.0
46033,20.0,593394,gripper_generous_fmax,0.0,0.024364411951586663,0.8648648648648649,910.7070590188996,600.0
46033,20.0,1071563,gripper_generous_fmax,0.0,0.07753225513880393,0.8991596638655462,1039.2304845413264,600.0
46033,30.0,829780,gripper_generous_fmax,0.0,0.035790112161360584,0.9469026548672567,873.5623380836666,600.0
46033,30.0,141287,gripper_generous_fmax,0.033199831923836784,0.0309946817901585,0.9203539823008849,879.3154711449715,600.0
46033,30.0,474332,gripper_generous_fmax,0.9514535023537793,0.1430484380701062,0.7815126050420168,919.0299602162142,600.0
46033,30.0,353667,gripper_generous_fmax,0.0,0.2603813093656788,0.0603448275862069,1039.2304845413264,600.0
46033,30.0,169100,gripper_generous_fmax,0.0,0.01841538222466573,0.9727272727272728,712.2761951570569,600.0
46033,30.0,149892,gripper_generous_fmax,1.3236242351422818,0.4041532622058663,0.0,1039.2304845413264,600.0
46033,30.0,700520,gripper_generous_fmax,0.0008176633671156602,0.0783680207491431,0.8739495798319328,1039.2304845413264,600.0
46033,30.0,805045,gripper_generous_fmax,1.0392318493865982,0.13988666521618573,0.061946902654867256,1039.2304845413264,600.0
46033,30.0,655258,gripper_generous_fmax,0.0,0.02679751392369185,0.9478260869565217,867.4460200437928,600.0
46033,30.0,187089,gripper_generous_fmax,0.06518595537384379,0.05896973455965369,0.7719298245614035,870.6162521158888,600.0
46033,45.0,779741,gripper_generous_fmax,0.0,0.06423486182633502,0.7678571428571429,870.517478438186,600.0
46033,45.0,195938,gripper_generous_fmax,0.16613923003493067,0.28648541991507537,0.5641025641025641,973.9300016767849,600.0
46033,45.0,330462,gripper_generous_fmax,0.0,0.047026808742379654,0.9473684210526315,874.9225515366026,600.0
46033,45.0,866304,gripper_generous_fmax,0.0,0.06973887893496257,0.11764705882352941,927.3750634604492,600.0
46033,45.0,462649,gripper_generous_fmax,0.005206157153584398,0.06729681492504698,0.865546218487395,898.6655000858156,600.0
46033,45.0,545776,gripper_generous_fmax,1.6,1.5725095912965208,0.05042016806722689,1039.2304845413264,600.0
46033,45.0,277995,gripper_generous_fmax,0.0,0.07253140068835202,0.8376068376068376,951.9648494583248,600.0
46033,45.0,547523,gripper_generous_fmax,0.9283123739537309,0.28525233906329933,0.0,1039.2304845413264,600.0
46033,45.0,292376,gripper_generous_fmax,0.0,0.04890115314548156,0.7522123893805309,849.787481908519,600.0
46033,45.0,548224,gripper_generous_fmax,0.0,0.0693414116839938,0.3684210526315789,910.58631242919,600.0
46037,0.0,372453,gripper_generous_fmax,0.9960627089632414,0.03808568319243911,0.0,1023.0532609375707,600.0
46037,0.0,225572,gripper_generous_fmax,0.9796793076091999,0.021656395324824163,0.0,895.5856940306949,600.0
46037,0.0,1032955,gripper_generous_fmax,1.0075433324679477,0.01865513457538175,0.0,938.78098345424,600.0
46037,0.0,866073,gripper_generous_fmax,0.9554447532445254,0.058093401799047595,0.0,1010.2987179842788,600.0
46037,0.0,417309,gripper_generous_fmax,1.0169065046479604,0.03662989387465226,0.0,899.5308711590194,600.0
46037,0.0,604122,gripper_generous_fmax,0.9484403536813278,0.03294996941230999,0.0,936.0837692869762,600.0
46037,0.0,261685,gripper_generous_fmax,1.0061969699145765,0.04389096764813981,0.0,1039.2304845413264,600.0
46037,0.0,950044,gripper_generous_fmax,0.9906692336059996,0.008689781093070965,0.0,859.8984459559094,600.0
46037,0.0,618576,gripper_generous_fmax,1.0033931633965234,0.014204504836889292,0.0,903.8344616945076,600.0
46037,0.0,790662,gripper_generous_fmax,1.0124318113642445,0.03648206111122339,0.0,1039.2304845413264,600.0
46037,5.0,104072,gripper_generous_fmax,0.9162739234638115,0.04829403212310241,0.0,1039.2304845413264,600.0
46037,5.0,658479,gripper_generous_fmax,0.8669811209221645,0.030881918897022975,0.0,952.6355391424615,600.0
46037,5.0,552293,gripper_generous_fmax,0.5000601613483455,0.011966744655957661,0.44642857142857145,942.797570821986,600.0
46037,5.0,677177,gripper_generous_fmax,1.0118759469541334,0.033446640166113574,0.0,979.0510695207437,600.0
46037,5.0,119596,gripper_generous_fmax,0.9734445325263761,0.08404175669580911,0.0,1039.2304845413264,600.0
46037,5.0,321591,gripper_generous_fmax,1.059926692552603,0.02895363286310749,0.0,1026.536394264913,600.0
46037,5.0,700830,gripper_generous_fmax,1.0805171390262684,0.056323516312153696,0.0,1025.7655711522623,600.0
46037,5.0,960627,gripper_generous_fmax,0.9603053508091899,0.07330810146303345,0.0,1039.2304845413264,600.0
46037,5.0,321766,gripper_generous_fmax,0.9052028944398306,0.12106510692989099,0.0,1039.2304845413264,600.0
46037,5.0,992014,gripper_generous_fmax,0.43241505556819637,0.011454043567894331,0.49557522123893805,912.3821561934012,600.0
46037,10.0,281601,gripper_generous_fmax,0.8788784446843508,0.19413487304162524,0.0,1039.2304845413264,600.0
46037,10.0,325256,gripper_generous_fmax,0.5036073642657072,0.062325886153395196,0.3565217391304348,1001.7786370168399,600.0
46037,10.0,301403,gripper_generous_fmax,0.794228155370808,0.02514209699374091,0.0,942.9747363374007,600.0
46037,10.0,579631,gripper_generous_fmax,0.8119186851068393,0.09757009384560995,0.0,1039.2304845413264,600.0
46037,10.0,787964,gripper_generous_fmax,1.1417961614505914,0.031123875737015815,0.0,1039.2304845413264,600.0
46037,10.0,388094,gripper_generous_fmax,1.0285223933863712,0.13738833926363678,0.0,1039.2304845413264,600.0
46037,10.0,141748,gripper_generous_fmax,0.5222216091863632,0.104483447929134,0.40336134453781514,966.2450936120706,600.0
46037,10.0,439582,gripper_generous_fmax,0.16106589073821057,0.14624508160376098,0.07627118644067797,1039.2304845413264,600.0
46037,10.0,226500,gripper_generous_fmax,1.0839640800575534,0.16043352765735927,0.0,1033.2365964474643,600.0
46037,10.0,742341,gripper_generous_fmax,0.18247359410443093,0.026278052508022454,0.7155172413793104,879.8890353852887,600.0
46037,15.0,321869,gripper_generous_fmax,1.1282202384091262,0.22496092546011606,0.0,1039.2304845413264,600.0
46037,15.0,303219,gripper_generous_fmax,0.7253857832094753,0.11318818398139967,0.0,1039.2304845413264,600.0
46037,15.0,335906,gripper_generous_fmax,0.7916895236573458,0.07199391823894019,0.0,1039.2304845413264,600.0
46037,15.0,810117,gripper_generous_fmax,1.0144948449783968,0.22756009416091444,0.0,1039.2304845413264,600.0
46037,15.0,435534,gripper_generous_fmax,0.9214752710350734,0.19837130781038578,0.0,1039.2304845413264,600.0
46037,15.0,890651,gripper_generous_fmax,0.15977726203997777,0.012115573438153655,0.7310924369747899,848.5281443167188,600.0
46037,15.0,747750,gripper_generous_fmax,0.1650324976653055,0.04513143378561604,0.7105263157894737,880.5581692038002,600.0
46037,15.0,124352,gripper_generous_fmax,0.5793677960317433,0.08489275180364898,0.13559322033898305,1010.2583418344585,600.0
46037,15.0,843423,gripper_generous_fmax,0.10445126173823446,0.02417495346876391,0.6779661016949152,862.7521296408501,600.0
46037,15.0,902170,gripper_generous_fmax,0.29241655553381285,0.019931447080211603,0.7033898305084746,875.3793257192232,600.0
46037,20.0,684614,gripper_generous_fmax,0.6856411255864233,0.20900327352320824,0.0,1039.2304845413264,600.0
46037,20.0,145004,gripper_generous_fmax,0.2856319746187651,0.03120354710431837,0.452991452991453,740.9138159402376,600.0
46037,20.0,674643,gripper_generous_fmax,0.06833307463496259,0.00973662099348126,0.8771929824561403,760.4992690764133,600.0
46037,20.0,279766,gripper_generous_fmax,0.668586086313435,0.17127496583059665,0.0,1039.2304845413264,600.0
46037,20.0,733032,gripper_generous_fmax,0.0,0.006741718252367531,0.6810344827586207,672.1468364853858,600.0
46037,20.0,126995,gripper_generous_fmax,0.06355995933047648,0.02018594443322687,0.8636363636363636,863.1579890828273,600.0
46037,20.0,195753,gripper_generous_fmax,0.03670394831745643,0.016955406938411837,0.8898305084745762,859.6343001936108,600.0
46037,20.0,288387,gripper_generous_fmax,0.6426736046876401,0.1251240416318105,0.0,1039.2304845413264,600.0
46037,20.0,894632,gripper_generous_fmax,0.4783959490503732,0.21897042420807267,0.0,957.5037795567346,600.0
46037,20.0,421782,gripper_generous_fmax,0.79114552366831,0.2914633839014222,0.0,1039.2304845413264,600.0
46037,30.0,325866,gripper_generous_fmax,0.675882098056297,0.3484250537785981,0.0,1039.2304845413264,600.0
46037,30.0,467740,gripper_generous_fmax,0.43064052529212077,0.5149048453489707,0.0,953.7214221016333,600.0
46037,30.0,708184,gripper_generous_fmax,0.8764129608039968,0.39636897198618537,0.0,1039.2304845413264,600.0
46037,30.0,287669,gripper_generous_fmax,0.6677905869191867,0.4948554958894828,0.0,1039.2304845413264,600.0
46037,30.0,510712,gripper_generous_fmax,0.0,0.007099569517813192,0.9152542372881356,742.1063738142127,600.0
46037,30.0,788833,gripper_generous_fmax,0.6767740237407114,0.23132264103150987,0.0,1039.2304845413264,600.0
46037,30.0,426749,gripper_generous_fmax,0.6423973840670758,0.1648920626923755,0.0,1037.3070244705177,600.0
46037,30.0,420268,gripper_generous_fmax,1.3083479973120349,0.1967632452338904,0.0,1039.2304845413264,600.0
46037,30.0,389836,gripper_generous_fmax,1.3315091766332896,0.09459346053718326,0.0,912.2463493767475,600.0
46037,30.0,316015,gripper_generous_fmax,0.9210477282218109,0.3802302818810685,0.0,1039.2304845413264,600.0
46037,45.0,521694,gripper_generous_fmax,0.0,0.09142923436101888,0.5378151260504201,851.4549111360769,600.0
46037,45.0,706780,gripper_generous_fmax,0.12534275707061424,0.026684306859296777,0.0,861.7429272165193,600.0
46037,45.0,1089152,gripper_generous_fmax,0.1391012239374422,0.002852945308562032,0.8559322033898306,636.5575235015284,600.0
46037,45.0,587642,gripper_generous_fmax,0.2720198714061082,0.6667571924907665,0.0,917.618589298415,600.0
46037,45.0,363462,gripper_generous_fmax,0.6719555353375082,0.46117586589140874,0.0,1039.2304845413264,600.0
46037,45.0,764051,gripper_generous_fmax,0.0580988752607786,0.6674428637481807,0.0,895.6579965562773,600.0
46037,45.0,165415,gripper_generous_fmax,0.12451015114518978,0.08976439985362376,0.7586206896551724,850.4633752339577,600.0
46037,45.0,363674,gripper_generous_fmax,0.20722054804986692,0.01359790081045528,0.7983193277310925,868.4919389750563,600.0
46037,45.0,435364,gripper_generous_fmax,1.3318712771234336,0.2503911092917381,0.0,1034.464473181534,600.0
46037,45.0,1069673,gripper_generous_fmax,0.6255663197127689,0.46118477093204846,0.0,1039.2304845413264,600.0
46084,0.0,235176,gripper_generous_fmax,0.0,0.04797387563103545,0.9043478260869565,624.709321882727,600.0
46084,0.0,258856,gripper_generous_fmax,0.0,0.049643998269357836,0.9545454545454546,849.9985581209332,600.0
46084,0.0,746499,gripper_generous_fmax,0.0,0.030658303740782673,0.896551724137931,858.6576674692204,600.0
46084,0.0,272783,gripper_generous_fmax,0.0,0.04122462908211803,0.8813559322033898,1039.2304845413264,600.0
46084,0.0,968700,gripper_generous_fmax,0.0,0.0394833511041853,0.8888888888888888,910.9552968490639,600.0
46084,0.0,675868,gripper_generous_fmax,0.0,0.039541054334592096,0.9122807017543859,693.2574773614942,600.0
46084,0.0,693355,gripper_generous_fmax,0.0,0.024901801269313656,0.9454545454545454,622.7823939292891,600.0
46084,0.0,313921,gripper_generous_fmax,0.0,0.05381777513984669,0.9051724137931034,630.7373070962145,600.0
46084,0.0,141766,gripper_generous_fmax,0.0,0.04207805911959565,0.9122807017543859,617.4431665787592,600.0
46084,0.0,706609,gripper_generous_fmax,0.15462367875268285,0.036496748138608384,0.6206896551724138,927.7693553310859,600.0
46084,5.0,95866,gripper_generous_fmax,0.0,0.05889595463885803,0.9051724137931034,636.1797442488494,600.0
46084,5.0,818636,gripper_generous_fmax,0.0,0.03775420313864145,0.9292035398230089,615.454165122576,600.0
46084,5.0,148928,gripper_generous_fmax,0.9668240663208001,0.058376790629767986,0.0,1039.2304845413264,600.0
46084,5.0,442153,gripper_generous_fmax,0.009513600388560934,0.0816135848070769,0.8823529411764706,861.2163515922783,600.0
46084,5.0,694972,gripper_generous_fmax,0.0,0.06492446847639914,0.8907563025210085,615.8912125900009,600.0
46084,5.0,362872,gripper_generous_fmax,0.9292313822965728,0.05293432224513142,0.0,1039.2304845413264,600.0
46084,5.0,112594,gripper_generous_fmax,0.871722948401037,0.13081470213212398,0.0,1039.2304845413264,600.0
46084,5.0,891040,gripper_generous_fmax,0.0,0.04186510674219082,0.9210526315789473,618.2594250878855,600.0
46084,5.0,171679,gripper_generous_fmax,0.0,0.03484395999209006,0.9203539823008849,618.2710599407523,600.0
46084,5.0,169407,gripper_generous_fmax,0.0,0.03827780542364428,0.9210526315789473,849.6052800962112,600.0
46084,10.0,676045,gripper_generous_fmax,0.07208352510471203,0.03263717819100862,0.6140350877192983,1036.1591890726338,600.0
46084,10.0,856425,gripper_generous_fmax,0.0015403044621035383,0.050771590387471206,0.6086956521739131,1010.2719819331928,600.0
46084,10.0,1008768,gripper_generous_fmax,1.0413508048416769,0.059506133992422314,0.0,1039.2304845413264,600.0
46084,10.0,603541,gripper_generous_fmax,0.9999200074335982,0.11475327329590139,0.0,1039.2304845413264,600.0
46084,10.0,162203,gripper_generous_fmax,1.1067319958425519,0.06186840042331608,0.0,1039.2304845413264,600.0
46084,10.0,1082754,gripper_generous_fmax,0.0,0.03942950990046576,0.9210526315789473,623.798043096282,600.0
46084,10.0,897454,gripper_generous_fmax,0.0,0.07692703371432807,0.8974358974358975,866.2319622276019,600.0
46084,10.0,643160,gripper_generous_fmax,0.0,0.02381917310972106,0.9454545454545454,645.3158260034204,600.0
46084,10.0,282783,gripper_generous_fmax,0.0,0.03659948982228084,0.9380530973451328,613.0433905911009,600.0
46084,10.0,501271,gripper_generous_fmax,0.0,0.06324231697247087,0.8898305084745762,631.2460679611571,600.0
46084,15.0,425873,gripper_generous_fmax,0.0,0.0491105229321142,0.9043478260869565,616.7243424963334,600.0
46084,15.0,1055021,gripper_generous_fmax,0.968386418095629,0.1766818268345887,0.0,1039.2304845413264,600.0
46084,15.0,1024704,gripper_generous_fmax,0.0,0.030560957022112523,0.9099099099099099,918.9623491214812,600.0
46084,15.0,947061,gripper_generous_fmax,0.0,0.06514298293294579,0.8907563025210085,614.3468691625654,600.0
46084,15.0,248868,gripper_generous_fmax,0.0,0.06200316828505778,0.8983050847457628,614.3738405934871,600.0
46084,15.0,951162,gripper_generous_fmax,0.0,0.03706176957131879,0.8909090909090909,869.8144649849795,600.0
46084,15.0,228200,gripper_generous_fmax,0.0644201605189857,0.1033710328595914,0.8053097345132744,909.7597330838012,600.0
46084,15.0,140273,gripper_generous_fmax,1.1243682002491386,0.056663857888588076,0.0,1039.2304845413264,600.0
46084,15.0,361180,gripper_generous_fmax,0.0,0.034948684044692764,0.9292035398230089,605.6257365208068,600.0
46084,15.0,1022698,gripper_generous_fmax,0.0,0.02220860632479609,0.9272727272727272,627.635265190884,600.0
46084,20.0,179428,gripper_generous_fmax,0.4780818319490296,0.15701462709832908,0.15254237288135594,1039.2304845413264,600.0
46084,20.0,101666,gripper_generous_fmax,0.0,0.1347100187823725,0.6875,928.1814568387475,600.0
46084,20.0,699749,gripper_generous_fmax,1.1717319102497847,0.21276354908747086,0.0,1039.2304845413264,600.0
46084,20.0,825557,gripper_generous_fmax,0.0,0.06311615768995421,0.8974358974358975,615.6034317912563,600.0
46084,20.0,131865,gripper_generous_fmax,0.0,0.045726396061066946,0.8771929824561403,867.8742879162431,600.0
46084,20.0,152989,gripper_generous_fmax,0.9395370664166377,0.22954085320941137,0.0,1039.2304845413264,600.0
46084,20.0,337136,gripper_generous_fmax,0.31763241744853166,0.06818182299924899,0.29464285714285715,904.7356834918033,600.0
46084,20.0,761238,gripper_generous_fmax,0.0,0.05338278852247248,0.9137931034482759,617.9364619501608,600.0
46084,20.0,204186,gripper_generous_fmax,0.9549768392315692,0.2273710308843379,0.0,1039.2304845413264,600.0
46084,20.0,122806,gripper_generous_fmax,0.9930672681830152,0.06515545935548839,0.0,858.2371014591054,600.0
46084,30.0,355301,gripper_generous_fmax,0.15442294933387418,0.1274319075834586,0.3305084745762712,1003.1974926420755,600.0
46084,30.0,524517,gripper_generous_fmax,0.0,0.05063675503285377,0.8608695652173913,618.1569967162848,600.0
46084,30.0,243522,gripper_generous_fmax,0.12597179685326276,0.14238387723266016,0.43243243243243246,975.2230485013424,600.0
46084,30.0,178478,gripper_generous_fmax,0.0,0.030427569237001687,0.8828828828828829,608.6854137611222,600.0
46084,30.0,759096,gripper_generous_fmax,0.0,0.03858398819832285,0.8660714285714286,848.965762376069,600.0
46084,30.0,1000977,gripper_generous_fmax,0.09334101281433375,0.08025650033431975,0.5555555555555556,1039.2304845413264,600.0
46084,30.0,521336,gripper_generous_fmax,0.8839281450941946,0.3425498966931751,0.0,1039.2304845413264,600.0
46084,30.0,935991,gripper_generous_fmax,0.8752214623353844,0.34383670519382153,0.0,1039.2304845413264,600.0
46084,30.0,265828,gripper_generous_fmax,1.3040084799013372,0.15188911181185674,0.0,1039.2304845413264,600.0
46084,30.0,365629,gripper_generous_fmax,0.0,0.08775901881713401,0.7435897435897436,871.2656085259588,600.0
46084,45.0,317464,gripper_generous_fmax,0.0,0.11390627478260375,0.26126126126126126,996.8991182017389,600.0
46084,45.0,680434,gripper_generous_fmax,0.0,0.07628118667920727,0.6554621848739496,853.4568774877595,600.0
46084,45.0,839174,gripper_generous_fmax,0.0,0.05783760191714901,0.8461538461538461,905.1105302804572,600.0
46084,45.0,669599,gripper_generous_fmax,0.0,0.054202188009062124,0.1391304347826087,918.6124678151081,600.0
46084,45.0,570022,gripper_generous_fmax,0.013530971709855746,0.07226847481841421,0.8067226890756303,684.1455942440564,600.0
46084,45.0,1012902,gripper_generous_fmax,1.3955290069675321,0.3731736349942125,0.0,1039.2304845413264,600.0
46084,45.0,1031289,gripper_generous_fmax,0.11613347716029387,0.18900582485905104,0.43103448275862066,1039.2304845413264,600.0
46084,45.0,543692,gripper_generous_fmax,0.0,0.04692346383066953,0.9217391304347826,612.2361457322068,600.0
46084,45.0,412554,gripper_generous_fmax,0.08306601136303908,0.05866846901352886,0.0,863.3019547349587,600.0
46084,45.0,610126,gripper_generous_fmax,0.0,0.05316554329672814,0.7391304347826086,745.1506881649391,600.0
46856,0.0,525716,gripper_generous_fmax,0.005726797167702066,0.021452032350138178,0.8545454545454545,887.0286543324678,600.0
46856,0.0,886896,gripper_generous_fmax,0.5923971655603351,0.19074662766223663,0.0,923.0600466840473,600.0
46856,0.0,1087021,gripper_generous_fmax,0.9397055029252549,0.07000186438191595,0.0,1035.5391537461971,600.0
46856,0.0,1074637,gripper_generous_fmax,0.8964766517811973,0.018874139471150613,0.0,848.1253281056751,600.0
46856,0.0,144002,gripper_generous_fmax,0.3435437578236187,0.058758361702176895,0.44545454545454544,905.1475865672695,600.0
46856,0.0,284655,gripper_generous_fmax,1.0397467774772184,0.0455020237331872,0.0,1039.2304845413264,600.0
46856,0.0,335949,gripper_generous_fmax,1.1204921271092265,0.07469794098856052,0.0,1039.2304845413264,600.0
46856,0.0,852020,gripper_generous_fmax,0.9698763197768009,0.07327459981910046,0.0,1039.2304845413264,600.0
46856,0.0,357791,gripper_generous_fmax,0.1824846620793854,0.015983769888455887,0.646551724137931,968.5800221187837,600.0
46856,0.0,181897,gripper_generous_fmax,1.0501460806305967,0.06695031716926968,0.0,1039.2304845413264,600.0
46856,5.0,574643,gripper_generous_fmax,1.085475154628695,0.04598811089869597,0.0,1039.2304845413264,600.0
46856,5.0,719454,gripper_generous_fmax,1.0330817699575112,0.08925933880768552,0.0,1039.2304845413264,600.0
46856,5.0,633258,gripper_generous_fmax,1.1713568194313038,0.04787573578570563,0.0,1039.2304845413264,600.0
46856,5.0,312808,gripper_generous_fmax,0.9671876218335645,0.07891863509469253,0.0,1039.2304845413264,600.0
46856,5.0,934814,gripper_generous_fmax,0.21801667686752457,0.01707434704061835,0.6379310344827587,851.43772697367,600.0
46856,5.0,718143,gripper_generous_fmax,0.10602282086134825,0.04965311213448025,0.6929824561403509,998.409234791986,600.0
46856,5.0,771002,gripper_generous_fmax,1.0230531525363118,0.025694680849695065,0.0,894.0653611707032,600.0
46856,5.0,932849,gripper_generous_fmax,0.5336130215025273,0.19731688910812364,0.0,894.9542027005607,600.0
46856,5.0,866859,gripper_generous_fmax,1.1820088362054835,0.031472085764190874,0.0,968.2423154601665,600.0
46856,5.0,1013817,gripper_generous_fmax,0.5193109983145525,0.21485061426311802,0.0,898.6643512443322,600.0
46856,10.0,291218,gripper_generous_fmax,1.1331417983155239,0.07722465086919866,0.0,1039.2304845413264,600.0
46856,10.0,732792,gripper_generous_fmax,1.0295488260998598,0.05694252434641046,0.0,1039.2304845413264,600.0
46856,10.0,172551,gripper_generous_fmax,0.9468311094285258,0.02728723248898065,0.0,1021.3290486123636,600.0
46856,10.0,524641,gripper_generous_fmax,1.056443426395534,0.019524469462455743,0.0,973.5770538670322,600.0
46856,10.0,691030,gripper_generous_fmax,0.9337902264338871,0.050793191318955516,0.0,1039.2304845413264,600.0
46856,10.0,238467,gripper_generous_fmax,0.8997923687448524,0.08799303443550509,0.0,1039.2304845413264,600.0
46856,10.0,809325,gripper_generous_fmax,0.9162185766547873,0.09785372221972999,0.0,1039.2304845413264,600.0
46856,10.0,115783,gripper_generous_fmax,0.441523234117823,0.1566007433244999,0.0,923.0038541775095,600.0
46856,10.0,965142,gripper_generous_fmax,0.48510660575516346,0.22740418620834563,0.0,1016.9999229177237,600.0
46856,10.0,941632,gripper_generous_fmax,1.1565206575546114,0.03355630048886317,0.0,1033.5122855860911,600.0
46856,15.0,592889,gripper_generous_fmax,1.2233003649279353,0.030572271840369387,0.0,1037.3179341091225,600.0
46856,15.0,639657,gripper_generous_fmax,1.0597565566580665,0.03391013300600497,0.0,772.9412710984232,600.0
46856,15.0,1009717,gripper_generous_fmax,0.1564392886179069,0.027268930677390352,0.7203389830508474,855.8681481581866,600.0
46856,15.0,200285,gripper_generous_fmax,1.022968624107734,0.054291910031142226,0.0,1039.2304845413264,600.0
46856,15.0,239406,gripper_generous_fmax,0.7970989868158607,0.07032865713848824,0.0,1039.2304845413264,600.0
46856,15.0,418308,gripper_generous_fmax,1.0712037948323467,0.15906646569641872,0.0,1039.2304845413264,600.0
46856,15.0,882965,gripper_generous_fmax,1.472654725068447,0.04466763702834699,0.6551724137931034,1039.2304845413264,600.0
46856,15.0,236519,gripper_generous_fmax,0.4213506555388621,0.11697655985842924,0.00847457627118644,905.0420226269431,600.0
46856,15.0,1000638,gripper_generous_fmax,1.198556903469014,0.07543299954314675,0.0,943.9327019268345,600.0
46856,15.0,836378,gripper_generous_fmax,0.021665218753504408,0.025180987915298485,0.8448275862068966,1039.2304845413264,600.0
46856,20.0,118840,gripper_generous_fmax,0.08428699937014164,0.029791689143774926,0.7478991596638656,952.4807931848641,600.0
46856,20.0,149159,gripper_generous_fmax,1.2157501680112919,0.04205324279789367,0.0,1039.2304845413264,600.0
46856,20.0,864709,gripper_generous_fmax,1.1188398581294021,0.11106696393620848,0.0,1039.2304845413264,600.0
46856,20.0,1081023,gripper_generous_fmax,1.2425317916301941,0.16724664611111806,0.0,1039.2304845413264,600.0
46856,20.0,993513,gripper_generous_fmax,0.8592310878628316,0.09951990713713506,0.0,1039.2304845413264,600.0
46856,20.0,222733,gripper_generous_fmax,0.10786359961477911,0.02872001445026102,0.8,870.3401072454985,600.0
46856,20.0,764377,gripper_generous_fmax,0.8461735367287416,0.11703313524996774,0.0,1039.2304845413264,600.0
46856,20.0,318196,gripper_generous_fmax,1.1676699612044201,0.059740259527931425,0.0,1013.6105808868281,600.0
46856,20.0,729581,gripper_generous_fmax,1.1759123279130255,0.059147564414072075,0.0,1039.2304845413264,600.0
46856,20.0,128848,gripper_generous_fmax,0.4122125750657462,0.07283363276441683,0.5765765765765766,897.1905830827652,600.0
46856,30.0,257664,gripper_generous_fmax,0.0,0.05736111182667987,0.5614035087719298,800.8688673206307,600.0
46856,30.0,737461,gripper_generous_fmax,0.7468381041219119,0.07626122065698451,0.0,989.4024797082853,600.0
46856,30.0,790288,gripper_generous_fmax,0.0,0.047506737321902796,0.8706896551724138,1039.2304845413264,600.0
46856,30.0,724179,gripper_generous_fmax,1.2457902782123873,0.1532923015883204,0.10256410256410256,1039.2304845413264,600.0
46856,30.0,1066510,gripper_generous_fmax,1.1166773118653195,0.16702660833724625,0.0,1039.2304845413264,600.0
46856,30.0,294353,gripper_generous_fmax,0.6157942883690409,0.0488081811237999,0.0,1015.9039767058745,600.0
46856,30.0,395889,gripper_generous_fmax,0.08153343664518997,0.011942679468357927,0.8468468468468469,741.6139783830514,600.0
46856,30.0,168712,gripper_generous_fmax,1.024370549354162,0.17173552847543666,0.0,1039.2304845413264,600.0
46856,30.0,946335,gripper_generous_fmax,0.8108044652293958,0.1659259296841172,0.0,1039.2304845413264,600.0
46856,30.0,936794,gripper_generous_fmax,1.1039586305737372,0.1582961558109855,0.0,1039.2304845413264,600.0
46856,45.0,353989,gripper_generous_fmax,1.3239538049000141,0.19498757783628587,0.0,1039.2304845413264,600.0
46856,45.0,1015689,gripper_generous_fmax,0.6772149733919102,0.18321498999952787,0.0,892.2048018501912,600.0
46856,45.0,905831,gripper_generous_fmax,0.09904830865583332,0.10352283869599603,0.0,1039.2304845413264,600.0
46856,45.0,100384,gripper_generous_fmax,0.3844393347501994,0.061037952325810337,0.0,972.6599897322968,600.0
46856,45.0,715485,gripper_generous_fmax,0.06288413176677081,0.09169848579604183,0.0,1039.2304845413264,600.0
46856,45.0,918755,gripper_generous_fmax,0.8704561397654585,0.08130998887884296,0.5752212389380531,1039.2304845413264,600.0
46856,45.0,581697,gripper_generous_fmax,0.34352097100840623,0.13073813567051193,0.0,1039.2304845413264,600.0
46856,45.0,656756,gripper_generous_fmax,0.12106608680381807,0.048435989342877586,0.7586206896551724,921.3567759345351,600.0
46856,45.0,173156,gripper_generous_fmax,0.0,0.13438973086875478,0.28448275862068967,1039.2304845413264,600.0
46856,45.0,960002,gripper_generous_fmax,0.5308647722764558,0.0538759042637612,0.15966386554621848,999.3772240583875,600.0
46859,0.0,459792,gripper_generous_fmax,0.9299243044106139,0.04529406612542683,0.0,1039.2304845413264,600.0
46859,0.0,184966,gripper_generous_fmax,0.0,0.07236464062897723,0.23529411764705882,1039.2304845413264,600.0
46859,0.0,835839,gripper_generous_fmax,0.09631527371723037,0.030648557107403714,0.6837606837606838,906.9528345917269,600.0
46859,0.0,715805,gripper_generous_fmax,0.9242124177620075,0.04087221859017365,0.0,864.3028456574027,600.0
46859,0.0,750252,gripper_generous_fmax,0.9348703940746682,0.039269737770937826,0.0,867.2006747752088,600.0
46859,0.0,908815,gripper_generous_fmax,0.9852865125686187,0.05395242618039788,0.0,1021.7843231561781,600.0
46859,0.0,983949,gripper_generous_fmax,0.9497399222397501,0.12130995908468603,0.0,1039.2304845413264,600.0
46859,0.0,992789,gripper_generous_fmax,1.0369268517089012,0.034277726399293856,0.0,1033.0691354783482,600.0
46859,0.0,501700,gripper_generous_fmax,1.0142743053973384,0.03322362894798292,0.0,1030.7441049048782,600.0
46859,0.0,451799,gripper_generous_fmax,0.9320720522756267,0.1424350919681081,0.0,1039.2304845413264,600.0
46859,5.0,779165,gripper_generous_fmax,0.010059986314355018,0.10429339262798928,0.21008403361344538,1039.2304845413264,600.0
46859,5.0,574042,gripper_generous_fmax,0.9376112821151282,0.12169137874152695,0.0,1039.2304845413264,600.0
46859,5.0,989885,gripper_generous_fmax,1.1715332360400887,0.08367676644754175,0.43243243243243246,1033.9902442884666,600.0
46859,5.0,163031,gripper_generous_fmax,0.877321693788983,0.07039526701887396,0.0,1039.2304845413264,600.0
46859,5.0,538377,gripper_generous_fmax,0.9344223875652669,0.07546878861992672,0.0,1039.2304845413264,600.0
46859,5.0,772695,gripper_generous_fmax,0.9276076291526094,0.039603555038640284,0.0,898.4999764994893,600.0
46859,5.0,476671,gripper_generous_fmax,0.014375793701602555,0.09434564513546091,0.5798319327731093,908.0117227972206,600.0
46859,5.0,421430,gripper_generous_fmax,0.9267629524544897,0.11041650398762203,0.0,1039.2304845413264,600.0
46859,5.0,757264,gripper_generous_fmax,0.9375968963392368,0.12496579925435326,0.0,1039.2304845413264,600.0
46859,5.0,1033280,gripper_generous_fmax,1.0196557159748494,0.089188298553959,0.0,1039.2304845413264,600.0
46859,10.0,196766,gripper_generous_fmax,0.9292062175204046,0.17020440101844223,0.0,1039.2304845413264,600.0
46859,10.0,1035927,gripper_generous_fmax,0.9428340989465277,0.037042624617006976,0.0,876.0888207897407,600.0
46859,10.0,500447,gripper_generous_fmax,1.4852174467622143,0.16071702296790366,0.4152542372881356,1039.2304845413264,600.0
46859,10.0,970481,gripper_generous_fmax,1.5251935917207085,0.06003625812910156,0.6875,886.9232439757902,600.0
46859,10.0,997779,gripper_generous_fmax,1.0260393653194415,0.10121065764033563,0.0,1032.6708712499467,600.0
46859,10.0,834363,gripper_generous_fmax,1.0092053597581685,0.07836889303521959,0.0,1039.2304845413264,600.0
46859,10.0,881294,gripper_generous_fmax,0.9342197870816505,0.11823299724186646,0.0,1039.2304845413264,600.0
46859,10.0,660170,gripper_generous_fmax,0.9316155673859818,0.09835567213156507,0.0,1039.2304845413264,600.0
46859,10.0,197001,gripper_generous_fmax,0.902983329722621,0.03321428730127694,0.0,894.5113210537369,600.0
46859,10.0,591134,gripper_generous_fmax,0.8377657435183546,0.08707429346974058,0.0,1039.2304845413264,600.0
46859,15.0,860641,gripper_generous_fmax,0.8983774492726666,0.027355828443835044,0.0,909.9760913529868,600.0
46859,15.0,784161,gripper_generous_fmax,0.789673656382304,0.21704940686436852,0.045454545454545456,1039.2304845413264,600.0
46859,15.0,375911,gripper_generous_fmax,0.9123461590268316,0.16181678411972097,0.0,1039.2304845413264,600.0
46859,15.0,200277,gripper_generous_fmax,1.176834121376091,0.04348908195216315,0.8050847457627118,878.4027152509317,600.0
46859,15.0,592754,gripper_generous_fmax,0.9039869366317395,0.03868249831724884,0.0,890.6760371319955,600.0
46859,15.0,636926,gripper_generous_fmax,0.7579464820413746,0.03179878052583736,0.15315315315315314,875.7801298498289,600.0
46859,15.0,463680,gripper_generous_fmax,0.8615509574497818,0.03900634297406909,0.034482758620689655,882.2188100248924,600.0
46859,15.0,850435,gripper_generous_fmax,0.852032406330463,0.03693945489537142,0.03508771929824561,900.2410858535166,600.0
46859,15.0,1085978,gripper_generous_fmax,0.9931115606513994,0.07190639195717144,0.0,1039.2304845413264,600.0
46859,15.0,1033850,gripper_generous_fmax,0.9150130753930481,0.27213415801618135,0.0,1039.2304845413264,600.0
46859,20.0,573199,gripper_generous_fmax,0.867935293183236,0.05808149178176615,0.0,1039.2304845413264,600.0
46859,20.0,267459,gripper_generous_fmax,0.6260662554680002,0.235740208680027,0.20168067226890757,998.4204390062299,600.0
46859,20.0,564217,gripper_generous_fmax,0.6893946368669727,0.17345217181124664,0.19327731092436976,979.3199519518857,600.0
46859,20.0,597262,gripper_generous_fmax,0.9812606901014331,0.2536364240160643,0.0,1039.2304845413264,600.0
46859,20.0,927496,gripper_generous_fmax,0.9133528937529772,0.07183134544012458,0.0,1039.2304845413264,600.0
46859,20.0,357030,gripper_generous_fmax,0.4680044118658097,0.2057519832678238,0.3949579831932773,913.0840712090923,600.0
46859,20.0,568845,gripper_generous_fmax,0.8540620220469535,0.14403382604919387,0.0,1039.2304845413264,600.0
46859,20.0,549026,gripper_generous_fmax,0.5448518744692169,0.1715259162750548,0.3448275862068966,928.8419591924994,600.0
46859,20.0,365162,gripper_generous_fmax,0.4375758298083036,0.27373194679137414,0.09649122807017543,1039.2304845413264,600.0
46859,20.0,234687,gripper_generous_fmax,0.48269382048258674,0.019450090107939244,0.4,852.2498400999033,600.0
46859,30.0,955000,gripper_generous_fmax,0.9722420571532954,0.2905477343909004,0.0,1033.68816747955,600.0
46859,30.0,1024049,gripper_generous_fmax,0.9303654383690358,0.08856122560567627,0.0,1039.2304845413264,600.0
46859,30.0,1082109,gripper_generous_fmax,0.8698508534069387,0.11595075568273613,0.0,1030.8613632800575,600.0
46859,30.0,818791,gripper_generous_fmax,0.5912594825275689,0.3436450838549386,0.24324324324324326,1039.2304845413264,600.0
46859,30.0,934008,gripper_generous_fmax,0.167280032728136,0.296063929553058,0.3277310924369748,1039.2304845413264,600.0
46859,30.0,897205,gripper_generous_fmax,0.05283043314022898,0.028836770290117962,0.6902654867256637,866.0300126114511,600.0
46859,30.0,209978,gripper_generous_fmax,0.7861487860083646,0.07273708428742626,0.0,1039.2304845413264,600.0
46859,30.0,843624,gripper_generous_fmax,0.3059997854370354,0.19375233331754096,0.5775862068965517,877.4218532085085,600.0
46859,30.0,1047078,gripper_generous_fmax,0.2600127362345949,0.19661347269118962,0.5701754385964912,879.9449524091173,600.0
46859,30.0,266080,gripper_generous_fmax,0.46716259174456826,0.11326001994615206,0.40869565217391307,909.421751079309,600.0
46859,45.0,429976,gripper_generous_fmax,0.8408939740843014,0.20182178737504314,0.0,1039.2304845413264,600.0
46859,45.0,344381,gripper_generous_fmax,0.7422560486362269,0.20533843140941108,0.0,1039.2304845413264,600.0
46859,45.0,991171,gripper_generous_fmax,0.5074883338580561,0.5185751229855047,0.0,979.3234418410377,600.0
46859,45.0,284339,gripper_generous_fmax,0.7426200693049447,0.029737888376226013,0.0,896.8987393570949,600.0
46859,45.0,681636,gripper_generous_fmax,0.2760847810440447,0.15451856157698496,0.5225225225225225,893.5832077246157,600.0
46859,45.0,418360,gripper_generous_fmax,0.9686137265248885,0.5505916802433934,0.0,1039.2304845413264,600.0
46859,45.0,1043625,gripper_generous_fmax,0.2252319467563614,0.1203717968616845,0.6228070175438597,870.6331131257672,600.0
46859,45.0,366594,gripper_generous_fmax,0.7088394401955432,0.07917467693859445,0.0,1039.2304845413264,600.0
46859,45.0,734537,gripper_generous_fmax,0.9476570299570324,0.581449329923441,0.0,1039.2304845413264,600.0
46859,45.0,94316,gripper_generous_fmax,0.6758322452579254,0.15666354067181656,0.0,1039.2304845413264,600.0
47570,0.0,633067,gripper_generous_fmax,0.9134649902662426,0.06766690171977673,0.0,1039.2304845413264,600.0
47570,0.0,1020542,gripper_generous_fmax,0.0,0.033515633705093875,0.8717948717948718,861.6425591731428,600.0
47570,0.0,1079499,gripper_generous_fmax,1.1209316143806267,0.055491702269785385,0.0,1039.2304845413264,600.0
47570,0.0,618184,gripper_generous_fmax,1.39358385959933,0.04241494899449624,0.05217391304347826,1039.2304845413264,600.0
47570,0.0,327012,gripper_generous_fmax,0.8959279642167972,0.06515164585917353,0.0,1039.2304845413264,600.0
47570,0.0,833781,gripper_generous_fmax,0.031636848437781875,0.056228785077491135,0.8813559322033898,857.7439603285171,600.0
47570,0.0,749191,gripper_generous_fmax,0.9154203130165699,0.06846143392252838,0.0,1039.2304845413264,600.0
47570,0.0,683051,gripper_generous_fmax,1.6,0.030093392180850543,0.5181818181818182,949.8427548718392,600.0
47570,0.0,732021,gripper_generous_fmax,0.9070692849478428,0.04551528855601678,0.0,893.4159716154433,600.0
47570,0.0,95661,gripper_generous_fmax,1.044161463246398,0.048359260398448546,0.0,1039.2304845413264,600.0
47570,5.0,117793,gripper_generous_fmax,0.10781889547480143,0.0364845239783017,0.8053097345132744,851.5652096424959,600.0
47570,5.0,436034,gripper_generous_fmax,0.0,0.05212510215499916,0.6101694915254238,933.893125676873,600.0
47570,5.0,275115,gripper_generous_fmax,0.016608245073671833,0.0269139043509655,0.8956521739130435,874.0514342944665,600.0
47570,5.0,934221,gripper_generous_fmax,1.0282420609879448,0.04961232666025807,0.0,1039.2304845413264,600.0
47570,5.0,244714,gripper_generous_fmax,1.1503328008238338,0.04533700373592462,0.672566371681416,938.8908877620906,600.0
47570,5.0,259596,gripper_generous_fmax,1.0274390308322858,0.0780757490270262,0.0,1039.2304845413264,600.0
47570,5.0,1017239,gripper_generous_fmax,0.9729040288512851,0.04116459284293321,0.0,1039.2304845413264,600.0
47570,5.0,171080,gripper_generous_fmax,1.1499850716922124,0.07255723844757696,0.0,910.8902040932064,600.0
47570,5.0,405563,gripper_generous_fmax,0.9652397193039534,0.04495403090925089,0.0,1008.544576426526,600.0
47570,5.0,1002146,gripper_generous_fmax,0.0,0.03975314514520774,0.8547008547008547,968.0738714851077,600.0
47570,10.0,139596,gripper_generous_fmax,1.113482266438678,0.10399762547201201,0.0,1039.2304845413264,600.0
47570,10.0,299381,gripper_generous_fmax,1.197629251114492,0.03831129925802667,0.9122807017543859,876.8104004866974,600.0
47570,10.0,850971,gripper_generous_fmax,0.0,0.043273838529428364,0.9391304347826087,1039.2304845413264,600.0
47570,10.0,946960,gripper_generous_fmax,0.37306658546723925,0.1497718943970724,0.08035714285714286,1039.2304845413264,600.0
47570,10.0,752292,gripper_generous_fmax,1.040530160916683,0.1486791265630297,0.0,1039.2304845413264,600.0
47570,10.0,521151,gripper_generous_fmax,0.9941749926058906,0.140264182243515,0.0,1039.2304845413264,600.0
47570,10.0,794162,gripper_generous_fmax,0.8952938225870242,0.05911865486941994,0.0,1039.2304845413264,600.0
47570,10.0,207492,gripper_generous_fmax,0.11267901590032708,0.06771539119412522,0.6578947368421053,1011.704950235919,600.0
47570,10.0,938968,gripper_generous_fmax,1.23465659637811,1.9727180281154493e-05,0.9495798319327731,8.845463084758181,600.0
47570,10.0,792372,gripper_generous_fmax,1.5129752189559562,0.037562257838859324,0.7477477477477478,1035.0013910988457,600.0
47570,15.0,470113,gripper_generous_fmax,0.9496984154650533,0.38751981664242113,0.0,1039.2304845413264,600.0
47570,15.0,870941,gripper_generous_fmax,1.6,0.050910775607331545,0.5086206896551724,1039.2304845413264,600.0
47570,15.0,563924,gripper_generous_fmax,1.246845732518349,0.0364059737502558,0.7631578947368421,901.3747980540256,600.0
47570,15.0,515063,gripper_generous_fmax,1.0248023704084515,0.21647466321367137,0.0,1039.2304845413264,600.0
47570,15.0,777407,gripper_generous_fmax,1.023448417660663,0.1592239017872788,0.0,1000.1838265771012,600.0
47570,15.0,360454,gripper_generous_fmax,1.071684132127358,0.20464691386709866,0.0,950.4115829857739,600.0
47570,15.0,495659,gripper_generous_fmax,0.0031791644990682303,0.07379824025974338,0.7435897435897436,921.1138607433429,600.0
47570,15.0,264503,gripper_generous_fmax,1.0063192471487978,0.0767346724963693,0.0,1039.2304845413264,600.0
47570,15.0,467520,gripper_generous_fmax,1.027358138130681,0.26029727447232986,0.0,1039.2304845413264,600.0
47570,15.0,767353,gripper_generous_fmax,0.8296394773436129,0.16801680399458127,0.0,1039.2304845413264,600.0
47570,20.0,388578,gripper_generous_fmax,0.9278306498618657,0.25411277230761103,0.0,1039.2304845413264,600.0
47570,20.0,729168,gripper_generous_fmax,0.8555530515586731,0.22336196368517314,0.0,1039.2304845413264,600.0
47570,20.0,674036,gripper_generous_fmax,1.0688473273754535,0.15117692214502534,0.0,1039.2304845413264,600.0
47570,20.0,731955,gripper_generous_fmax,0.8800183561145497,0.1324688838242479,0.0,1039.2304845413264,600.0
47570,20.0,613841,gripper_generous_fmax,1.051536929442833,0.27433785441125286,0.0,1039.2304845413264,600.0
47570,20.0,522911,gripper_generous_fmax,1.0373082843643986,0.2713910173070298,0.0,1039.2304845413264,600.0
47570,20.0,92857,gripper_generous_fmax,0.923844491234821,0.10881187971973702,0.0,1039.2304845413264,600.0
47570,20.0,539134,gripper_generous_fmax,0.688364353587819,0.34052334508827875,0.0,1009.0408504300675,600.0
47570,20.0,196763,gripper_generous_fmax,0.0,0.041888795048995814,0.8290598290598291,873.7077138065715,600.0
47570,20.0,557986,gripper_generous_fmax,0.9615055558158551,0.0841795389251474,0.0,1039.2304845413264,600.0
47570,30.0,1073126,gripper_generous_fmax,1.2111747911601165,0.06336020700145466,0.8303571428571429,877.9399539483501,600.0
47570,30.0,1018560,gripper_generous_fmax,0.17228201476574673,0.25192475773170686,0.2807017543859649,915.8522470298279,600.0
47570,30.0,197213,gripper_generous_fmax,0.31731854686205196,0.3615634979523428,0.025210084033613446,1039.2304845413264,600.0
47570,30.0,397277,gripper_generous_fmax,0.7104657132351211,0.2990688625102466,0.28448275862068967,1015.6526297556871,600.0
47570,30.0,1043288,gripper_generous_fmax,0.8509368500481292,0.3121176227314643,0.0,1039.2304845413264,600.0
47570,30.0,362312,gripper_generous_fmax,1.4131961321049886,0.2045590980168984,0.2909090909090909,1039.2304845413264,600.0
47570,30.0,1052010,gripper_generous_fmax,0.004946873626233608,0.032748692196697106,0.8907563025210085,872.8610575380349,600.0
47570,30.0,332326,gripper_generous_fmax,1.073640239016393,0.1447858444361545,0.0,1039.2304845413264,600.0
47570,30.0,339242,gripper_generous_fmax,0.8125009615862064,0.36457971635754316,0.0,953.1079255507938,600.0
47570,30.0,1001502,gripper_generous_fmax,0.005781823753434943,0.2041267848142677,0.4915254237288136,930.78602417753,600.0
47570,45.0,386840,gripper_generous_fmax,0.793339304823194,0.3680065194213894,0.0,1039.2304845413264,600.0
47570,45.0,1079506,gripper_generous_fmax,0.7026011244862816,0.4610821807476503,0.0,1039.2304845413264,600.0
47570,45.0,626976,gripper_generous_fmax,0.7963679897568723,0.3949907288067508,0.0,1039.2304845413264,600.0
47570,45.0,950012,gripper_generous_fmax,0.018214228175831963,0.014616300074123742,0.8173913043478261,862.1652301621665,600.0
47570,45.0,342963,gripper_generous_fmax,0.8029554527734262,0.034420986521758797,0.8909090909090909,872.5711462164768,600.0
47570,45.0,146349,gripper_generous_fmax,0.705832886773362,0.15231316231848915,0.8,893.4753830865952,600.0
47570,45.0,762592,gripper_generous_fmax,0.6486627530051925,0.4948926574578615,0.05128205128205128,1011.4124254975902,600.0
47570,45.0,924002,gripper_generous_fmax,0.6057814755638323,0.3016094262853032,0.40350877192982454,969.5312594717979,600.0
47570,45.0,376463,gripper_generous_fmax,0.034515309359507286,0.04813936200178318,0.8220338983050848,1039.2304845413264,600.0
47570,45.0,182998,gripper_generous_fmax,0.9261290168066849,0.17419100311208452,0.0,1039.2304845413264,600.0
48063,0.0,881273,gripper_generous_fmax,1.0842673947458548,0.02960037240139586,0.0,1039.2304845413264,600.0
48063,0.0,700570,gripper_generous_fmax,1.0743083900422679,0.008335719779536276,0.0,953.1690976774848,600.0
48063,0.0,343679,gripper_generous_fmax,0.9731716821114557,0.015313154058999474,0.0,865.6513883535624,600.0
48063,0.0,1080598,gripper_generous_fmax,1.0186061472550505,0.016051682867037433,0.0,1033.9273840092906,600.0
48063,0.0,766044,gripper_generous_fmax,0.9647302559631927,0.03149343729433162,0.0,921.4490781833063,600.0
48063,0.0,216345,gripper_generous_fmax,0.957420031791247,0.02013819690860585,0.0,852.1659496121292,600.0
48063,0.0,112743,gripper_generous_fmax,1.0088262649076343,0.02160345878291919,0.0,1039.2304845413264,600.0
48063,0.0,696792,gripper_generous_fmax,0.9708639159376918,0.01303247965116289,0.0,904.5157019033389,600.0
48063,0.0,993539,gripper_generous_fmax,0.91978517262012,0.02774862888040109,0.0,863.454708135258,600.0
48063,0.0,736789,gripper_generous_fmax,0.9575374387278048,0.015397038077647723,0.0,861.9926457502858,600.0
48063,5.0,575097,gripper_generous_fmax,0.9198800676082995,0.01157963722385659,0.0,847.8071339954679,600.0
48063,5.0,456048,gripper_generous_fmax,0.9994704630069505,0.06249487295352772,0.0,1039.2304845413264,600.0
48063,5.0,194020,gripper_generous_fmax,0.8922305882940069,0.03222516399932692,0.0,852.7371339485984,600.0
48063,5.0,925380,gripper_generous_fmax,0.9793853524029952,0.05591073658736014,0.0,1039.2304845413264,600.0
48063,5.0,103512,gripper_generous_fmax,0.9247732120179818,0.011564347620482264,0.0,756.9424321502481,600.0
48063,5.0,425903,gripper_generous_fmax,0.9612691072350193,0.035339509238511625,0.0,1039.2304845413264,600.0
48063,5.0,759515,gripper_generous_fmax,0.991557553655641,0.05616593266928481,0.0,1039.2304845413264,600.0
48063,5.0,616937,gripper_generous_fmax,0.9998028542052156,0.033118877292867756,0.0,1031.5806203165782,600.0
48063,5.0,570918,gripper_generous_fmax,0.9343731610665725,0.0568017110576976,0.0,1039.2304845413264,600.0
48063,5.0,640392,gripper_generous_fmax,0.9349118202204497,0.04066630120066094,0.0,851.9133984021208,600.0
48063,10.0,1037127,gripper_generous_fmax,0.3447948825105797,0.012398426648507278,0.5869565217391305,617.0112161157866,600.0
48063,10.0,522769,gripper_generous_fmax,0.8514307496310385,0.03033549450273982,0.0,860.7704868833458,600.0
48063,10.0,827082,gripper_generous_fmax,0.5707913151050119,0.046546447038815345,0.13829787234042554,1039.2304845413264,600.0
48063,10.0,138286,gripper_generous_fmax,0.4558261374788883,0.01634778195009009,0.4777777777777778,881.8411589730533,600.0
48063,10.0,690848,gripper_generous_fmax,0.9210625671849912,0.05005637873653899,0.0,917.4904689420556,600.0
48063,10.0,1063725,gripper_generous_fmax,0.9615330148557405,0.09650131658384149,0.0,1039.2304845413264,600.0
48063,10.0,1085728,gripper_generous_fmax,0.30398165632812757,0.009888976127621435,0.6021505376344086,630.6189686391302,600.0
48063,10.0,962108,gripper_generous_fmax,1.0361455662465984,0.014466929405678253,0.0,947.0966252247639,600.0
48063,10.0,887051,gripper_generous_fmax,0.9652936968720742,0.112713783139761,0.0,1039.2304845413264,600.0
48063,10.0,459830,gripper_generous_fmax,0.327757833911052,0.010247927002417051,0.5684210526315789,629.6698314837137,600.0
48063,15.0,356021,gripper_generous_fmax,0.10336919663524065,0.06266083391674565,0.6210526315789474,884.1647805665134,600.0
48063,15.0,394008,gripper_generous_fmax,1.043508867501574,0.07206250637103215,0.0,1039.2304845413264,600.0
48063,15.0,96794,gripper_generous_fmax,0.8378205556417726,0.01725976486154821,0.0,860.2668242969171,600.0
48063,15.0,1055675,gripper_generous_fmax,0.8613147312086649,0.10755872007704906,0.0,1039.2304845413264,600.0
48063,15.0,230566,gripper_generous_fmax,0.023060169283858754,0.0493266308994728,0.4044943820224719,727.8394977103762,600.0
48063,15.0,788405,gripper_generous_fmax,0.9192386767346699,0.1352483751616739,0.0,1039.2304845413264,600.0
48063,15.0,216419,gripper_generous_fmax,0.8028594827172201,0.14107545477122196,0.0,1039.2304845413264,600.0
48063,15.0,842897,gripper_generous_fmax,0.8280790759360857,0.0587938502306739,0.0,869.269481138292,600.0
48063,15.0,788908,gripper_generous_fmax,0.8446956271444608,0.05905114628945552,0.0,1039.2304845413264,600.0
48063,15.0,1027760,gripper_generous_fmax,0.3122852774847352,0.009563971751720149,0.625,619.671467503571,600.0
48063,20.0,437942,gripper_generous_fmax,0.2763196716625868,0.008779872461918912,0.6559139784946236,645.6779604729277,600.0
48063,20.0,519444,gripper_generous_fmax,0.26007757059230924,0.009215814745704655,0.6853932584269663,720.510174954422,600.0
48063,20.0,659366,gripper_generous_fmax,0.9602110096863145,0.13671208527685005,0.0,998.7429430661816,600.0
48063,20.0,377679,gripper_generous_fmax,0.8656936594677584,0.09544484550261693,0.0,1039.2304845413264,600.0
48063,20.0,169015,gripper_generous_fmax,0.24680956110735305,0.02226257342157031,0.5806451612903226,863.1461781512802,600.0
48063,20.0,861574,gripper_generous_fmax,1.0179278846920141,0.027682923057508513,0.0,850.7270218000011,600.0
48063,20.0,288804,gripper_generous_fmax,0.12567768384379419,0.007937792817848219,0.7912087912087912,635.6935012480079,600.0
48063,20.0,863684,gripper_generous_fmax,0.8470833347946726,0.05266089201365795,0.0,1020.6359021967444,600.0
48063,20.0,947575,gripper_generous_fmax,1.0214300962337055,0.03221742843630449,0.0,879.5247112503209,600.0
48063,20.0,575336,gripper_generous_fmax,0.2322725097735042,0.009269648846105445,0.7157894736842105,617.7343915614002,600.0
48063,30.0,144513,gripper_generous_fmax,0.0,0.059043427396452984,0.7872340425531915,862.5982710344718,600.0
48063,30.0,686624,gripper_generous_fmax,0.0,0.023156733511817462,0.875,850.5830859038023,600.0
48063,30.0,497339,gripper_generous_fmax,0.859337402810507,0.3087202223148417,0.0,1039.2304845413264,600.0
48063,30.0,873012,gripper_generous_fmax,0.2301914231077317,0.04631662265704151,0.44329896907216493,744.5386493636029,600.0
48063,30.0,712322,gripper_generous_fmax,0.3787028476252111,0.011811804704174603,0.2872340425531915,730.4589397374734,600.0
48063,30.0,149759,gripper_generous_fmax,0.8626635005883723,0.3048638552018916,0.0,1039.2304845413264,600.0
48063,30.0,360347,gripper_generous_fmax,0.8987523982187557,0.23641899894043375,0.0,1039.2304845413264,600.0
48063,30.0,917703,gripper_generous_fmax,0.8518026990081105,0.25518701082244516,0.0,1039.2304845413264,600.0
48063,30.0,587954,gripper_generous_fmax,0.039662845719037484,0.00642110725751232,0.865979381443299,644.7623531858445,600.0
48063,30.0,322863,gripper_generous_fmax,0.885757791747111,0.11565312110170323,0.0,985.6726120159825,600.0
48063,45.0,712643,gripper_generous_fmax,0.7249461651769641,0.37813138988032424,0.0,980.5700195935927,600.0
48063,45.0,1047670,gripper_generous_fmax,0.5332548786956837,0.32161800748655284,0.14444444444444443,928.6521160002916,600.0
48063,45.0,554331,gripper_generous_fmax,0.847875194042396,0.2043767048483267,0.0,1039.2304845413264,600.0
48063,45.0,627946,gripper_generous_fmax,0.0,0.03493101443533358,0.8295454545454546,855.0364132633847,600.0
48063,45.0,661342,gripper_generous_fmax,0.8724339067219035,0.16036638864705055,0.0,1039.2304845413264,600.0
48063,45.0,185423,gripper_generous_fmax,1.0703567776150125,0.0924509825877013,0.0,1039.2304845413264,600.0
48063,45.0,870061,gripper_generous_fmax,0.3230146485969698,0.03842161797936431,0.0,859.7085657765629,600.0
48063,45.0,707053,gripper_generous_fmax,0.8357155857966662,0.14022741645295658,0.0,1039.2304845413264,600.0
48063,45.0,183471,gripper_generous_fmax,0.10046806359503932,0.004909202909321646,0.8222222222222222,745.6615241945095,600.0
48063,45.0,356217,gripper_generous_fmax,0.4589394447750134,0.08191185058893516,0.14285714285714285,1019.2219208054703,600.0
48379,0.0,389244,gripper_generous_fmax,0.8904851146366037,0.08076273337182487,0.0,1039.2304845413264,600.0
48379,0.0,160232,gripper_generous_fmax,0.16849342991331015,0.24085135149489284,0.41228070175438597,945.7108370165619,600.0
48379,0.0,1054452,gripper_generous_fmax,0.8493219827700628,0.14653136302742972,0.0,891.619890851503,600.0
48379,0.0,728022,gripper_generous_fmax,1.0386549843894395,0.14387171790048625,0.0,1004.5996714706916,600.0
48379,0.0,753132,gripper_generous_fmax,1.4876433566181861,0.077553391643737,0.11711711711711711,1039.2304845413264,600.0
48379,0.0,986831,gripper_generous_fmax,0.8988734823113886,0.19805644301794814,0.0,1039.2304845413264,600.0
48379,0.0,535577,gripper_generous_fmax,0.8604327812798227,0.05609256285030859,0.0,1033.4270143205313,600.0
48379,0.0,1057192,gripper_generous_fmax,0.9841668610009101,0.12536858416726682,0.0,1039.2304845413264,600.0
48379,0.0,489386,gripper_generous_fmax,0.9764811431169476,0.030996320254389205,0.0,920.543439671819,600.0
48379,0.0,796274,gripper_generous_fmax,0.890793207294828,0.0489340068726381,0.0,1039.2304845413264,600.0
48379,5.0,667690,gripper_generous_fmax,0.9193664977868127,0.035457994067046986,0.0,1039.2304845413264,600.0
48379,5.0,454311,gripper_generous_fmax,0.8829684482762109,0.053956517669880785,0.0,1039.2304845413264,600.0
48379,5.0,606952,gripper_generous_fmax,1.1700336262850022,0.09507864137257503,0.0,1039.2304845413264,600.0
48379,5.0,356164,gripper_generous_fmax,1.045611301775477,0.07118365721486097,0.0,1039.2304845413264,600.0
48379,5.0,894934,gripper_generous_fmax,0.7666233825319516,0.08015350641062416,0.0,867.9643573906578,600.0
48379,5.0,877846,gripper_generous_fmax,1.0985909853613347,0.05115890375398191,0.0,1023.7978802147749,600.0
48379,5.0,289891,gripper_generous_fmax,0.8068654037427742,0.12284274123859225,0.0,918.0120848710282,600.0
48379,5.0,104048,gripper_generous_fmax,1.1200047639373192,0.12084664485238762,0.0,1039.2304845413264,600.0
48379,5.0,283284,gripper_generous_fmax,1.1746984230288222,0.20512502014850792,0.7657657657657657,873.6257163665975,600.0
48379,5.0,392210,gripper_generous_fmax,0.6135493503113183,0.03014470911543095,0.2796610169491525,954.4694764123944,600.0
48379,10.0,949444,gripper_generous_fmax,0.9870622817880683,0.054851541722830854,0.0,1039.2304845413264,600.0
48379,10.0,1026895,gripper_generous_fmax,1.232183365631486,0.11843611137122825,0.0,1031.791047120055,600.0
48379,10.0,729282,gripper_generous_fmax,0.9038493448589997,0.1374171882196945,0.0,1039.2304845413264,600.0
48379,10.0,1049204,gripper_generous_fmax,0.7546660035966536,0.14053217750407962,0.0,1039.2304845413264,600.0
48379,10.0,554401,gripper_generous_fmax,1.2221552064923866,0.05131336957309693,0.0,1033.7149103220613,600.0
48379,10.0,690180,gripper_generous_fmax,1.181394513671581,0.19727378848924562,0.0,1039.2304845413264,600.0
48379,10.0,226083,gripper_generous_fmax,1.0802647891489998,0.04385168536176315,0.0,1039.2304845413264,600.0
48379,10.0,968176,gripper_generous_fmax,1.115794139477456,0.013497014422328155,0.7079646017699115,887.5697838717069,600.0
48379,10.0,719967,gripper_generous_fmax,0.0,0.07763566481045553,0.5982905982905983,1030.6836400689278,600.0
48379,10.0,797789,gripper_generous_fmax,1.1637104263297922,0.06158203057001577,0.0,1039.2304845413264,600.0
48379,15.0,982253,gripper_generous_fmax,0.974453207097879,0.1101284038103267,0.0,1039.2304845413264,600.0
48379,15.0,425980,gripper_generous_fmax,0.04410221771050049,0.04163554110841158,0.7818181818181819,904.2164841074734,600.0
48379,15.0,976416,gripper_generous_fmax,1.2256231032702423,0.14972034208598586,0.0,1039.2304845413264,600.0
48379,15.0,212355,gripper_generous_fmax,1.1337569337124114,0.19262568968010974,0.0,1039.2304845413264,600.0
48379,15.0,757587,gripper_generous_fmax,1.1852988888512002,0.045656353939881884,0.0,1037.3338550688075,600.0
48379,15.0,523462,gripper_generous_fmax,0.40763281730698153,0.04437516875388582,0.3474576271186441,853.9013705094209,600.0
48379,15.0,395171,gripper_generous_fmax,0.37313399166578404,0.07359326735369423,0.1111111111111111,904.8200303437277,600.0
48379,15.0,402592,gripper_generous_fmax,0.8561732850209726,0.15347553927874655,0.0,1039.2304845413264,600.0
48379,15.0,918476,gripper_generous_fmax,0.7643214577736813,0.22141217302215863,0.0,1039.2304845413264,600.0
48379,15.0,384931,gripper_generous_fmax,0.7004576732544322,0.21443073247014888,0.0,1039.2304845413264,600.0
48379,20.0,518408,gripper_generous_fmax,0.11155995364103521,0.07174636938979671,0.6814159292035398,874.5798283567066,600.0
48379,20.0,1041467,gripper_generous_fmax,0.9860501449606746,0.2224745756744684,0.0,1039.2304845413264,600.0
48379,20.0,396644,gripper_generous_fmax,0.9430616536989953,0.17459922221171406,0.0,1039.2304845413264,600.0
48379,20.0,927601,gripper_generous_fmax,0.9468776263145149,0.2035014650312072,0.09401709401709402,1039.2304845413264,600.0
48379,20.0,1039064,gripper_generous_fmax,0.9415066339018819,0.15154170292745986,0.0,1039.2304845413264,600.0
48379,20.0,912039,gripper_generous_fmax,0.4253460445732058,0.3536784548394163,0.0,933.919369573533,600.0
48379,20.0,268630,gripper_generous_fmax,1.245861665903685,0.13999091601070215,0.0,1012.4958382507436,600.0
48379,20.0,577854,gripper_generous_fmax,0.9881487851673421,0.10638312241752695,0.4444444444444444,1039.2304845413264,600.0
48379,20.0,966897,gripper_generous_fmax,0.8112406191891939,0.33082454472213285,0.0,1039.2304845413264,600.0
48379,20.0,828573,gripper_generous_fmax,1.1372064027242952,0.204646403191669,0.0,1039.2304845413264,600.0
48379,30.0,409279,gripper_generous_fmax,0.10074623694854044,0.05463787678751256,0.591304347826087,864.1980588316109,600.0
48379,30.0,224331,gripper_generous_fmax,0.6412607153259164,0.40911759254299296,0.0,1039.2304845413264,600.0
48379,30.0,476912,gripper_generous_fmax,0.2567839665375874,0.2659394538257059,0.0,1039.2304845413264,600.0
48379,30.0,246020,gripper_generous_fmax,0.5718969422075328,0.4233185227086841,0.0,983.6014874030651,600.0
48379,30.0,728613,gripper_generous_fmax,0.6248380356172398,0.21296091968667683,0.0,1039.2304845413264,600.0
48379,30.0,602117,gripper_generous_fmax,0.9659547861763625,0.19985054058795443,0.36134453781512604,992.2532594950995,600.0
48379,30.0,198760,gripper_generous_fmax,1.1123080006198105,0.04187625445456942,0.7966101694915254,1014.6730915218171,600.0
48379,30.0,1026429,gripper_generous_fmax,1.4687534691312296,0.04904488906537362,0.43636363636363634,1007.5781818792708,600.0
48379,30.0,759194,gripper_generous_fmax,1.3036267519312694,0.14621053271054152,0.21238938053097345,1039.2304845413264,600.0
48379,30.0,1075767,gripper_generous_fmax,0.04406664042924704,0.20845241531738382,0.7232142857142857,1039.2304845413264,600.0
48379,45.0,1070296,gripper_generous_fmax,0.09531341099515808,0.06134698862337426,0.0,1039.2304845413264,600.0
48379,45.0,782252,gripper_generous_fmax,0.0,0.18893558064889604,0.3392857142857143,1039.2304845413264,600.0
48379,45.0,956587,gripper_generous_fmax,0.1397951032371515,0.15950940365331148,0.6363636363636364,866.8949321560642,600.0
48379,45.0,1053563,gripper_generous_fmax,0.04946607675527893,0.04325587143688625,0.0,1039.2304845413264,600.0
48379,45.0,956349,gripper_generous_fmax,0.16946408662536383,0.1594111525862527,0.6403508771929824,878.9323819967765,600.0
48379,45.0,605540,gripper_generous_fmax,0.5530078221509396,0.35623364664998874,0.0,980.2524024307951,600.0
48379,45.0,868561,gripper_generous_fmax,0.8337651967159003,0.32185695349803584,0.0,1039.2304845413264,600.0
48379,45.0,720458,gripper_generous_fmax,0.05522964553400606,0.3388910896522506,0.0,895.520544498489,600.0
48379,45.0,1032076,gripper_generous_fmax,0.14513630346378242,0.5661642009937773,0.0,894.2966571934777,600.0
48379,45.0,682828,gripper_generous_fmax,0.0,0.1641297936153261,0.4396551724137931,857.5872646534697,600.0
48452,0.0,100593,gripper_generous_fmax,1.0609720375775042,0.030650725714328805,0.0,1018.9309774964946,600.0
48452,0.0,453059,gripper_generous_fmax,0.9521339270770752,0.03159501106202902,0.0,1030.884984709308,600.0
48452,0.0,355340,gripper_generous_fmax,0.9512907070280388,0.0488607720543739,0.0,1028.461158648942,600.0
48452,0.0,223975,gripper_generous_fmax,0.0,0.041985507264289214,0.35398230088495575,1039.2304845413264,600.0
48452,0.0,424689,gripper_generous_fmax,0.9485231424500936,0.06308373499132676,0.0,1039.2304845413264,600.0
48452,0.0,433770,gripper_generous_fmax,0.32880767564496793,0.020972905918240133,0.4774774774774775,872.0372041139461,600.0
48452,0.0,568703,gripper_generous_fmax,0.9521404796580467,0.05942490653933349,0.0,1039.2304845413264,600.0
48452,0.0,176996,gripper_generous_fmax,1.0287712378134604,0.043571969124835803,0.0,1001.3733250239931,600.0
48452,0.0,276285,gripper_generous_fmax,1.030217253448406,0.025890173478461603,0.0,1038.8083422142583,600.0
48452,0.0,410478,gripper_generous_fmax,0.9519251486385938,0.04754899017250277,0.0,970.4731289423671,600.0
48452,5.0,472952,gripper_generous_fmax,1.0558209275589088,0.031314911976642594,0.0,1034.9472391321262,600.0
48452,5.0,1047432,gripper_generous_fmax,0.05525358047814667,0.05745658583354289,0.40350877192982454,1039.2304845413264,600.0
48452,5.0,491833,gripper_generous_fmax,0.9698324506584636,0.13320746915869286,0.0,1039.2304845413264,600.0
48452,5.0,269220,gripper_generous_fmax,1.0574931266578596,0.07485876446218975,0.0,1039.2304845413264,600.0
48452,5.0,533314,gripper_generous_fmax,0.9786231670180147,0.029116344215286485,0.0,1039.2304845413264,600.0
48452,5.0,525484,gripper_generous_fmax,0.86065693616143,0.017571770018783742,0.0,997.2384897840931,600.0
48452,5.0,279598,gripper_generous_fmax,1.016373042313404,0.06939734078119411,0.0,1039.2304845413264,600.0
48452,5.0,621344,gripper_generous_fmax,0.968146256535537,0.04420653989885827,0.0,1039.2304845413264,600.0
48452,5.0,385375,gripper_generous_fmax,1.1145369232149827,0.026140959507214557,0.0,1005.4828877624191,600.0
48452,5.0,618224,gripper_generous_fmax,0.8584121887015331,0.016564202782643565,0.017543859649122806,1039.2304845413264,600.0
48452,10.0,797160,gripper_generous_fmax,0.2866391969483575,0.07121358529843673,0.5789473684210527,978.3465414762813,600.0
48452,10.0,969131,gripper_generous_fmax,0.0,0.15245092947489378,0.3482142857142857,1038.291984251086,600.0
48452,10.0,543658,gripper_generous_fmax,0.9933153122541024,0.22742461553928703,0.0,1039.2304845413264,600.0
48452,10.0,762386,gripper_generous_fmax,0.0,0.03736419189814599,0.18803418803418803,1039.2304845413264,600.0
48452,10.0,462647,gripper_generous_fmax,1.0232575605003333,0.14878018890878295,0.0,1039.2304845413264,600.0
48452,10.0,267743,gripper_generous_fmax,0.9295506532465901,0.2646568279390727,0.0,1039.2304845413264,600.0
48452,10.0,717780,gripper_generous_fmax,0.14662382922346004,0.10938076166528145,0.1565217391304348,1039.2304845413264,600.0
48452,10.0,271637,gripper_generous_fmax,0.9213035192319001,0.024989940429932543,0.0,1039.2304845413264,600.0
48452,10.0,249323,gripper_generous_fmax,0.010791510461116573,0.09829733465655553,0.16964285714285715,1039.2304845413264,600.0
48452,10.0,1046602,gripper_generous_fmax,0.951740357088228,0.2261315753847755,0.0,1039.2304845413264,600.0
48452,15.0,776626,gripper_generous_fmax,0.0,0.14957843137970755,0.47863247863247865,1023.93287727753,600.0
48452,15.0,511406,gripper_generous_fmax,1.04239884611554,0.2429654806542783,0.0,1039.2304845413264,600.0
48452,15.0,194943,gripper_generous_fmax,0.06054089626904452,0.2933070177473487,0.15126050420168066,1039.2304845413264,600.0
48452,15.0,757662,gripper_generous_fmax,0.1553263037322521,0.03207549324692117,0.3793103448275862,1038.7496039325674,600.0
48452,15.0,273559,gripper_generous_fmax,1.1514876630768691,0.0489135395685136,0.0,968.040791534034,600.0
48452,15.0,144460,gripper_generous_fmax,0.09994905880227369,0.07610049534239614,0.5446428571428571,1003.7643994829339,600.0
48452,15.0,654120,gripper_generous_fmax,0.7432898531060091,0.4450170694016693,0.0,1039.2304845413264,600.0
48452,15.0,685637,gripper_generous_fmax,1.139304913716404,0.048197730833308854,0.0,992.0565227727153,600.0
48452,15.0,1005863,gripper_generous_fmax,0.7247447901206756,0.21879254506611043,0.0,1039.2304845413264,600.0
48452,15.0,478176,gripper_generous_fmax,0.7128098686686195,0.20561237037563337,0.0,1039.2304845413264,600.0
48452,20.0,630671,gripper_generous_fmax,0.7367480995557748,0.2775410589650298,0.0,1039.2304845413264,600.0
48452,20.0,347472,gripper_generous_fmax,1.1640460158122299,0.18869042793234903,0.0,1039.2304845413264,600.0
48452,20.0,336104,gripper_generous_fmax,0.4782451854876214,0.27971910564335006,0.35294117647058826,1009.6012859937414,600.0
48452,20.0,956092,gripper_generous_fmax,0.8937988296498416,0.32969374925713774,0.0,1039.2304845413264,600.0
48452,20.0,632811,gripper_generous_fmax,0.16041733015010673,0.09914155403000362,0.43859649122807015,1015.613966690403,600.0
48452,20.0,681375,gripper_generous_fmax,1.1956806862458886,0.1264524374689318,0.0,1039.2304845413264,600.0
48452,20.0,899583,gripper_generous_fmax,0.938212741712411,0.3635418310705911,0.0,1039.2304845413264,600.0
48452,20.0,817208,gripper_generous_fmax,1.028175063373586,0.23366115807673182,0.0,1039.2304845413264,600.0
48452,20.0,599945,gripper_generous_fmax,0.6573668864401249,0.2575872985463321,0.0,1039.2304845413264,600.0
48452,20.0,287958,gripper_generous_fmax,1.2169900658484671,0.21993731933561053,0.0,1039.2304845413264,600.0
48452,30.0,877259,gripper_generous_fmax,1.205462396996258,0.10088951112731374,0.0,1026.9805667522546,600.0
48452,30.0,857550,gripper_generous_fmax,0.06177478718962105,0.3516293413649971,0.2743362831858407,949.2327679003013,600.0
48452,30.0,223101,gripper_generous_fmax,0.42363524252202,0.3496914548843733,0.06140350877192982,1006.2873642604367,600.0
48452,30.0,98679,gripper_generous_fmax,1.6,0.2627071840255804,0.17647058823529413,963.6003061642785,600.0
48452,30.0,518220,gripper_generous_fmax,1.2769877603716389,0.1157688839193548,0.0,1039.2304845413264,600.0
48452,30.0,1079431,gripper_generous_fmax,0.0,0.08482004666194172,0.3865546218487395,974.869489907937,600.0
48452,30.0,235341,gripper_generous_fmax,0.14876878004669358,0.37375614283584596,0.2,1039.2304845413264,600.0
48452,30.0,936547,gripper_generous_fmax,0.3772883461791257,0.29558905258940915,0.4608695652173913,943.7941743557531,600.0
48452,30.0,784077,gripper_generous_fmax,0.3977581201932505,0.05419436130284448,0.01694915254237288,1022.2766876876966,600.0
48452,30.0,476799,gripper_generous_fmax,1.096854149145349,0.2282830719678965,0.0,1039.2304845413264,600.0
48452,45.0,754041,gripper_generous_fmax,0.715170866952796,0.8548410037077611,0.0,1039.2304845413264,600.0
48452,45.0,356353,gripper_generous_fmax,0.8330611919173572,0.8514986671858671,0.0,1039.2304845413264,600.0
48452,45.0,691403,gripper_generous_fmax,1.1911794097937378,0.09850532050199372,0.0,993.8292991521247,600.0
48452,45.0,154061,gripper_generous_fmax,1.309977127047609,0.34384558542813914,0.0,1039.2304845413264,600.0
48452,45.0,756176,gripper_generous_fmax,0.7892257380717681,0.6025693719844389,0.0,1039.2304845413264,600.0
48452,45.0,508323,gripper_generous_fmax,0.8683225908230785,0.46544166010155014,0.0,1039.2304845413264,600.0
48452,45.0,1071208,gripper_generous_fmax,0.6096607257182,0.38998080188670936,0.39655172413793105,947.3120627604548,600.0
48452,45.0,792516,gripper_generous_fmax,0.7371793195177211,0.8557936149784142,0.0,1039.2304845413264,600.0
48452,45.0,587158,gripper_generous_fmax,0.3604166222992777,0.08034360448962855,0.5892857142857143,890.1154758264908,600.0
48452,45.0,408457,gripper_generous_fmax,0.042608622547261346,0.5997020803356654,0.3865546218487395,1039.2304845413264,600.0
7167,0.0,420274,gripper_generous_fmax,0.960942551800277,0.033729497328826186,0.0,905.3673422860589,600.0
7167,0.0,147166,gripper_generous_fmax,0.9529785324428476,0.042562597338496704,0.0,919.6110179607281,600.0
7167,0.0,692925,gripper_generous_fmax,1.0040902814909227,0.028624104886902445,0.0,885.0824061306416,600.0
7167,0.0,598051,gripper_generous_fmax,0.9491394965880273,0.04348307469084153,0.0,852.0481147120452,600.0
7167,0.0,534952,gripper_generous_fmax,0.9579107598219362,0.04139162849455047,0.0,848.6233889766935,600.0
7167,0.0,395982,gripper_generous_fmax,0.9609097157107562,0.042843898328686306,0.0,855.2203371660926,600.0
7167,0.0,552159,gripper_generous_fmax,0.9490078367820939,0.04122638412946794,0.0,849.9020744634669,600.0
7167,0.0,102548,gripper_generous_fmax,0.9543933938611875,0.040776446401676054,0.0,881.548238342505,600.0
7167,0.0,751625,gripper_generous_fmax,0.9492178434706909,0.04112391269670845,0.0,849.5191785480326,600.0
7167,0.0,653682,gripper_generous_fmax,0.9625652112047316,0.033486039977329046,0.0,1004.792654292301,600.0
7167,5.0,324013,gripper_generous_fmax,0.9154397241839212,0.08489795782959265,0.0,1025.4666631392188,600.0
7167,5.0,925350,gripper_generous_fmax,0.9735652692517074,0.026208087602929836,0.0,862.1421321379252,600.0
7167,5.0,762722,gripper_generous_fmax,0.3568095063617094,0.028144758649057564,0.3418803418803419,795.2699639180894,600.0
7167,5.0,857141,gripper_generous_fmax,0.9158308053692995,0.07597205351689938,0.0,1039.2304845413264,600.0
7167,5.0,815159,gripper_generous_fmax,0.9070923763307367,0.053993346381903604,0.0,864.8823225119751,600.0
7167,5.0,370045,gripper_generous_fmax,0.8064244158822855,0.027271105584299085,0.11504424778761062,876.727647970678,600.0
7167,5.0,577916,gripper_generous_fmax,0.9264780297422768,0.09197142916006416,0.0,1039.2304845413264,600.0
7167,5.0,983020,gripper_generous_fmax,0.6958675485087301,0.028465518227302054,0.25892857142857145,843.7566678184015,600.0
7167,5.0,895049,gripper_generous_fmax,1.0978487072901266,0.13951219824290667,0.0,1039.2304845413264,600.0
7167,5.0,289289,gripper_generous_fmax,0.12143101217925512,0.04627677992096313,0.5625,854.3547139847428,600.0
7167,10.0,674164,gripper_generous_fmax,0.031102603770734254,0.06670216094870275,0.3050847457627119,998.6322897238524,600.0
7167,10.0,970012,gripper_generous_fmax,0.9414100028986051,0.18847438664535643,0.0,1039.2304845413264,600.0
7167,10.0,1075604,gripper_generous_fmax,0.34175060867996643,0.026269301601621674,0.576271186440678,687.8833241766371,600.0
7167,10.0,493444,gripper_generous_fmax,0.8824273658305708,0.03385788900346604,0.0,891.4709479258681,600.0
7167,10.0,941177,gripper_generous_fmax,0.0,0.06499013123595052,0.2743362831858407,1039.2304845413264,600.0
7167,10.0,458579,gripper_generous_fmax,0.9436444050574319,0.06597203622343398,0.0,1039.2304845413264,600.0
7167,10.0,187708,gripper_generous_fmax,0.61842210586915,0.13892716076514908,0.16806722689075632,1030.384672067799,600.0
7167,10.0,262992,gripper_generous_fmax,0.18993710115675086,0.03519108404447225,0.059322033898305086,1039.2304845413264,600.0
7167,10.0,125528,gripper_generous_fmax,0.9159947076337326,0.22548492370375547,0.0,1039.2304845413264,600.0
7167,10.0,236946,gripper_generous_fmax,0.9439992117368112,0.20199546501578763,0.0,1039.2304845413264,600.0
7167,15.0,746839,gripper_generous_fmax,0.06996003234785951,0.09740061348587586,0.28205128205128205,1039.2304845413264,600.0
7167,15.0,793512,gripper_generous_fmax,0.03637049802809449,0.026180723694658837,0.8103448275862069,643.5104667913735,600.0
7167,15.0,435591,gripper_generous_fmax,0.22960855087013687,0.058772709594930604,0.7264957264957265,881.423044966377,600.0
7167,15.0,454548,gripper_generous_fmax,0.8319401275825784,0.1744494501684822,0.0,1039.2304845413264,600.0
7167,15.0,1008269,gripper_generous_fmax,0.889023801390822,0.05899655828462947,0.0,1039.2304845413264,600.0
7167,15.0,940109,gripper_generous_fmax,0.9455276143593495,0.286058655812603,0.0,1039.2304845413264,600.0
7167,15.0,456368,gripper_generous_fmax,1.0123406499487368,0.026670828011288398,0.0,779.223226680081,600.0
7167,15.0,237245,gripper_generous_fmax,0.20617597000759694,0.05929038548996072,0.7478260869565218,886.3169214763752,600.0
7167,15.0,750615,gripper_generous_fmax,0.004099369515163765,0.08224557751259157,0.3135593220338983,1038.3285070122568,600.0
7167,15.0,692444,gripper_generous_fmax,0.8282066299971464,0.04232527746570625,0.0,863.6408536981152,600.0
7167,20.0,459276,gripper_generous_fmax,0.00892490516892504,0.06943609424456078,0.37815126050420167,927.2935094361683,600.0
7167,20.0,686458,gripper_generous_fmax,0.007346118883200582,0.049978229787987494,0.5526315789473685,860.1049965527088,600.0
7167,20.0,183032,gripper_generous_fmax,0.1939448025106521,0.06421843268836963,0.7168141592920354,882.6849548230467,600.0
7167,20.0,794035,gripper_generous_fmax,0.8451354941809036,0.39573781470536934,0.0,1039.2304845413264,600.0
7167,20.0,267482,gripper_generous_fmax,0.11694241696158308,0.026245825084216096,0.8205128205128205,715.9868448727049,600.0
7167,20.0,595575,gripper_generous_fmax,0.8131567946487819,0.33144422971285387,0.0,1039.2304845413264,600.0
7167,20.0,798120,gripper_generous_fmax,0.14078861302028056,0.0620807985109797,0.7966101694915254,870.9759697015267,600.0
7167,20.0,688230,gripper_generous_fmax,0.8314785919597711,0.39898156867627393,0.0,1039.2304845413264,600.0
7167,20.0,1052070,gripper_generous_fmax,0.836769234608466,0.3921735649537251,0.0,1039.2304845413264,600.0
7167,20.0,815261,gripper_generous_fmax,0.15033780289198875,0.06472321646589639,0.7857142857142857,881.3307754693104,600.0
7167,30.0,132381,gripper_generous_fmax,0.693433680599907,0.38377356926141193,0.0,1039.2304845413264,600.0
7167,30.0,95815,gripper_generous_fmax,0.005516844348624593,0.025732642562722913,0.6722689075630253,856.5054178501468,600.0
7167,30.0,869578,gripper_generous_fmax,0.08370633404074636,0.059566824127210705,0.8482142857142857,869.1375589445213,600.0
7167,30.0,432780,gripper_generous_fmax,0.634840741215138,0.10694864276210173,0.0,1039.2304845413264,600.0
7167,30.0,572405,gripper_generous_fmax,0.7506111965411779,0.3507933912925574,0.0,1039.2304845413264,600.0
7167,30.0,218334,gripper_generous_fmax,0.0,0.07540207199286182,0.39473684210526316,993.8275671945743,600.0
7167,30.0,447674,gripper_generous_fmax,0.8510784467889922,0.5195998425675362,0.0,1039.2304845413264,600.0
7167,30.0,468045,gripper_generous_fmax,0.0,0.025815724568989003,0.6363636363636364,698.1591881870374,600.0
7167,30.0,707485,gripper_generous_fmax,1.1126359583236274,0.09859200877204129,0.0,1028.7671490902508,600.0
7167,30.0,373408,gripper_generous_fmax,0.06777556490868712,0.05584290138494025,0.8660714285714286,870.1136274255408,600.0
7167,45.0,630357,gripper_generous_fmax,0.2269450159101083,0.7886758628846096,0.0,920.6044205116003,600.0
7167,45.0,461917,gripper_generous_fmax,0.043264516807277914,0.05541166620513491,0.8991596638655462,861.9907139740437,600.0
7167,45.0,417380,gripper_generous_fmax,0.030044893361854515,0.05900663859150095,0.8571428571428571,865.5050038663466,600.0
7167,45.0,986249,gripper_generous_fmax,0.7892891443565906,0.3592491125683936,0.0,1039.2304845413264,600.0
7167,45.0,656895,gripper_generous_fmax,0.041468250420923156,0.06332910664644907,0.8918918918918919,868.4605338177605,600.0
7167,45.0,373113,gripper_generous_fmax,0.03358206838784122,0.058040170258160655,0.9043478260869565,862.8735412033714,600.0
7167,45.0,335059,gripper_generous_fmax,0.8035896736194766,0.4806531567073962,0.0,1039.2304845413264,600.0
7167,45.0,202139,gripper_generous_fmax,0.6821503558537784,0.6152661013614558,0.0,1039.2304845413264,600.0
7167,45.0,386552,gripper_generous_fmax,0.5776008203982578,0.3669411011146588,0.0,1039.2304845413264,600.0
7167,45.0,782158,gripper_generous_fmax,0.03362717845701741,0.052293504808849235,0.9,867.4760581135645,600.0
10685,0.0,650117,firm_point,1.0098094663087303,0.004739298420993337,0.0,61.596873582429204,58.10067718849054
10685,0.0,729535,firm_point,1.008212040339426,0.0044937413983520145,0.01680672268907563,60.98061880695148,58.10067718849054
10685,0.0,644855,firm_point,1.0329391168349185,0.00648313807940411,0.0,61.33247309869568,58.10067718849054
10685,0.0,353521,firm_point,1.0674266405689763,0.004394930188431833,0.008403361344537815,59.99937703816344,58.10067718849054
10685,0.0,645626,firm_point,1.0040461224226018,0.004262440744679429,0.0,60.9902832678303,58.10067718849054
10685,0.0,163414,firm_point,1.0310806041120297,0.005317864894761292,0.0,59.322936282874664,58.10067718849054
10685,0.0,704451,firm_point,0.9941384489228272,0.007535678742080135,0.008403361344537815,59.92173781669694,58.10067718849054
10685,0.0,505005,firm_point,1.0234981739491873,0.004845086344955541,0.0,59.51732485655148,58.10067718849054
10685,0.0,642709,firm_point,1.0761745874142337,0.004638282422789636,0.0,60.13795093719356,58.10067718849054
10685,0.0,841698,firm_point,1.0673760168038982,0.006057935955158917,0.025210084033613446,62.42269855844386,58.10067718849054
10685,5.0,163809,firm_point,1.010012547743933,0.07436257230722136,0.12605042016806722,82.16676566302444,58.10067718849054
10685,5.0,194525,firm_point,0.9251866678245274,0.07216637536024995,0.12605042016806722,82.16676566302444,58.10067718849054
10685,5.0,399166,firm_point,1.1504276532719673,0.017527958098494653,0.008403361344537815,80.2785671127905,58.10067718849054
10685,5.0,271507,firm_point,1.0772160299664257,0.07318527398524716,0.025210084033613446,82.16676566302444,58.10067718849054
10685,5.0,610751,firm_point,1.0734880247661729,0.07330740402410497,0.05042016806722689,82.16676566302444,58.10067718849054
10685,5.0,265929,firm_point,0.976237918380436,0.05037393821805713,0.11764705882352941,82.16676566302444,58.10067718849054
10685,5.0,113739,firm_point,0.9397149428231788,0.05724223252310012,0.12605042016806722,82.16676566302444,58.10067718849054
10685,5.0,268052,firm_point,1.1399463072549845,0.03911747011268581,0.03361344537815126,82.16676566302444,58.10067718849054
10685,5.0,975722,firm_point,1.0290100623649314,0.05133899974900455,0.03361344537815126,82.16676566302444,58.10067718849054
10685,5.0,1090089,firm_point,0.9245953583969057,0.07131849460130898,0.10084033613445378,82.16676566302444,58.10067718849054
10685,10.0,777252,firm_point,0.8374104150063508,0.056573776449582884,0.15126050420168066,82.16676566302444,58.10067718849054
10685,10.0,302607,firm_point,0.7866149961449844,0.07106665525805485,0.15966386554621848,82.16676566302444,58.10067718849054
10685,10.0,117796,firm_point,0.8318808689602447,0.03709913465414237,0.1092436974789916,82.16676566302444,58.10067718849054
10685,10.0,489119,firm_point,1.1773417253191183,0.11316607175893555,0.025210084033613446,82.16676566302444,58.10067718849054
10685,10.0,699048,firm_point,1.219752206155668,0.055242506353208494,0.008403361344537815,82.16676566302444,58.10067718849054
10685,10.0,586675,firm_point,0.69485615452509,0.09533804662507167,0.09243697478991597,81.64902565399653,58.10067718849054
10685,10.0,118184,firm_point,0.6912727223843385,0.20659749046077192,0.13445378151260504,81.84877430114382,58.10067718849054
10685,10.0,368848,firm_point,0.8251665222104196,0.1320974401202767,0.2184873949579832,82.16676566302444,58.10067718849054
10685,10.0,871113,firm_point,0.678482813100144,0.20073507210571595,0.15126050420168066,81.10534274555204,58.10067718849054
10685,10.0,766929,firm_point,0.8431836303646817,0.03370255996422376,0.025210084033613446,82.16676566302444,58.10067718849054
10685,15.0,677456,firm_point,0.767148586059094,0.02562242566994305,0.058823529411764705,82.16676566302444,58.10067718849054
10685,15.0,942352,firm_point,0.5239467803480975,0.24951379509890048,0.21008403361344538,70.76937048023939,58.10067718849054
10685,15.0,826631,firm_point,0.823471338623535,0.22655921048974162,0.3025210084033613,82.16676566302444,58.10067718849054
10685,15.0,577622,firm_point,0.6670588456842086,0.05855399067798548,0.11764705882352941,81.38501677505643,58.10067718849054
10685,15.0,355767,firm_point,0.5234786906629548,0.2445899062624867,0.2605042016806723,71.39147997466061,58.10067718849054
10685,15.0,902586,firm_point,0.5396439318343561,0.2730567617538214,0.29411764705882354,73.2160105565924,58.10067718849054
10685,15.0,508555,firm_point,1.2989811993144746,0.06528115266016082,0.008403361344537815,76.04240584048381,58.10067718849054
10685,15.0,331442,firm_point,0.8188540262674632,0.22049341324290395,0.31092436974789917,82.16676566302444,58.10067718849054
10685,15.0,459604,firm_point,0.698430225438863,0.11773747828475777,0.2184873949579832,82.16676566302444,58.10067718849054
10685,15.0,117192,firm_point,0.6870881209291976,0.10030398836939146,0.2857142857142857,82.16676566302444,58.10067718849054
10685,20.0,1061430,firm_point,1.4291681538439553,0.1169017596243478,0.0,82.16676566302444,58.10067718849054
10685,20.0,223123,firm_point,0.49968104540469394,0.37084087414973194,0.226890756302521,69.71583698013909,58.10067718849054
10685,20.0,966451,firm_point,0.4476658160776906,0.1389657604321532,0.31092436974789917,68.07044350350317,58.10067718849054
10685,20.0,847550,firm_point,0.38276607368566984,0.3066319103739649,0.3949579831932773,66.01072576597952,58.10067718849054
10685,20.0,610502,firm_point,0.5983389031990674,0.36833370374121754,0.226890756302521,75.22134744628329,58.10067718849054
10685,20.0,252738,firm_point,0.5337541410465153,0.05268462272329618,0.226890756302521,71.90446375718189,58.10067718849054
10685,20.0,710860,firm_point,0.7482630358839155,0.302156776482475,0.3949579831932773,82.16676566302444,58.10067718849054
10685,20.0,415701,firm_point,1.3486428340422598,0.09809429968152458,0.0,82.16676566302444,58.10067718849054
10685,20.0,637161,firm_point,0.6757212627250349,0.06666901744922477,0.1092436974789916,80.4322839267607,58.10067718849054
10685,20.0,807735,firm_point,1.3537692655135192,0.07558532689624307,0.008403361344537815,82.16676566302444,58.10067718849054
10685,30.0,244561,firm_point,0.34598327574070464,0.5126971478433504,0.4117647058823529,65.33994336298603,58.10067718849054
10685,30.0,945968,firm_point,0.36639923712125566,0.03625495227730039,0.4117647058823529,64.43019499926862,58.10067718849054
10685,30.0,1035490,firm_point,0.2746615511978692,0.048555969888710034,0.47058823529411764,61.69252859620736,58.10067718849054
10685,30.0,307716,firm_point,0.6825422672407733,0.42374999358045573,0.46218487394957986,82.16676566302444,58.10067718849054
10685,30.0,1034177,firm_point,1.5,0.1689461371772258,0.0,82.16676566302444,58.10067718849054
10685,30.0,579229,firm_point,1.5,0.2204935665859642,0.008403361344537815,82.16676566302444,58.10067718849054
10685,30.0,420712,firm_point,0.15790318427837524,0.40046367034963337,0.5714285714285714,60.13571004287431,58.10067718849054
10685,30.0,214398,firm_point,1.3746941491442373,0.15976121506486132,0.01680672268907563,82.16676566302444,58.10067718849054
10685,30.0,156412,firm_point,0.6850055971920745,0.24309873575135219,0.18487394957983194,82.16676566302444,58.10067718849054
10685,30.0,1040009,firm_point,1.4760179536368478,0.06090059526020707,0.0,82.16676566302444,58.10067718849054
10685,45.0,333277,firm_point,0.03931496458942291,0.6165238929434631,0.5546218487394958,59.44893223390386,58.10067718849054
10685,45.0,225013,firm_point,0.0,0.07059477374417039,0.8571428571428571,82.16676566302444,58.10067718849054
10685,45.0,999498,firm_point,0.7004948963196073,0.5066278695384777,0.16806722689075632,82.16676566302444,58.10067718849054
10685,45.0,628503,firm_point,0.20626406102263944,0.19759503152911423,0.5798319327731093,61.138562481716264,58.10067718849054
10685,45.0,113851,firm_point,1.4481226101453315,0.1832728162496304,0.008403361344537815,81.03024537749117,58.10067718849054
10685,45.0,960865,firm_point,1.5,0.17354272618317118,0.0,82.16676566302444,58.10067718849054
10685,45.0,965437,firm_point,1.4687806094515332,0.09140916410596439,0.008403361344537815,82.16676566302444,58.10067718849054
10685,45.0,391200,firm_point,0.2665211747135694,0.23144371411746195,0.4957983193277311,62.80789679255315,58.10067718849054
10685,45.0,293004,firm_point,1.5,0.30655581711242186,0.03361344537815126,82.16676566302444,58.10067718849054
10685,45.0,615235,firm_point,1.1543270349034214,0.30482944907555337,0.11764705882352941,82.16676566302444,58.10067718849054
12252,0.0,490403,firm_point,1.073978100998446,0.003402295815300851,0.0,136.0965741684444,96.97141189258257
12252,0.0,606798,firm_point,1.002964854005454,0.003100938764332468,0.0,135.79598720075128,96.97141189258257
12252,0.0,288346,firm_point,1.04229833426143,0.0031213018292310475,0.0,136.23805667620448,96.97141189258257
12252,0.0,269905,firm_point,1.0216715625974762,0.0033345188747166783,0.0,135.83470034839772,96.97141189258257
12252,0.0,203280,firm_point,1.0593788208608204,0.003442994377509808,0.0,137.1053842210536,96.97141189258257
12252,0.0,803215,firm_point,1.0413505211991936,0.003093012661842304,0.0,134.8951593021827,96.97141189258257
12252,0.0,474380,firm_point,1.069870469241693,0.003253232815425249,0.0,136.09704641009233,96.97141189258257
12252,0.0,119854,firm_point,1.0572927686708424,0.0030622920311126744,0.0,133.75710752650446,96.97141189258257
12252,0.0,97751,firm_point,1.0500263408649129,0.0037513326359533395,0.0,136.41390649828324,96.97141189258257
12252,0.0,115077,firm_point,1.0494179792017506,0.0031459984026838456,0.0,134.8079536321127,96.97141189258257
12252,5.0,875014,firm_point,1.0527829958489223,0.11975151129622888,0.0,135.90945624992324,96.97141189258257
12252,5.0,947041,firm_point,0.9802036302222837,0.05055637362110405,0.05042016806722689,137.13828586095792,96.97141189258257
12252,5.0,602140,firm_point,1.071171771997464,0.07295860621620141,0.04201680672268908,137.13828586095792,96.97141189258257
12252,5.0,906554,firm_point,0.9491641214254503,0.021255579306079523,0.0,136.7197479312363,96.97141189258257
12252,5.0,498264,firm_point,1.0809426651293124,0.022586204915597728,0.0,135.62333286180223,96.97141189258257
12252,5.0,331308,firm_point,1.1524986526383967,0.04582772213292969,0.0,135.16357980624625,96.97141189258257
12252,5.0,736848,firm_point,1.1372063169486892,0.04726510517059757,0.0,135.45112270028858,96.97141189258257
12252,5.0,97310,firm_point,1.0169059696125273,0.09198583798737386,0.0,136.03798572458513,96.97141189258257
12252,5.0,782311,firm_point,0.9259325655055999,0.09974459961202721,0.09243697478991597,137.13828586095792,96.97141189258257
12252,5.0,484005,firm_point,0.9799324188159605,0.06029095389476311,0.0,135.75071344570753,96.97141189258257
12252,10.0,965129,firm_point,0.9463853722646566,0.2438389399543083,0.17647058823529413,137.13828586095792,96.97141189258257
12252,10.0,639126,firm_point,0.8425775241490527,0.12856479660038259,0.12605042016806722,137.13828586095792,96.97141189258257
12252,10.0,132582,firm_point,1.1584553446700094,0.25098498365107,0.008403361344537815,137.13828586095792,96.97141189258257
12252,10.0,353044,firm_point,1.1866374676198383,0.03240207231573205,0.0,134.69711481588513,96.97141189258257
12252,10.0,418871,firm_point,1.2082375583678533,0.2123760658561095,0.0,135.9015777814764,96.97141189258257
12252,10.0,104780,firm_point,1.032455673814383,0.2859730026754885,0.04201680672268908,136.7684000663583,96.97141189258257
12252,10.0,950256,firm_point,0.972884534861242,0.17900700597854446,0.01680672268907563,136.36527581042546,96.97141189258257
12252,10.0,452654,firm_point,1.034676230300557,0.2480654164655491,0.01680672268907563,137.13828586095792,96.97141189258257
12252,10.0,1059145,firm_point,1.1401637189984906,0.21212736990384895,0.0,137.13828586095792,96.97141189258257
12252,10.0,495786,firm_point,1.1460816853785865,0.24025796402626756,0.008403361344537815,136.11538716473146,96.97141189258257
12252,15.0,541710,firm_point,0.598725174375698,0.4156652617218728,0.1092436974789916,123.52560738728094,96.97141189258257
12252,15.0,1005029,firm_point,1.035430791157568,0.2974329138617592,0.14285714285714285,137.13828586095792,96.97141189258257
12252,15.0,446765,firm_point,0.6800311590154867,0.132015253861454,0.03361344537815126,132.91561583042028,96.97141189258257
12252,15.0,1031913,firm_point,0.5955837698278573,0.34222009596535824,0.13445378151260504,122.73069235569596,96.97141189258257
12252,15.0,457817,firm_point,1.2322591684235482,0.28645710285226295,0.008403361344537815,136.3898198511496,96.97141189258257
12252,15.0,768085,firm_point,0.7769166109178263,0.16516632964516936,0.17647058823529413,137.13828586095792,96.97141189258257
12252,15.0,143747,firm_point,0.9142829058459718,0.36250202019182964,0.226890756302521,137.13828586095792,96.97141189258257
12252,15.0,581185,firm_point,1.174298013456183,0.20203991674978702,0.05042016806722689,137.13828586095792,96.97141189258257
12252,15.0,795799,firm_point,0.7690529300439579,0.2983407576616448,0.2605042016806723,137.13828586095792,96.97141189258257
12252,15.0,199075,firm_point,1.2633781991509632,0.04596407370728635,0.0,134.83537907187767,96.97141189258257
12252,20.0,877750,firm_point,1.362747318518872,0.1850013688600082,0.0,135.45142724177256,96.97141189258257
12252,20.0,374548,firm_point,0.7172110339560843,0.25150529582667575,0.16806722689075632,137.13828586095792,96.97141189258257
12252,20.0,785567,firm_point,1.2471641062054981,0.10808871677957702,0.0,135.85790040764533,96.97141189258257
12252,20.0,831677,firm_point,1.05949451164402,0.3243712807845996,0.14285714285714285,137.13828586095792,96.97141189258257
12252,20.0,320569,firm_point,0.7161304171554935,0.4419007856998462,0.31932773109243695,137.13828586095792,96.97141189258257
12252,20.0,239732,firm_point,0.6110878625348042,0.062403975982403,0.09243697478991597,124.01041294174391,96.97141189258257
12252,20.0,352842,firm_point,0.8274193937405446,0.4872868603878229,0.31092436974789917,137.13828586095792,96.97141189258257
12252,20.0,686851,firm_point,1.2848810478520096,0.11977655165032257,0.0,135.5038136952353,96.97141189258257
12252,20.0,965020,firm_point,0.4941015402745986,0.3546828653492292,0.2184873949579832,116.14898363528823,96.97141189258257
12252,20.0,841700,firm_point,0.9246202622936776,0.46239002865368,0.2605042016806723,137.13828586095792,96.97141189258257
12252,30.0,148586,firm_point,0.8093682937882217,0.6763964436123167,0.3697478991596639,137.13828586095792,96.97141189258257
12252,30.0,821921,firm_point,1.4031581355446745,0.4153074771324629,0.0,137.13828586095792,96.97141189258257
12252,30.0,741168,firm_point,0.6799934865137643,0.29995599797574735,0.01680672268907563,132.89480652387633,96.97141189258257
12252,30.0,906730,firm_point,0.3009630647456972,0.7593320713171249,0.47058823529411764,103.71038360545957,96.97141189258257
12252,30.0,458155,firm_point,1.286680346208828,0.22764960377941407,0.0,137.13828586095792,96.97141189258257
12252,30.0,923860,firm_point,0.6965576467864708,0.6200872972866465,0.3697478991596639,137.13828586095792,96.97141189258257
12252,30.0,1005702,firm_point,0.24717958905940632,0.6429525330069071,0.5546218487394958,101.75275011298139,96.97141189258257
12252,30.0,348856,firm_point,0.2657548063942279,0.36066357128808085,0.5714285714285714,103.36172756055933,96.97141189258257
12252,30.0,613623,firm_point,1.3785511444705443,0.24666515431312686,0.0,137.13828586095792,96.97141189258257
12252,30.0,1031921,firm_point,0.41877961224389937,0.0723447371896306,0.2773109243697479,111.1122467166772,96.97141189258257
12252,45.0,906468,firm_point,0.7139604934661152,0.7743290199106411,0.01680672268907563,136.67800658942306,96.97141189258257
12252,45.0,1038971,firm_point,0.3169730118812681,0.3079644836366152,0.5378151260504201,105.48174209571621,96.97141189258257
12252,45.0,859685,firm_point,0.695919306830703,0.9595813558272175,0.3949579831932773,137.13828586095792,96.97141189258257
12252,45.0,532311,firm_point,0.6078371569874835,0.9270267437170513,0.11764705882352941,124.3310071105745,96.97141189258257
12252,45.0,129737,firm_point,0.4329643605403027,0.47760950923513235,0.2773109243697479,109.83660769456303,96.97141189258257
12252,45.0,347547,firm_point,0.26321125789378996,0.2452028004757294,0.6302521008403361,103.26175568726723,96.97141189258257
12252,45.0,784843,firm_point,0.7030798493506103,0.939522862645051,0.3277310924369748,137.13828586095792,96.97141189258257
12252,45.0,1030268,firm_point,0.21653543032822517,0.2003826924284692,0.7142857142857143,100.65479953872551,96.97141189258257
12252,45.0,673222,firm_point,0.3899398298851073,0.3975716333749389,0.3445378151260504,108.78620478072317,96.97141189258257
12252,45.0,915028,firm_point,1.2327153896659704,0.24476599706702287,0.0,134.8441871095556,96.97141189258257
41003,0.0,629491,firm_point,1.068354098782332,0.004885841509543567,0.025210084033613446,76.82569262885923,72.74793459921045
41003,0.0,626748,firm_point,1.0748916348786732,0.007114917347561426,0.0,74.11178688131758,72.74793459921045
41003,0.0,708178,firm_point,1.0806423597096242,0.006124055794064592,0.008403361344537815,75.81556876801642,72.74793459921045
41003,0.0,523678,firm_point,1.0385801072669365,0.007724149000607586,0.0,73.63286505312313,72.74793459921045
41003,0.0,437173,firm_point,1.078865748030144,0.004213569672670463,0.008403361344537815,75.66077826990788,72.74793459921045
41003,0.0,898061,firm_point,1.0146781345485956,0.006416660673591355,0.01680672268907563,73.94175254697994,72.74793459921045
41003,0.0,313082,firm_point,1.0171884791826546,0.006867570749077114,0.0,74.40885112125306,72.74793459921045
41003,0.0,544253,firm_point,0.9937131292309633,0.006561329160629225,0.0,76.46344662661205,72.74793459921045
41003,0.0,316192,firm_point,1.0023046564923135,0.007738759297432668,0.008403361344537815,74.82338529879092,72.74793459921045
41003,0.0,119257,firm_point,0.9926664018766156,0.0064319599441273675,0.008403361344537815,74.78664276038441,72.74793459921045
41003,5.0,92013,firm_point,0.8582415235954006,0.056174597221180046,0.19327731092436976,102.88111574483435,72.74793459921045
41003,5.0,925668,firm_point,1.0898206193119873,0.07843776234461061,0.13445378151260504,102.88111574483435,72.74793459921045
41003,5.0,341662,firm_point,1.2524260615217568,0.022643497060956193,0.03361344537815126,102.3428494636569,72.74793459921045
41003,5.0,890132,firm_point,0.9885315964654207,0.09505525814365749,0.21008403361344538,102.88111574483435,72.74793459921045
41003,5.0,184844,firm_point,0.8348270032784153,0.013788988835567909,0.06722689075630252,98.98001167971897,72.74793459921045
41003,5.0,1006227,firm_point,0.9367958318009447,0.09748327194042719,0.21008403361344538,102.88111574483435,72.74793459921045
41003,5.0,248998,firm_point,0.8457668650986793,0.06580335953486117,0.23529411764705882,102.88111574483435,72.74793459921045
41003,5.0,799916,firm_point,1.2079258221608242,0.0852946373520799,0.058823529411764705,102.09470389603867,72.74793459921045
41003,5.0,586831,firm_point,0.8980680383424363,0.023520336247994045,0.03361344537815126,97.18150963726205,72.74793459921045
41003,5.0,296047,firm_point,1.1817566597796674,0.037549458498673055,0.05042016806722689,102.88111574483435,72.74793459921045
41003,10.0,199573,firm_point,0.46035811858044545,0.18264629818077402,0.3025210084033613,85.58307629301639,72.74793459921045
41003,10.0,296684,firm_point,0.47625733946589144,0.1556473110228142,0.36134453781512604,88.23381070585283,72.74793459921045
41003,10.0,392104,firm_point,0.6973077411658035,0.07753677708854226,0.23529411764705882,102.88111574483435,72.74793459921045
41003,10.0,820009,firm_point,1.4454318951377574,0.062447226577266486,0.008403361344537815,102.13763035858125,72.74793459921045
41003,10.0,189796,firm_point,1.0841019074124956,0.15302096368489534,0.20168067226890757,102.88111574483435,72.74793459921045
41003,10.0,828604,firm_point,0.9664442437249535,0.17829317516366555,0.2857142857142857,102.88111574483435,72.74793459921045
41003,10.0,702599,firm_point,0.6847906933758898,0.10504491877102015,0.31092436974789917,102.88111574483435,72.74793459921045
41003,10.0,1055145,firm_point,0.9420805692888644,0.18670987566030114,0.31092436974789917,102.88111574483435,72.74793459921045
41003,10.0,424087,firm_point,0.6788875073313269,0.09694951117810421,0.33613445378151263,102.88111574483435,72.74793459921045
41003,10.0,750961,firm_point,0.48700335945146545,0.24255084067268778,0.2689075630252101,87.48904594770751,72.74793459921045
41003,15.0,446709,firm_point,0.9323545032803192,0.27733089872766076,0.3949579831932773,102.88111574483435,72.74793459921045
41003,15.0,109621,firm_point,0.40893765910669944,0.039244907199603975,0.24369747899159663,84.14369423868801,72.74793459921045
41003,15.0,581679,firm_point,0.4736596041678394,0.37862669465458765,0.31932773109243695,87.82785679920492,72.74793459921045
41003,15.0,516988,firm_point,0.6858559545001198,0.14707025990262215,0.2605042016806723,102.88111574483435,72.74793459921045
41003,15.0,1066629,firm_point,1.5,0.17915479954648322,0.05042016806722689,102.88111574483435,72.74793459921045
41003,15.0,304934,firm_point,1.4121241442986183,0.15028537545697393,0.06722689075630252,102.88111574483435,72.74793459921045
41003,15.0,1067968,firm_point,0.6290958124373334,0.09909341182076392,0.21008403361344538,96.27585948510966,72.74793459921045
41003,15.0,573712,firm_point,1.272148645835371,0.18599504095777564,0.15126050420168066,102.88111574483435,72.74793459921045
41003,15.0,648719,firm_point,1.5,0.1475508480706852,0.025210084033613446,102.88111574483435,72.74793459921045
41003,15.0,813515,firm_point,0.4823093741091899,0.36132376911633207,0.3697478991596639,85.99855846559372,72.74793459921045
41003,20.0,489524,firm_point,0.0654707726385713,0.18309196486046042,0.5378151260504201,73.71978762444581,72.74793459921045
41003,20.0,386325,firm_point,1.2563274725821054,0.25686760991145613,0.17647058823529413,102.88111574483435,72.74793459921045
41003,20.0,848308,firm_point,0.21633944459432888,0.020311486562049844,0.46218487394957986,76.18708784779282,72.74793459921045
41003,20.0,852760,firm_point,0.5464390916316287,0.45139050161447275,0.23529411764705882,91.99309050906719,72.74793459921045
41003,20.0,601501,firm_point,0.6909197978011719,0.3802729327049202,0.5630252100840336,102.88111574483435,72.74793459921045
41003,20.0,817580,firm_point,0.7798490833649983,0.37285105706464944,0.5126050420168067,102.88111574483435,72.74793459921045
41003,20.0,872132,firm_point,0.9517708422746534,0.34573898537626235,0.4117647058823529,102.88111574483435,72.74793459921045
41003,20.0,391345,firm_point,0.6893323450500134,0.21089187436133888,0.16806722689075632,102.88111574483435,72.74793459921045
41003,20.0,950640,firm_point,0.6719575640899621,0.3384164196469236,0.5126050420168067,102.88111574483435,72.74793459921045
41003,20.0,434303,firm_point,1.1617886029406645,0.27812322622523755,0.2605042016806723,102.88111574483435,72.74793459921045
41003,30.0,169443,firm_point,0.39335365314401005,0.27846539152196836,0.4117647058823529,83.11356541591365,72.74793459921045
41003,30.0,461956,firm_point,0.690205869486336,0.4721232594113732,0.44537815126050423,102.88111574483435,72.74793459921045
41003,30.0,733173,firm_point,1.431964997150088,0.36506380761161644,0.16806722689075632,102.88111574483435,72.74793459921045
41003,30.0,1080899,firm_point,1.5,0.2313101964915287,0.14285714285714285,102.88111574483435,72.74793459921045
41003,30.0,586324,firm_point,0.0,0.4384404642843532,0.6722689075630253,102.88111574483435,72.74793459921045
41003,30.0,505748,firm_point,0.0,0.0781521869963196,0.9663865546218487,102.88111574483435,72.74793459921045
41003,30.0,987479,firm_point,0.6891720572574246,0.5057726117376365,0.5462184873949579,102.88111574483435,72.74793459921045
41003,30.0,92627,firm_point,0.6825983223752388,0.4181412184076264,0.31932773109243695,102.88111574483435,72.74793459921045
41003,30.0,1080969,firm_point,0.6775605084091919,0.455980792847007,0.42857142857142855,102.88111574483435,72.74793459921045
41003,30.0,420709,firm_point,1.5,0.23126461419352598,0.15966386554621848,102.88111574483435,72.74793459921045
41003,45.0,148567,firm_point,1.0994600168160227,0.6006713344839505,0.42016806722689076,102.88111574483435,72.74793459921045
41003,45.0,668063,firm_point,0.16161079234208808,0.8008929190598042,0.3865546218487395,77.93182260133513,72.74793459921045
41003,45.0,320386,firm_point,1.5,0.48940467000568094,0.14285714285714285,102.88111574483435,72.74793459921045
41003,45.0,343188,firm_point,1.063052462951697,0.6133374132104346,0.453781512605042,102.88111574483435,72.74793459921045
41003,45.0,269930,firm_point,0.0,0.44528709261752697,0.957983193277311,102.88111574483435,72.74793459921045
41003,45.0,417434,firm_point,0.698211752167533,0.705546390951077,0.6890756302521008,102.88111574483435,72.74793459921045
41003,45.0,819458,firm_point,0.0,0.7906700708586422,0.3445378151260504,102.88111574483435,72.74793459921045
41003,45.0,342142,firm_point,0.680085866685861,0.6993588157234885,0.4789915966386555,102.88111574483435,72.74793459921045
41003,45.0,532633,firm_point,0.4632118132190635,0.579473711567407,0.2857142857142857,86.51581333588524,72.74793459921045
41003,45.0,503827,firm_point,0.0,0.38485016828247726,0.907563025210084,102.88111574483435,72.74793459921045
45087,0.0,167653,firm_point,1.0516035978566582,0.003244601076773884,0.0,156.26278150316548,110.72070185035265
45087,0.0,576527,firm_point,1.0004703589211046,0.0037077441314204225,0.0,155.65633822901532,110.72070185035265
45087,0.0,94980,firm_point,1.0687270117761676,0.003432213274025197,0.0,155.21827883459778,110.72070185035265
45087,0.0,167212,firm_point,0.9997505419664049,0.0033796749750419188,0.0,155.5847792867786,110.72070185035265
45087,0.0,746562,firm_point,1.059073389140438,0.003670689128740888,0.0,156.41604207779235,110.72070185035265
45087,0.0,840836,firm_point,1.0133677299329071,0.0034403679166865684,0.0,154.14731050589904,110.72070185035265
45087,0.0,1006909,firm_point,1.076245586838405,0.0031435025929069443,0.0,156.5633335843625,110.72070185035265
45087,0.0,942208,firm_point,1.052758496297479,0.004118484326975642,0.0,155.750393846847,110.72070185035265
45087,0.0,239972,firm_point,1.0290885578947253,0.0045450357837373894,0.0,155.1070128811416,110.72070185035265
45087,0.0,324225,firm_point,1.0098812909338417,0.003667268689865609,0.0,155.72627194036468,110.72070185035265
45087,5.0,486293,firm_point,0.984729402128771,0.13552943345165205,0.025210084033613446,156.58271819223657,110.72070185035265
45087,5.0,380719,firm_point,1.0725572039766373,0.02010674920393776,0.0,156.35052989886273,110.72070185035265
45087,5.0,206437,firm_point,1.0773706000278658,0.06536489396009992,0.0,156.58271819223657,110.72070185035265
45087,5.0,646875,firm_point,1.047513309780207,0.04550982302436931,0.008403361344537815,156.58271819223657,110.72070185035265
45087,5.0,659316,firm_point,1.0922053798311078,0.12325445118007904,0.0,154.28258955277252,110.72070185035265
45087,5.0,837244,firm_point,1.0160730460745662,0.13618392876088747,0.0,155.02037924186897,110.72070185035265
45087,5.0,371517,firm_point,1.0575036950042291,0.10870191695023732,0.008403361344537815,156.58271819223657,110.72070185035265
45087,5.0,280005,firm_point,0.9823630518967138,0.07684016130646504,0.01680672268907563,156.58271819223657,110.72070185035265
45087,5.0,1009391,firm_point,1.0303788682054194,0.11940705897587438,0.0,154.36214402945512,110.72070185035265
45087,5.0,999510,firm_point,1.014858478607409,0.09584740229082343,0.01680672268907563,156.58271819223657,110.72070185035265
45087,10.0,391354,firm_point,1.0425752723335386,0.2280852995435946,0.0,154.7177136500527,110.72070185035265
45087,10.0,197792,firm_point,1.0246041887407893,0.21145878270863522,0.008403361344537815,156.58271819223657,110.72070185035265
45087,10.0,608701,firm_point,0.9948365591081132,0.16445542179315087,0.0,154.23276797995206,110.72070185035265
45087,10.0,854985,firm_point,1.0414248787939269,0.1074504337112322,0.008403361344537815,156.58271819223657,110.72070185035265
45087,10.0,703492,firm_point,1.0068185471649185,0.19156768352863038,0.008403361344537815,156.58271819223657,110.72070185035265
45087,10.0,484678,firm_point,0.9530724045178894,0.12304996397435129,0.025210084033613446,156.58271819223657,110.72070185035265
45087,10.0,639710,firm_point,1.0969448707295748,0.21547064050750214,0.0,154.50693922122403,110.72070185035265
45087,10.0,919558,firm_point,1.0279478698995266,0.2387483055117818,0.025210084033613446,156.58271819223657,110.72070185035265
45087,10.0,819638,firm_point,1.0020066983714926,0.07990912940877352,0.01680672268907563,156.58271819223657,110.72070185035265
45087,10.0,860477,firm_point,0.9750696431594326,0.15515325682301667,0.01680672268907563,156.58271819223657,110.72070185035265
45087,15.0,404034,firm_point,1.1128619399737147,0.3865045181561662,0.0,154.22584550143722,110.72070185035265
45087,15.0,388292,firm_point,0.9482514246386796,0.17827037821505243,0.03361344537815126,156.58271819223657,110.72070185035265
45087,15.0,719101,firm_point,1.0152174162178542,0.32846669627385616,0.0,154.84200880030855,110.72070185035265
45087,15.0,204280,firm_point,1.0073127821890464,0.31074562310577797,0.03361344537815126,156.58271819223657,110.72070185035265
45087,15.0,770327,firm_point,1.0272263882212964,0.35186642880668484,0.03361344537815126,156.58271819223657,110.72070185035265
45087,15.0,224271,firm_point,0.9190028690139211,0.08738345087743438,0.0,155.6842707410926,110.72070185035265
45087,15.0,769689,firm_point,1.100816187239582,0.3546143642020429,0.0,154.547111345644,110.72070185035265
45087,15.0,665379,firm_point,0.9934083298233554,0.2752808668583721,0.0,153.53682326287245,110.72070185035265
45087,15.0,1072148,firm_point,1.0191782804520384,0.03951752276023943,0.0,155.71205978123936,110.72070185035265
45087,15.0,201827,firm_point,0.9946970021300674,0.1592468602394042,0.0,154.7051631580187,110.72070185035265
45087,20.0,644015,firm_point,0.9970675608051457,0.5224502499410844,0.04201680672268908,156.58271819223657,110.72070185035265
45087,20.0,295556,firm_point,0.9270996536948015,0.14972658585777307,0.0,154.4293808634609,110.72070185035265
45087,20.0,499072,firm_point,0.9922308329947065,0.40375288737266524,0.03361344537815126,156.58271819223657,110.72070185035265
45087,20.0,352026,firm_point,0.9985020989175802,0.5095264536196499,0.04201680672268908,156.58271819223657,110.72070185035265
45087,20.0,679697,firm_point,0.9741929069707095,0.4688380580386487,0.04201680672268908,156.58271819223657,110.72070185035265
45087,20.0,1084161,firm_point,0.8973758597005509,0.2992598138945768,0.0,156.58271819223657,110.72070185035265
45087,20.0,425631,firm_point,1.0968898576180444,0.433869613702966,0.0,154.83937532235555,110.72070185035265
45087,20.0,572282,firm_point,1.0265477183240221,0.41100737117072517,0.04201680672268908,156.58271819223657,110.72070185035265
45087,20.0,380374,firm_point,0.9714772159940281,0.359140434057184,0.05042016806722689,156.58271819223657,110.72070185035265
45087,20.0,405729,firm_point,0.9055011963214719,0.18645189688081837,0.0,154.94164425102733,110.72070185035265
45087,30.0,501000,firm_point,0.9229509958518234,0.7574951153203997,0.01680672268907563,156.58271819223657,110.72070185035265
45087,30.0,232491,firm_point,1.0487438194868826,0.1978060403942927,0.0,154.0639314188888,110.72070185035265
45087,30.0,881255,firm_point,0.8972866340987178,0.751936029804296,0.008403361344537815,156.58271819223657,110.72070185035265
45087,30.0,381653,firm_point,0.9025473421250015,0.5921220526092067,0.03361344537815126,156.58271819223657,110.72070185035265
45087,30.0,1044074,firm_point,0.9495025906677178,0.6672781177210607,0.05042016806722689,156.58271819223657,110.72070185035265
45087,30.0,793945,firm_point,0.9049658199360688,0.43068283931807744,0.05042016806722689,156.58271819223657,110.72070185035265
45087,30.0,235171,firm_point,1.0390609314731045,0.12190275015831582,0.0,155.54528360635166,110.72070185035265
45087,30.0,760867,firm_point,0.6075328191806882,0.680460862882425,0.10084033613445378,144.89956061079528,110.72070185035265
45087,30.0,516570,firm_point,0.9040695619223422,0.6084064203982997,0.03361344537815126,156.58271819223657,110.72070185035265
45087,30.0,320107,firm_point,0.9357166776305416,0.6156936178315612,0.05042016806722689,156.58271819223657,110.72070185035265
45087,45.0,700947,firm_point,0.8580922782587189,0.8961053899975765,0.0,154.4804034376428,110.72070185035265
45087,45.0,1068764,firm_point,0.816552096309229,0.8055122717859265,0.0,155.04330337362603,110.72070185035265
45087,45.0,761540,firm_point,0.7628644131375523,0.6443806318058201,0.04201680672268908,156.58271819223657,110.72070185035265
45087,45.0,131850,firm_point,0.678543998947248,1.057326064434151,0.008403361344537815,151.7764378603129,110.72070185035265
45087,45.0,900218,firm_point,0.8029571512998388,0.841839097304981,0.0,154.10714219001832,110.72070185035265
45087,45.0,591234,firm_point,0.3679482304322975,1.1412852518573593,0.37815126050420167,121.90324095859089,110.72070185035265
45087,45.0,1031847,firm_point,0.7482557106924869,0.7197395874623362,0.01680672268907563,155.60682885685887,110.72070185035265
45087,45.0,919595,firm_point,1.0759578043338358,0.4817355336023354,0.0,156.58271819223657,110.72070185035265
45087,45.0,110124,firm_point,0.7085909546107391,0.5015946818620044,0.04201680672268908,156.58271819223657,110.72070185035265
45087,45.0,850531,firm_point,0.32757001564766175,0.9540481570057127,0.4369747899159664,120.81641120081083,110.72070185035265
45162,0.0,529017,firm_point,1.0538587296473287,0.005494776364034376,0.008403361344537815,76.79686388712211,74.01846687584545
45162,0.0,392240,firm_point,1.0239732863381266,0.006728759549435031,0.0,76.30940017646904,74.01846687584545
45162,0.0,690113,firm_point,0.9946629489752812,0.007280114623703851,0.0,76.16190039755834,74.01846687584545
45162,0.0,837038,firm_point,1.0542233695404792,0.007096538999957758,0.008403361344537815,76.7074564266829,74.01846687584545
45162,0.0,143045,firm_point,1.0261714095818515,0.00883431152906454,0.0,75.3580110878601,74.01846687584545
45162,0.0,711594,firm_point,1.0142280125286391,0.00716020628137049,0.0,75.07168028112793,74.01846687584545
45162,0.0,1055054,firm_point,1.0739053319967202,0.006247920335003102,0.008403361344537815,76.7813087869747,74.01846687584545
45162,0.0,1076255,firm_point,1.0616109115163177,0.005880003939730627,0.0,75.33362285321873,74.01846687584545
45162,0.0,561939,firm_point,1.0784310757450855,0.0057477231558872915,0.0,75.5685581926016,74.01846687584545
45162,0.0,642897,firm_point,1.0197090642481403,0.007159230666658406,0.0,75.66307241779748,74.01846687584545
45162,5.0,833585,firm_point,1.1094247466146367,0.038479357327855006,0.0,103.36824059177097,74.01846687584545
45162,5.0,883807,firm_point,1.0306750723552,0.04933559365125029,0.0,103.21266108941747,74.01846687584545
45162,5.0,783223,firm_point,1.10785699411589,0.03453783982095185,0.0,88.49896107048964,74.01846687584545
45162,5.0,199397,firm_point,1.0212819114947902,0.07130307458128515,0.0,103.56282750410804,74.01846687584545
45162,5.0,676789,firm_point,1.0985200018094678,0.03550090673570225,0.0,103.38592732234429,74.01846687584545
45162,5.0,283476,firm_point,1.015439212412997,0.018723475833545417,0.0,83.62314496292991,74.01846687584545
45162,5.0,1000819,firm_point,0.9471771063989047,0.02385783648587184,0.0,96.88472916056553,74.01846687584545
45162,5.0,1088053,firm_point,1.1340395474937317,0.024514417670030826,0.025210084033613446,103.70114450694923,74.01846687584545
45162,5.0,445908,firm_point,1.0599543815387404,0.07177704698202844,0.0,104.67791972188432,74.01846687584545
45162,5.0,550909,firm_point,1.1088006698315558,0.07366429020760246,0.01680672268907563,103.65420900544125,74.01846687584545
45162,10.0,687303,firm_point,0.9404416725301277,0.11846054875321131,0.11764705882352941,104.67791972188432,74.01846687584545
45162,10.0,1087969,firm_point,0.8996425679458533,0.12757975636733226,0.1092436974789916,104.67791972188432,74.01846687584545
45162,10.0,544315,firm_point,0.9669127351332893,0.14462968158799228,0.025210084033613446,104.10298849617459,74.01846687584545
45162,10.0,1060285,firm_point,1.1450564974359208,0.14369809389392804,0.0,103.53792371074192,74.01846687584545
45162,10.0,324797,firm_point,0.9153255799292624,0.1820281687758032,0.15126050420168066,104.67791972188432,74.01846687584545
45162,10.0,851984,firm_point,1.0682200450597141,0.09944392075425057,0.01680672268907563,104.67791972188432,74.01846687584545
45162,10.0,172070,firm_point,1.1270640983416802,0.11689589028267246,0.0,104.09485923364618,74.01846687584545
45162,10.0,823408,firm_point,1.1127666885500804,0.1359184509237952,0.008403361344537815,104.67791972188432,74.01846687584545
45162,10.0,447141,firm_point,1.1405704920080653,0.03609707911607761,0.008403361344537815,103.15872573407846,74.01846687584545
45162,10.0,634527,firm_point,1.1244370059162359,0.12510181689228003,0.03361344537815126,104.67791972188432,74.01846687584545
45162,15.0,939925,firm_point,0.8523872276081728,0.1739888767224158,0.16806722689075632,104.67791972188432,74.01846687584545
45162,15.0,1021478,firm_point,1.060317419765754,0.2434196760583633,0.12605042016806722,104.67791972188432,74.01846687584545
45162,15.0,382253,firm_point,0.8242628345727501,0.08907714246465467,0.10084033613445378,104.67791972188432,74.01846687584545
45162,15.0,1064293,firm_point,0.7805243401030241,0.07350633237473375,0.10084033613445378,104.67791972188432,74.01846687584545
45162,15.0,512192,firm_point,1.1788621094516416,0.12193570581118202,0.0,104.67791972188432,74.01846687584545
45162,15.0,246588,firm_point,0.8342700330382543,0.07656804018427998,0.10084033613445378,104.67791972188432,74.01846687584545
45162,15.0,308622,firm_point,0.8351445585476845,0.21850288100972243,0.19327731092436976,104.67791972188432,74.01846687584545
45162,15.0,273698,firm_point,0.6306721666898759,0.3392190459489114,0.12605042016806722,102.17851129423805,74.01846687584545
45162,15.0,354458,firm_point,0.8371194907412657,0.23034216132842456,0.18487394957983194,104.67791972188432,74.01846687584545
45162,15.0,117777,firm_point,1.1756763064701203,0.0744177119245578,0.0,104.67791972188432,74.01846687584545
45162,20.0,805310,firm_point,0.8052114815241902,0.3268392330077809,0.226890756302521,104.67791972188432,74.01846687584545
45162,20.0,1080452,firm_point,0.8429289190801751,0.32385708977455147,0.23529411764705882,104.67791972188432,74.01846687584545
45162,20.0,1009082,firm_point,0.5152001535060291,0.4145327373450902,0.2184873949579832,92.31365009469138,74.01846687584545
45162,20.0,890839,firm_point,1.0760634814429804,0.23551753797319172,0.10084033613445378,104.67791972188432,74.01846687584545
45162,20.0,189472,firm_point,1.2666894499235188,0.07232858657989316,0.0,104.67791972188432,74.01846687584545
45162,20.0,931673,firm_point,1.280306090968354,0.07522938067933897,0.0,103.5835791427848,74.01846687584545
45162,20.0,964210,firm_point,1.2787477056158645,0.3179421332959955,0.025210084033613446,104.67791972188432,74.01846687584545
45162,20.0,833257,firm_point,0.6116925629771522,0.1354885392547563,0.1092436974789916,100.26051948696903,74.01846687584545
45162,20.0,600066,firm_point,0.5627725912168551,0.47288207333752774,0.19327731092436976,96.75626142765539,74.01846687584545
45162,20.0,570221,firm_point,0.7219071911273377,0.15347020559120025,0.19327731092436976,104.67791972188432,74.01846687584545
45162,30.0,726854,firm_point,0.5290112245117049,0.6396219980616049,0.2773109243697479,94.75646712234446,74.01846687584545
45162,30.0,698092,firm_point,0.6445155500978392,0.4661627918679899,0.36134453781512604,104.67791972188432,74.01846687584545
45162,30.0,898685,firm_point,0.9212344941946419,0.4753970195690761,0.23529411764705882,104.67791972188432,74.01846687584545
45162,30.0,644636,firm_point,0.9491788243403517,0.4695190470801898,0.226890756302521,104.67791972188432,74.01846687584545
45162,30.0,514246,firm_point,0.39394627083652173,0.6640150544641344,0.40336134453781514,87.5216574444009,74.01846687584545
45162,30.0,126561,firm_point,0.6499016441492911,0.19509740016108557,0.15126050420168066,104.67791972188432,74.01846687584545
45162,30.0,387196,firm_point,0.314461918203598,0.355823294983128,0.46218487394957986,81.15746211352729,74.01846687584545
45162,30.0,167526,firm_point,1.1167148769117543,0.28145256879524,0.05042016806722689,104.67791972188432,74.01846687584545
45162,30.0,367736,firm_point,0.639270704739423,0.40629950739365844,0.33613445378151263,104.67791972188432,74.01846687584545
45162,30.0,807659,firm_point,1.2905863723709534,0.07552390587419493,0.0,104.67791972188432,74.01846687584545
45162,45.0,411690,firm_point,0.443518578240936,0.236949829333413,0.29411764705882354,89.19285328723146,74.01846687584545
45162,45.0,198503,firm_point,0.575035580261684,0.714259330831311,0.15966386554621848,97.79072449714145,74.01846687584545
45162,45.0,766580,firm_point,0.0,0.6765870352671389,0.6890756302521008,76.52546067733991,74.01846687584545
45162,45.0,304720,firm_point,0.0668114448456236,0.7976697318578655,0.6134453781512605,77.87043415311841,74.01846687584545
45162,45.0,699594,firm_point,0.654117188532196,0.7304538361456403,0.3865546218487395,104.67791972188432,74.01846687584545
45162,45.0,951992,firm_point,0.28874538869001115,0.8409583426904641,0.46218487394957986,82.55644311553995,74.01846687584545
45162,45.0,487240,firm_point,1.315538884126438,0.12048928483551279,0.0,104.67791972188432,74.01846687584545
45162,45.0,250607,firm_point,0.2660025003717046,0.8431142465540747,0.5546218487394958,81.8965745235138,74.01846687584545
45162,45.0,998030,firm_point,0.24547705626257466,0.8378672960240511,0.5126050420168067,80.5626284079518,74.01846687584545
45162,45.0,819827,firm_point,0.6531535240308864,0.733816362069353,0.42016806722689076,104.67791972188432,74.01846687584545
45189,0.0,295403,firm_point,1.0259115831954024,0.007694845424655879,0.008403361344537815,68.22770882934032,66.28823347986321
45189,0.0,512216,firm_point,1.0038512273960085,0.0059077760437874225,0.0,67.58578578173977,66.28823347986321
45189,0.0,220776,firm_point,1.034321584760934,0.006470878549832365,0.008403361344537815,69.33611091039042,66.28823347986321
45189,0.0,262076,firm_point,1.0679932917509252,0.005689814860681834,0.008403361344537815,68.73471742418894,66.28823347986321
45189,0.0,1029096,firm_point,0.9971724806076303,0.006816707493484866,0.008403361344537815,67.06029084749237,66.28823347986321
45189,0.0,345446,firm_point,1.005292066149916,0.00614469826973335,0.0,69.63532767675224,66.28823347986321
45189,0.0,504988,firm_point,1.063735208679533,0.005608302529529849,0.008403361344537815,69.56981130029435,66.28823347986321
45189,0.0,1004169,firm_point,1.0372819407618494,0.006554338357332202,0.0,67.88884840742868,66.28823347986321
45189,0.0,903748,firm_point,1.0190249343571987,0.005135730507858621,0.03361344537815126,68.78646595103174,66.28823347986321
45189,0.0,96286,firm_point,1.0581201332726828,0.005888641533759466,0.008403361344537815,68.58321234142456,66.28823347986321
45189,5.0,198570,firm_point,1.148542168175644,0.09524748019308144,0.09243697478991597,93.74571881297682,66.28823347986321
45189,5.0,464752,firm_point,0.9043921415608076,0.0895948271811331,0.226890756302521,93.74571881297682,66.28823347986321
45189,5.0,1000398,firm_point,1.2069664041919832,0.017056066557501155,0.008403361344537815,74.20046433954202,66.28823347986321
45189,5.0,231349,firm_point,1.1209693551172468,0.10737079412227085,0.12605042016806722,93.74571881297682,66.28823347986321
45189,5.0,622818,firm_point,1.0800470348783795,0.05970761879239026,0.11764705882352941,93.74571881297682,66.28823347986321
45189,5.0,321324,firm_point,0.8072567269364894,0.03735607576298093,0.21008403361344538,93.74571881297682,66.28823347986321
45189,5.0,367907,firm_point,1.1840853847300916,0.060990790295112195,0.058823529411764705,93.74571881297682,66.28823347986321
45189,5.0,869041,firm_point,1.0582724617510721,0.0781096496708858,0.15126050420168066,93.74571881297682,66.28823347986321
45189,5.0,536560,firm_point,0.7987824264895598,0.06616423787216037,0.23529411764705882,93.74571881297682,66.28823347986321
45189,5.0,1039956,firm_point,1.1485020482528772,0.04395562978473531,0.025210084033613446,93.74571881297682,66.28823347986321
45189,10.0,694278,firm_point,0.7021717904808504,0.06266675811622313,0.19327731092436976,93.74571881297682,66.28823347986321
45189,10.0,356562,firm_point,0.9601150923031639,0.166503091832072,0.2773109243697479,93.74571881297682,66.28823347986321
45189,10.0,455048,firm_point,1.0115362462146886,0.15268437362837045,0.25210084033613445,93.74571881297682,66.28823347986321
45189,10.0,994627,firm_point,0.855657887629853,0.17933359293838266,0.3865546218487395,93.74571881297682,66.28823347986321
45189,10.0,852054,firm_point,1.1477025755823835,0.1327227252026803,0.16806722689075632,93.74571881297682,66.28823347986321
45189,10.0,735646,firm_point,0.8239111473679053,0.1817427571335219,0.36134453781512604,93.74571881297682,66.28823347986321
45189,10.0,1050772,firm_point,1.1312968522262452,0.11485833361159624,0.15966386554621848,93.74571881297682,66.28823347986321
45189,10.0,843489,firm_point,1.213067568940916,0.09645950163506355,0.11764705882352941,93.74571881297682,66.28823347986321
45189,10.0,507755,firm_point,0.6810922228947105,0.06410853445379754,0.3445378151260504,93.74571881297682,66.28823347986321
45189,10.0,537928,firm_point,0.6876141552814958,0.06697047778181625,0.25210084033613445,93.74571881297682,66.28823347986321
45189,15.0,435572,firm_point,0.8104899504861072,0.2635422456818924,0.44537815126050423,93.74571881297682,66.28823347986321
45189,15.0,940354,firm_point,1.4946194642354151,0.1626475666318202,0.03361344537815126,93.74571881297682,66.28823347986321
45189,15.0,412494,firm_point,1.5,0.07582781759336962,0.01680672268907563,93.74571881297682,66.28823347986321
45189,15.0,443348,firm_point,0.3620472459833031,0.31907124234184137,0.3277310924369748,74.29939464432826,66.28823347986321
45189,15.0,998529,firm_point,0.3233629324193172,0.11063898984135145,0.37815126050420167,72.75076198932257,66.28823347986321
45189,15.0,179763,firm_point,0.25414679716332733,0.21599837476580946,0.453781512605042,71.32996908060171,66.28823347986321
45189,15.0,610579,firm_point,1.5,0.044619091409591784,0.01680672268907563,92.27697941749649,66.28823347986321
45189,15.0,702007,firm_point,1.302715277116069,0.12857697172312374,0.07563025210084033,93.74571881297682,66.28823347986321
45189,15.0,476056,firm_point,1.5,0.2510442279848924,0.15126050420168066,93.74571881297682,66.28823347986321
45189,15.0,501686,firm_point,1.4713487788155086,0.06244944945148466,0.008403361344537815,93.74571881297682,66.28823347986321
45189,20.0,189633,firm_point,1.5,0.09046047058204434,0.07563025210084033,93.74571881297682,66.28823347986321
45189,20.0,864064,firm_point,0.6977967795248868,0.3144918859028709,0.47058823529411764,93.74571881297682,66.28823347986321
45189,20.0,612464,firm_point,0.6765963147732175,0.21151347544837007,0.35294117647058826,93.74571881297682,66.28823347986321
45189,20.0,313647,firm_point,0.07227276916592865,0.2797350381188592,0.5294117647058824,68.01834796892462,66.28823347986321
45189,20.0,951724,firm_point,0.6942612858318888,0.34757185280967684,0.5546218487394958,93.74571881297682,66.28823347986321
45189,20.0,1027913,firm_point,1.5,0.16941949817212457,0.17647058823529413,93.74571881297682,66.28823347986321
45189,20.0,529788,firm_point,1.2581959745403075,0.25970631825787893,0.23529411764705882,93.74571881297682,66.28823347986321
45189,20.0,1036920,firm_point,0.47487165146080607,0.08802063259117031,0.31932773109243695,79.90500431282095,66.28823347986321
45189,20.0,403142,firm_point,0.10130065067502385,0.14133999183792512,0.5042016806722689,67.8632631081012,66.28823347986321
45189,20.0,371405,firm_point,1.5,0.06492873770212132,0.07563025210084033,93.74571881297682,66.28823347986321
45189,30.0,199726,firm_point,0.07873492363953195,0.1257853786995687,0.5462184873949579,67.61396129341168,66.28823347986321
45189,30.0,450195,firm_point,0.0,0.253684536557051,0.8907563025210085,93.74571881297682,66.28823347986321
45189,30.0,855227,firm_point,0.6838551974424861,0.3515235622403896,0.24369747899159663,93.74571881297682,66.28823347986321
45189,30.0,337730,firm_point,0.970028325699857,0.43389018272551494,0.46218487394957986,93.74571881297682,66.28823347986321
45189,30.0,329745,firm_point,0.6772255085958981,0.44673998447413177,0.5294117647058824,93.74571881297682,66.28823347986321
45189,30.0,908762,firm_point,0.11695641010555019,0.14805094766520238,0.48739495798319327,67.42425664804853,66.28823347986321
45189,30.0,799661,firm_point,1.5,0.1951178286209597,0.2605042016806723,93.74571881297682,66.28823347986321
45189,30.0,870185,firm_point,0.6759232426926536,0.3951603300837738,0.4117647058823529,93.74571881297682,66.28823347986321
45189,30.0,279091,firm_point,0.0,0.2970260817725436,0.7899159663865546,93.74571881297682,66.28823347986321
45189,30.0,410791,firm_point,1.5,0.16281368982458752,0.20168067226890757,93.74571881297682,66.28823347986321
45189,45.0,265986,firm_point,0.685484685799448,0.6552272997209571,0.6470588235294118,93.74571881297682,66.28823347986321
45189,45.0,254319,firm_point,0.17880083052344656,0.4473195160458916,0.5210084033613446,93.74571881297682,66.28823347986321
45189,45.0,619464,firm_point,0.69423319181668,0.6529200659966184,0.5882352941176471,93.74571881297682,66.28823347986321
45189,45.0,565270,firm_point,0.0,0.6461404491193642,0.7478991596638656,93.74571881297682,66.28823347986321
45189,45.0,523978,firm_point,0.020900084203295515,0.7255228618125896,0.42016806722689076,69.05208739945851,66.28823347986321
45189,45.0,230582,firm_point,0.0,0.26321347076736823,0.8991596638655462,93.74571881297682,66.28823347986321
45189,45.0,616497,firm_point,0.0,0.5661129175541607,0.9411764705882353,93.74571881297682,66.28823347986321
45189,45.0,758853,firm_point,0.6985921008994241,0.6151856589483781,0.31932773109243695,93.74571881297682,66.28823347986321
45189,45.0,96597,firm_point,1.5,0.3012058541653956,0.3025210084033613,93.74571881297682,66.28823347986321
45189,45.0,402557,firm_point,1.5,0.2859376275631028,0.35294117647058826,93.74571881297682,66.28823347986321
46033,0.0,381563,firm_point,1.0025482490359634,0.0031936223491953186,0.0,97.7008052181701,69.08490189715411
46033,0.0,301764,firm_point,1.0156816595207179,0.0030201564460359915,0.0,97.11911187479235,69.08490189715411
46033,0.0,263485,firm_point,1.0122771858962372,0.004027321938641324,0.0,97.39977108312864,69.08490189715411
46033,0.0,429224,firm_point,1.028612578857537,0.0038989458390462236,0.0,97.7008052181701,69.08490189715411
46033,0.0,849764,firm_point,0.9965046274602473,0.0036463748296175088,0.0,97.7008052181701,69.08490189715411
46033,0.0,749862,firm_point,1.065263112605558,0.004094142726234502,0.0,96.88455997038133,69.08490189715411
46033,0.0,303345,firm_point,1.0052022455213265,0.0038872351584901465,0.008403361344537815,96.54864429107181,69.08490189715411
46033,0.0,538464,firm_point,1.0208135765139144,0.0033253200938774255,0.0,96.99817956614052,69.08490189715411
46033,0.0,528219,firm_point,1.0725302692607497,0.003709237102238976,0.0,97.09419723877747,69.08490189715411
46033,0.0,634345,firm_point,1.0429286437927112,0.0036148136175853892,0.0,97.36774866714477,69.08490189715411
46033,5.0,162424,firm_point,1.0688351490044428,0.02804719607396371,0.0,96.67470411381355,69.08490189715411
46033,5.0,368520,firm_point,0.9513102545303603,0.08525095692748648,0.058823529411764705,97.7008052181701,69.08490189715411
46033,5.0,946637,firm_point,1.010320151241118,0.06911302464067895,0.008403361344537815,97.7008052181701,69.08490189715411
46033,5.0,573938,firm_point,1.0265905851229926,0.03060869556573095,0.0,97.03285799820391,69.08490189715411
46033,5.0,128669,firm_point,0.9957475036258429,0.06776082986206179,0.025210084033613446,96.48102427321517,69.08490189715411
46033,5.0,1024601,firm_point,1.0248944054004443,0.08312534813330383,0.008403361344537815,95.94000935372085,69.08490189715411
46033,5.0,651037,firm_point,0.9398800072786935,0.06580355058557404,0.03361344537815126,97.7008052181701,69.08490189715411
46033,5.0,365600,firm_point,1.1082775651539991,0.07568140711144915,0.0,96.83962092953213,69.08490189715411
46033,5.0,947498,firm_point,1.0674212368075249,0.07523330091710226,0.05042016806722689,97.7008052181701,69.08490189715411
46033,5.0,648500,firm_point,1.0790577419495964,0.08365808213642802,0.008403361344537815,96.42698802516539,69.08490189715411
46033,10.0,765592,firm_point,1.0977846649378447,0.07561029620608911,0.025210084033613446,97.7008052181701,69.08490189715411
46033,10.0,997708,firm_point,0.9478804663811596,0.07188716721776905,0.008403361344537815,97.7008052181701,69.08490189715411
46033,10.0,371249,firm_point,0.965684127595431,0.15566491238342656,0.12605042016806722,97.7008052181701,69.08490189715411
46033,10.0,868501,firm_point,0.9336785343189531,0.17371385616868032,0.12605042016806722,97.7008052181701,69.08490189715411
46033,10.0,214165,firm_point,1.0191880347687514,0.14368450193214405,0.008403361344537815,97.7008052181701,69.08490189715411
46033,10.0,943232,firm_point,1.0950036940146333,0.07863164038059418,0.025210084033613446,97.7008052181701,69.08490189715411
46033,10.0,1062617,firm_point,0.9576942663231695,0.1554243223678724,0.06722689075630252,97.7008052181701,69.08490189715411
46033,10.0,736132,firm_point,1.1130355625682542,0.10012904116573265,0.0,96.84417651934955,69.08490189715411
46033,10.0,559309,firm_point,1.1030593158284308,0.08324548740897121,0.03361344537815126,97.7008052181701,69.08490189715411
46033,10.0,274332,firm_point,0.8821912199982456,0.14897804198762044,0.13445378151260504,97.7008052181701,69.08490189715411
46033,15.0,597617,firm_point,1.0881848115264827,0.3010847515580976,0.05042016806722689,97.7008052181701,69.08490189715411
46033,15.0,372258,firm_point,1.161109923360261,0.2042875870335312,0.0,97.7008052181701,69.08490189715411
46033,15.0,181013,firm_point,0.8692409640016066,0.04270887743229253,0.0,97.19239408932894,69.08490189715411
46033,15.0,229955,firm_point,0.8679516194206103,0.11602158118730525,0.03361344537815126,97.7008052181701,69.08490189715411
46033,15.0,993136,firm_point,0.8313120603498734,0.06834261298782644,0.07563025210084033,97.7008052181701,69.08490189715411
46033,15.0,427926,firm_point,1.046377819317635,0.20773636371308662,0.1092436974789916,97.7008052181701,69.08490189715411
46033,15.0,1031745,firm_point,0.8101497250219041,0.06500617475250624,0.06722689075630252,97.7008052181701,69.08490189715411
46033,15.0,272831,firm_point,0.8210070977559002,0.20831512066073007,0.15966386554621848,97.7008052181701,69.08490189715411
46033,15.0,955198,firm_point,0.6632142712535102,0.28361940859134693,0.1092436974789916,97.15470055669147,69.08490189715411
46033,15.0,879459,firm_point,0.9656004803337521,0.24531941544506838,0.13445378151260504,97.7008052181701,69.08490189715411
46033,20.0,486306,firm_point,0.5756178239875861,0.25162059666065495,0.14285714285714285,90.27800660815872,69.08490189715411
46033,20.0,406750,firm_point,0.5642751046969563,0.25185067502600517,0.15126050420168066,87.67611150726279,69.08490189715411
46033,20.0,931570,firm_point,0.7709206251941396,0.3021793834880499,0.23529411764705882,97.7008052181701,69.08490189715411
46033,20.0,382292,firm_point,1.2742219895459312,0.26541701878927165,0.0,97.7008052181701,69.08490189715411
46033,20.0,612604,firm_point,0.5592142553848903,0.39923957725794057,0.15126050420168066,87.59589273481924,69.08490189715411
46033,20.0,424803,firm_point,0.9872655292611869,0.2739338355806535,0.12605042016806722,97.7008052181701,69.08490189715411
46033,20.0,865434,firm_point,0.5524572409580074,0.4019496046317057,0.226890756302521,89.09266954661089,69.08490189715411
46033,20.0,419292,firm_point,0.5894588940266762,0.21772122769851024,0.16806722689075632,90.37221305898333,69.08490189715411
46033,20.0,593394,firm_point,0.9551178779092097,0.3351899545202309,0.21008403361344538,97.7008052181701,69.08490189715411
46033,20.0,1071563,firm_point,0.844197784528916,0.33902262374832765,0.21008403361344538,97.7008052181701,69.08490189715411
46033,30.0,829780,firm_point,1.1989189371150628,0.12396690999074504,0.0,97.7008052181701,69.08490189715411
46033,30.0,141287,firm_point,1.3494264602066577,0.26145096470546814,0.008403361344537815,97.7008052181701,69.08490189715411
46033,30.0,474332,firm_point,0.8479896108082069,0.45107178561616457,0.2689075630252101,97.7008052181701,69.08490189715411
46033,30.0,353667,firm_point,0.6740739152280119,0.37281262817216715,0.24369747899159663,97.7008052181701,69.08490189715411
46033,30.0,169100,firm_point,0.7150765774743231,0.43870053773272805,0.31932773109243695,97.7008052181701,69.08490189715411
46033,30.0,149892,firm_point,0.5321515380850758,0.5874458464659986,0.226890756302521,86.46235090246961,69.08490189715411
46033,30.0,700520,firm_point,0.6846455281268162,0.4834975444261204,0.3277310924369748,97.7008052181701,69.08490189715411
46033,30.0,805045,firm_point,1.351361052291288,0.3430002611695641,0.025210084033613446,97.7008052181701,69.08490189715411
46033,30.0,655258,firm_point,1.252332869750854,0.08900633008745895,0.0,97.7008052181701,69.08490189715411
46033,30.0,187089,firm_point,0.9712920495716161,0.3924593354470426,0.17647058823529413,97.7008052181701,69.08490189715411
46033,45.0,779741,firm_point,0.010289056455382068,0.4498824974661903,0.7394957983193278,70.71630141559125,69.08490189715411
46033,45.0,195938,firm_point,0.6782198755281219,0.6682471536805823,0.23529411764705882,97.7008052181701,69.08490189715411
46033,45.0,330462,firm_point,1.3974811613403133,0.33206264909970973,0.0,97.7008052181701,69.08490189715411
46033,45.0,866304,firm_point,0.03714839777279701,0.5575962813198525,0.7394957983193278,70.27795578047699,69.08490189715411
46033,45.0,462649,firm_point,0.6483341145673277,0.6050196604550343,0.10084033613445378,94.42484555850136,69.08490189715411
46033,45.0,545776,firm_point,0.6829255541474061,0.6393817691886308,0.36134453781512604,97.7008052181701,69.08490189715411
46033,45.0,277995,firm_point,1.133399031703958,0.14027613381451798,0.0,96.03733636530993,69.08490189715411
46033,45.0,547523,firm_point,1.0112610938312483,0.3263604944787297,0.1092436974789916,97.7008052181701,69.08490189715411
46033,45.0,292376,firm_point,0.017513395803722912,0.5634680707828135,0.680672268907563,70.77466378768358,69.08490189715411
46033,45.0,548224,firm_point,0.22370013931443938,0.048952490104743764,0.6470588235294118,73.30442784959769,69.08490189715411
46037,0.0,372453,firm_point,1.0727253481152699,0.005077799806997467,0.008403361344537815,66.9194750742818,64.25865502518175
46037,0.0,225572,firm_point,0.9963227060309924,0.005042654790127099,0.0,67.57512273228048,64.25865502518175
46037,0.0,1032955,firm_point,1.0320152222644556,0.005117437944397276,0.0,66.8457134775148,64.25865502518175
46037,0.0,866073,firm_point,1.0788935430035265,0.005943371189713221,0.0,66.61333744704208,64.25865502518175
46037,0.0,417309,firm_point,1.0443173618333599,0.007554801507619165,0.0,65.60151470245674,64.25865502518175
46037,0.0,604122,firm_point,1.002838377901238,0.006652791977334372,0.0,66.33134059873802,64.25865502518175
46037,0.0,261685,firm_point,1.048134097946251,0.008115159051127167,0.0,66.11944325934246,64.25865502518175
46037,0.0,950044,firm_point,1.0327134007229588,0.005328077441081217,0.008403361344537815,67.639632277525,64.25865502518175
46037,0.0,618576,firm_point,1.015023856751882,0.005974642500448549,0.0,66.42788537132098,64.25865502518175
46037,0.0,790662,firm_point,1.0779621397513286,0.005617259811251077,0.0,67.58870141708344,64.25865502518175
46037,5.0,104072,firm_point,0.9934123401982083,0.028360696225858798,0.008403361344537815,90.87546143646607,64.25865502518175
46037,5.0,658479,firm_point,0.9938977800078193,0.03832063673287779,0.008403361344537815,90.87546143646607,64.25865502518175
46037,5.0,552293,firm_point,1.0786849807840213,0.0809287986279456,0.025210084033613446,90.22488802960248,64.25865502518175
46037,5.0,677177,firm_point,1.0613566331285755,0.026251070045544594,0.008403361344537815,78.31799954734024,64.25865502518175
46037,5.0,119596,firm_point,1.0445181187655923,0.07894384278860601,0.07563025210084033,90.87546143646607,64.25865502518175
46037,5.0,321591,firm_point,1.1080186918401305,0.02291855757539786,0.0,75.19803338515312,64.25865502518175
46037,5.0,700830,firm_point,1.0879740503783535,0.07262070334392537,0.0,90.87546143646607,64.25865502518175
46037,5.0,960627,firm_point,0.94608837005185,0.07192569275783904,0.09243697478991597,90.87546143646607,64.25865502518175
46037,5.0,321766,firm_point,1.001212792699278,0.07987062467412247,0.06722689075630252,90.87546143646607,64.25865502518175
46037,5.0,992014,firm_point,1.0766885133457884,0.08179778768893056,0.025210084033613446,90.87546143646607,64.25865502518175
46037,10.0,281601,firm_point,0.9626289464618683,0.1590398075940201,0.11764705882352941,90.87546143646607,64.25865502518175
46037,10.0,325256,firm_point,0.9943434403616844,0.13695297564917533,0.06722689075630252,90.87546143646607,64.25865502518175
46037,10.0,301403,firm_point,0.8767204257625947,0.044158926198282614,0.008403361344537815,90.87546143646607,64.25865502518175
46037,10.0,579631,firm_point,0.8371064319692549,0.08990939027327613,0.13445378151260504,90.87546143646607,64.25865502518175
46037,10.0,787964,firm_point,1.2122706578361582,0.02127994212184836,0.025210084033613446,90.04172939741271,64.25865502518175
46037,10.0,388094,firm_point,1.0929131012546136,0.12527013697037662,0.058823529411764705,90.87546143646607,64.25865502518175
46037,10.0,141748,firm_point,1.1078820059547465,0.14283200101748955,0.008403361344537815,90.87546143646607,64.25865502518175
46037,10.0,439582,firm_point,1.089466501296522,0.1569313345981479,0.03361344537815126,90.87546143646607,64.25865502518175
46037,10.0,226500,firm_point,1.1240934313344937,0.15652155007301863,0.025210084033613446,90.87546143646607,64.25865502518175
46037,10.0,742341,firm_point,1.058863182485298,0.16052206954147816,0.06722689075630252,90.87546143646607,64.25865502518175
46037,15.0,321869,firm_point,1.1821991324346466,0.29843630552795847,0.15966386554621848,90.87546143646607,64.25865502518175
46037,15.0,303219,firm_point,0.7668482358781246,0.10485879004449455,0.16806722689075632,90.87546143646607,64.25865502518175
46037,15.0,335906,firm_point,0.8096484395073784,0.057299853607483825,0.025210084033613446,90.40880793639909,64.25865502518175
46037,15.0,810117,firm_point,1.0929274709401473,0.19195747344171643,0.10084033613445378,90.87546143646607,64.25865502518175
46037,15.0,435534,firm_point,1.0191089301403422,0.21913904412459226,0.15966386554621848,90.87546143646607,64.25865502518175
46037,15.0,890651,firm_point,0.5691846601014497,0.24907960848888067,0.15966386554621848,85.01223930936202,64.25865502518175
46037,15.0,747750,firm_point,0.5728140499643576,0.2944840599226933,0.20168067226890757,86.92214348698059,64.25865502518175
46037,15.0,124352,firm_point,0.8368216121717319,0.12263759635159774,0.12605042016806722,90.87546143646607,64.25865502518175
46037,15.0,843423,firm_point,0.5774405151135535,0.2239121820673843,0.17647058823529413,85.95899408764863,64.25865502518175
46037,15.0,902170,firm_point,1.1996956662316858,0.05247544048777041,0.0,89.7155006331687,64.25865502518175
46037,20.0,684614,firm_point,0.739102513678322,0.2527783100769195,0.29411764705882354,90.87546143646607,64.25865502518175
46037,20.0,145004,firm_point,0.5233368422376801,0.1572185534563226,0.19327731092436976,82.51133956809781,64.25865502518175
46037,20.0,674643,firm_point,0.5381274305358685,0.4342147416977077,0.24369747899159663,84.56219330591901,64.25865502518175
46037,20.0,279766,firm_point,0.6501883354238379,0.14864309900255923,0.2773109243697479,90.87546143646607,64.25865502518175
46037,20.0,733032,firm_point,0.474291498752482,0.23241085822352264,0.2605042016806723,79.64209341074138,64.25865502518175
46037,20.0,126995,firm_point,0.4675877297017532,0.41889512194525463,0.2857142857142857,80.8315886774383,64.25865502518175
46037,20.0,195753,firm_point,1.2501216090690976,0.3113361157979517,0.07563025210084033,90.87546143646607,64.25865502518175
46037,20.0,288387,firm_point,0.6368381587809001,0.13678686715274307,0.2184873949579832,90.87546143646607,64.25865502518175
46037,20.0,894632,firm_point,0.477356661268356,0.22990912875695496,0.2605042016806723,79.86022430485978,64.25865502518175
46037,20.0,421782,firm_point,0.8999056752190735,0.3142505084961854,0.2773109243697479,90.87546143646607,64.25865502518175
46037,30.0,325866,firm_point,0.632190463059048,0.3362913512265245,0.31092436974789917,90.87546143646607,64.25865502518175
46037,30.0,467740,firm_point,0.37921546526665567,0.5888866560251739,0.3697478991596639,76.74536871668471,64.25865502518175
46037,30.0,708184,firm_point,0.9189785847742272,0.421827311315991,0.2605042016806723,90.87546143646607,64.25865502518175
46037,30.0,287669,firm_point,0.6808206688542162,0.47043658325935467,0.4117647058823529,90.87546143646607,64.25865502518175
46037,30.0,510712,firm_point,0.6033189747018971,0.5155615996236723,0.23529411764705882,88.22265396261987,64.25865502518175
46037,30.0,788833,firm_point,0.618116232448765,0.23767655289060466,0.25210084033613445,90.87546143646607,64.25865502518175
46037,30.0,426749,firm_point,0.6051948074388663,0.14946503442227577,0.21008403361344538,90.87546143646607,64.25865502518175
46037,30.0,420268,firm_point,1.4311306738637197,0.4246811463754182,0.13445378151260504,90.87546143646607,64.25865502518175
46037,30.0,389836,firm_point,1.378392570116469,0.14726470011719117,0.0,90.87546143646607,64.25865502518175
46037,30.0,316015,firm_point,0.9451859948207743,0.3923618257352024,0.25210084033613445,90.87546143646607,64.25865502518175
46037,45.0,521694,firm_point,0.0,0.6122847542842157,0.6470588235294118,90.87546143646607,64.25865502518175
46037,45.0,706780,firm_point,0.16820064331131973,0.05522067224886392,0.6554621848739496,68.40094878943326,64.25865502518175
46037,45.0,1089152,firm_point,1.2501897692407349,0.14612245846028563,0.0,90.87546143646607,64.25865502518175
46037,45.0,587642,firm_point,0.22849411521448054,0.7451569211082439,0.5378151260504201,71.69447587750217,64.25865502518175
46037,45.0,363462,firm_point,0.6255493880494215,0.45072196386205304,0.20168067226890757,90.87546143646607,64.25865502518175
46037,45.0,764051,firm_point,0.04183193312109608,0.7104306297933006,0.6638655462184874,67.60219118337456,64.25865502518175
46037,45.0,165415,firm_point,0.40253398330760903,0.699771201106629,0.37815126050420167,76.07467100488805,64.25865502518175
46037,45.0,363674,firm_point,1.1991557335563179,0.18468165088741512,0.0,88.65804279960909,64.25865502518175
46037,45.0,435364,firm_point,1.4575592000603548,0.24765152139081567,0.025210084033613446,90.87546143646607,64.25865502518175
46037,45.0,1069673,firm_point,0.6316394721632717,0.4487373847546576,0.13445378151260504,90.87546143646607,64.25865502518175
46084,0.0,235176,firm_point,1.0369342634311618,0.006041249412705365,0.0,56.08967942556067,54.848231788092015
46084,0.0,258856,firm_point,1.0776391839906265,0.004834348165206249,0.0,58.71977794629275,54.848231788092015
46084,0.0,746499,firm_point,1.0185107112286662,0.005215698888041163,0.0,57.35191110621895,54.848231788092015
46084,0.0,272783,firm_point,1.0048007926407156,0.006968097280806997,0.0,55.56942083961474,54.848231788092015
46084,0.0,968700,firm_point,1.0144900424153456,0.005089771558590816,0.008403361344537815,58.405741125343695,54.848231788092015
46084,0.0,675868,firm_point,1.0381207761082667,0.006638718292321421,0.0,56.59809282227028,54.848231788092015
46084,0.0,693355,firm_point,1.0721890386920985,0.006169022891151785,0.0,57.110579205657544,54.848231788092015
46084,0.0,313921,firm_point,1.0256533046955312,0.00574284604325715,0.008403361344537815,58.517067753015766,54.848231788092015
46084,0.0,141766,firm_point,1.0392215332552848,0.006012413175631841,0.0,57.148520795359104,54.848231788092015
46084,0.0,706609,firm_point,1.0263948893912453,0.007496960106512182,0.008403361344537815,57.51996454593952,54.848231788092015
46084,5.0,95866,firm_point,1.0643323566076173,0.015184774412171304,0.01680672268907563,63.078390276235396,54.848231788092015
46084,5.0,818636,firm_point,1.106638651738508,0.017806304537840337,0.01680672268907563,67.67598117627304,54.848231788092015
46084,5.0,148928,firm_point,1.0188715042565142,0.03586382323340476,0.058823529411764705,77.56711326690284,54.848231788092015
46084,5.0,442153,firm_point,1.0569985446714387,0.041775002363676254,0.008403361344537815,77.56711326690284,54.848231788092015
46084,5.0,694972,firm_point,1.0483636068642992,0.012703655376370644,0.04201680672268908,61.90705443620532,54.848231788092015
46084,5.0,362872,firm_point,0.9869294737543668,0.042052913696267555,0.058823529411764705,77.56711326690284,54.848231788092015
46084,5.0,112594,firm_point,1.003233263162535,0.03204775797257533,0.025210084033613446,76.57319226462371,54.848231788092015
46084,5.0,891040,firm_point,1.104512696436543,0.0332070206516575,0.01680672268907563,77.56711326690284,54.848231788092015
46084,5.0,171679,firm_point,1.0247488925846269,0.0505393685135452,0.025210084033613446,77.56711326690284,54.848231788092015
46084,5.0,169407,firm_point,1.0272446923434226,0.06689034618285153,0.058823529411764705,77.56711326690284,54.848231788092015
46084,10.0,676045,firm_point,0.8959326276908083,0.05117147100480924,0.058823529411764705,77.56711326690284,54.848231788092015
46084,10.0,856425,firm_point,1.1321723553891656,0.027673850871650422,0.0,77.56711326690284,54.848231788092015
46084,10.0,1008768,firm_point,1.1316781230749218,0.06806157257585942,0.01680672268907563,77.56711326690284,54.848231788092015
46084,10.0,603541,firm_point,1.0534973762320257,0.11816225201545653,0.08403361344537816,77.56711326690284,54.848231788092015
46084,10.0,162203,firm_point,1.1125879050761036,0.0180715592642521,0.0,69.74225003119972,54.848231788092015
46084,10.0,1082754,firm_point,0.9952159638531095,0.13726273755305993,0.11764705882352941,77.56711326690284,54.848231788092015
46084,10.0,897454,firm_point,1.079155727624564,0.052036897297958525,0.025210084033613446,77.56711326690284,54.848231788092015
46084,10.0,643160,firm_point,1.1519190981998488,0.130558311227212,0.025210084033613446,77.56711326690284,54.848231788092015
46084,10.0,282783,firm_point,1.1389756309109365,0.03701339196583479,0.04201680672268908,68.81064706645306,54.848231788092015
46084,10.0,501271,firm_point,1.1088047502865417,0.025900896870814274,0.008403361344537815,77.56711326690284,54.848231788092015
46084,15.0,425873,firm_point,1.1685519275855125,0.18736378928325712,0.03361344537815126,77.56711326690284,54.848231788092015
46084,15.0,1055021,firm_point,1.036753896045398,0.18345158354741617,0.14285714285714285,77.56711326690284,54.848231788092015
46084,15.0,1024704,firm_point,0.8744655104367403,0.15042111582755216,0.15966386554621848,77.56711326690284,54.848231788092015
46084,15.0,947061,firm_point,1.1707585806135161,0.10858088610303913,0.008403361344537815,77.56711326690284,54.848231788092015
46084,15.0,248868,firm_point,1.0042402379172906,0.16166712397817506,0.11764705882352941,77.56711326690284,54.848231788092015
46084,15.0,951162,firm_point,1.0085053148493097,0.2002776711927507,0.16806722689075632,77.56711326690284,54.848231788092015
46084,15.0,228200,firm_point,1.1782279883557416,0.19087890190397933,0.058823529411764705,77.56711326690284,54.848231788092015
46084,15.0,140273,firm_point,1.0334341945724401,0.14866225373891773,0.1092436974789916,77.56711326690284,54.848231788092015
46084,15.0,361180,firm_point,1.126993343065228,0.10019414164898661,0.04201680672268908,77.56711326690284,54.848231788092015
46084,15.0,1022698,firm_point,0.898164660108795,0.07226116822427707,0.058823529411764705,77.56711326690284,54.848231788092015
46084,20.0,179428,firm_point,1.2178997672828804,0.20213192374206526,0.058823529411764705,77.56711326690284,54.848231788092015
46084,20.0,101666,firm_point,1.2759526791354547,0.19052860377761083,0.04201680672268908,77.56711326690284,54.848231788092015
46084,20.0,699749,firm_point,1.2725862653118782,0.2378148499519346,0.05042016806722689,77.56711326690284,54.848231788092015
46084,20.0,825557,firm_point,1.2197333979253873,0.21742833465302272,0.058823529411764705,77.56711326690284,54.848231788092015
46084,20.0,131865,firm_point,0.763977747282835,0.024133105560234087,0.04201680672268908,75.40152308364753,54.848231788092015
46084,20.0,152989,firm_point,0.945351675363402,0.25133070972812377,0.20168067226890757,77.56711326690284,54.848231788092015
46084,20.0,337136,firm_point,0.649258344881578,0.09986167089050096,0.13445378151260504,77.1186669331499,54.848231788092015
46084,20.0,761238,firm_point,1.1221520421061282,0.1140026455320187,0.03361344537815126,77.56711326690284,54.848231788092015
46084,20.0,204186,firm_point,0.9474325739946606,0.24332619693424318,0.16806722689075632,77.56711326690284,54.848231788092015
46084,20.0,122806,firm_point,1.1247128253146312,0.10198265639682269,0.03361344537815126,77.56711326690284,54.848231788092015
46084,30.0,355301,firm_point,0.3644631521103343,0.22013516632103375,0.3949579831932773,61.357089464762495,54.848231788092015
46084,30.0,524517,firm_point,0.3209458079975883,0.37814757307149766,0.3949579831932773,60.56332386591289,54.848231788092015
46084,30.0,243522,firm_point,0.6570983422805259,0.26605688711948716,0.31092436974789917,77.56711326690284,54.848231788092015
46084,30.0,178478,firm_point,0.3614377029880234,0.23493039442540362,0.3949579831932773,62.44381941524399,54.848231788092015
46084,30.0,759096,firm_point,0.3710798437153418,0.2201405168137779,0.40336134453781514,62.60822156994125,54.848231788092015
46084,30.0,1000977,firm_point,1.2794903976166567,0.11924420493896853,0.008403361344537815,77.56711326690284,54.848231788092015
46084,30.0,521336,firm_point,0.31398948595062875,0.3339113723862838,0.47058823529411764,61.086758388265395,54.848231788092015
46084,30.0,935991,firm_point,0.8651325337535258,0.38687025565792066,0.3025210084033613,77.56711326690284,54.848231788092015
46084,30.0,265828,firm_point,1.289409800263546,0.15364636904277967,0.0,77.56711326690284,54.848231788092015
46084,30.0,365629,firm_point,0.7052799278971341,0.3872124681433208,0.31932773109243695,77.56711326690284,54.848231788092015
46084,45.0,317464,firm_point,0.06747480647568331,0.2028769904769772,0.7142857142857143,56.35760583903035,54.848231788092015
46084,45.0,680434,firm_point,0.24595915749605307,0.6070377027176117,0.5042016806722689,58.37051849717109,54.848231788092015
46084,45.0,839174,firm_point,0.672448446176813,0.5326515384237667,0.2857142857142857,77.56711326690284,54.848231788092015
46084,45.0,669599,firm_point,0.019876599575043546,0.3056841651062907,0.7142857142857143,55.83247236678944,54.848231788092015
46084,45.0,570022,firm_point,0.5847483483369371,0.5192656849591322,0.15126050420168066,70.86712551619145,54.848231788092015
46084,45.0,1012902,firm_point,0.5558901391691763,0.5441541208443968,0.226890756302521,70.91573007730923,54.848231788092015
46084,45.0,1031289,firm_point,1.3661215877402584,0.22109187619074652,0.01680672268907563,77.56711326690284,54.848231788092015
46084,45.0,543692,firm_point,1.3450087672721056,0.16778815689544171,0.008403361344537815,77.56711326690284,54.848231788092015
46084,45.0,412554,firm_point,0.20018741573202528,0.04109114210910924,0.4957983193277311,57.34271583972318,54.848231788092015
46084,45.0,610126,firm_point,0.2097739783020792,0.6113605439983193,0.5294117647058824,58.43351221811649,54.848231788092015
46856,0.0,525716,firm_point,1.0775897371194458,0.003106633630342154,0.05042016806722689,67.99373874094594,50.0
46856,0.0,886896,firm_point,0.9927367969523169,0.00450409911702087,0.03361344537815126,65.57295263830656,50.0
46856,0.0,1087021,firm_point,0.9966133401558532,0.0033773167675755205,0.008403361344537815,65.9018231328902,50.0
46856,0.0,1074637,firm_point,1.0224029434953292,0.003994535969354155,0.025210084033613446,63.40669172285741,50.0
46856,0.0,144002,firm_point,1.0871543850920447,0.003846527788080965,0.03361344537815126,68.97026291824716,50.0
46856,0.0,284655,firm_point,1.0594005785423326,0.003067976581225685,0.025210084033613446,70.62886011097133,50.0
46856,0.0,335949,firm_point,1.0605081553034772,0.003744176420404606,0.07563025210084033,70.71067811865476,50.0
46856,0.0,852020,firm_point,1.0704837270228307,0.00331467779245707,0.04201680672268908,69.85279642104587,50.0
46856,0.0,357791,firm_point,1.0288289202337857,0.004324991013037961,0.03361344537815126,70.30230904155626,50.0
46856,0.0,181897,firm_point,1.0362448853166348,0.00391012670204676,0.05042016806722689,68.67956451818628,50.0
46856,5.0,574643,firm_point,1.0744887075841523,0.03044617652407691,0.09243697478991597,70.71067811865476,50.0
46856,5.0,719454,firm_point,0.9813202504956989,0.023608313707731417,0.12605042016806722,70.71067811865476,50.0
46856,5.0,633258,firm_point,1.0444675063330202,0.03602348239728208,0.10084033613445378,70.71067811865476,50.0
46856,5.0,312808,firm_point,0.9538872457364374,0.02563084875795091,0.1092436974789916,70.71067811865476,50.0
46856,5.0,934814,firm_point,0.989685542539078,0.03826774021716855,0.15126050420168066,70.71067811865476,50.0
46856,5.0,718143,firm_point,1.088758729180385,0.01196208850466403,0.05042016806722689,64.08981782438794,50.0
46856,5.0,771002,firm_point,0.9531343760555898,0.03542989299116075,0.12605042016806722,70.71067811865476,50.0
46856,5.0,932849,firm_point,1.0961368510782281,0.035597908134911066,0.11764705882352941,70.71067811865476,50.0
46856,5.0,866859,firm_point,0.9701497175515424,0.036330258932040824,0.15126050420168066,70.71067811865476,50.0
46856,5.0,1013817,firm_point,0.9788416930650893,0.030805286320788654,0.13445378151260504,70.71067811865476,50.0
46856,10.0,291218,firm_point,1.0868204280365727,0.057753185875299595,0.12605042016806722,70.71067811865476,50.0
46856,10.0,732792,firm_point,0.8804504342887968,0.06417336769512255,0.20168067226890757,70.71067811865476,50.0
46856,10.0,172551,firm_point,0.8848962103685443,0.03504833037304712,0.18487394957983194,70.71067811865476,50.0
46856,10.0,524641,firm_point,1.1041829709990776,0.025451628341955673,0.10084033613445378,70.15302294034264,50.0
46856,10.0,691030,firm_point,0.9398352731979033,0.025345370614975066,0.10084033613445378,70.71067811865476,50.0
46856,10.0,238467,firm_point,0.9687125388693476,0.07073682109531056,0.18487394957983194,70.71067811865476,50.0
46856,10.0,809325,firm_point,1.0330882327657662,0.0694343172212359,0.17647058823529413,70.71067811865476,50.0
46856,10.0,115783,firm_point,1.0794342933202599,0.06945988663367676,0.16806722689075632,70.71067811865476,50.0
46856,10.0,965142,firm_point,0.9149380323595423,0.016983712524996204,0.15966386554621848,70.71067811865476,50.0
46856,10.0,941632,firm_point,1.1218365320452877,0.03149481326874275,0.07563025210084033,70.71067811865476,50.0
46856,15.0,592889,firm_point,1.198228303518496,0.025380210080531016,0.058823529411764705,70.71067811865476,50.0
46856,15.0,639657,firm_point,1.207536682883597,0.017851219236730248,0.08403361344537816,70.71067811865476,50.0
46856,15.0,1009717,firm_point,0.7763449073010024,0.060679566195070284,0.23529411764705882,70.71067811865476,50.0
46856,15.0,200285,firm_point,0.8952374742980744,0.10656896367252247,0.2184873949579832,70.71067811865476,50.0
46856,15.0,239406,firm_point,0.8084570901113098,0.0185414969728646,0.17647058823529413,70.71067811865476,50.0
46856,15.0,418308,firm_point,1.1991273064993924,0.0922031008761512,0.15966386554621848,70.71067811865476,50.0
46856,15.0,882965,firm_point,1.1504258919524877,0.10041878822117907,0.18487394957983194,70.71067811865476,50.0
46856,15.0,236519,firm_point,0.8145275793543585,0.03276855400106548,0.17647058823529413,70.71067811865476,50.0
46856,15.0,1000638,firm_point,1.214236617439267,0.08934500184061722,0.12605042016806722,70.71067811865476,50.0
46856,15.0,836378,firm_point,1.2099083898779315,0.04734730810815945,0.05042016806722689,70.71067811865476,50.0
46856,20.0,118840,firm_point,1.041619012742379,0.09636592071507398,0.1092436974789916,70.71067811865476,50.0
46856,20.0,149159,firm_point,1.2292698793977774,0.019896541341119123,0.05042016806722689,70.71067811865476,50.0
46856,20.0,864709,firm_point,0.5567445108295175,0.1909685140848009,0.25210084033613445,68.03649165808197,50.0
46856,20.0,1081023,firm_point,0.8283431657531131,0.1357746929156586,0.24369747899159663,70.71067811865476,50.0
46856,20.0,993513,firm_point,0.8226432914313349,0.1282864113074965,0.31932773109243695,70.71067811865476,50.0
46856,20.0,222733,firm_point,0.8487907197382473,0.1303916962743671,0.29411764705882354,70.71067811865476,50.0
46856,20.0,764377,firm_point,0.7765387382583477,0.1292338101665931,0.31092436974789917,70.71067811865476,50.0
46856,20.0,318196,firm_point,1.234072356256474,0.054879276416703565,0.09243697478991597,70.71067811865476,50.0
46856,20.0,729581,firm_point,1.1237788650262688,0.05300954035281257,0.06722689075630252,70.71067811865476,50.0
46856,20.0,128848,firm_point,1.1119888591209328,0.10221174401974524,0.13445378151260504,70.71067811865476,50.0
46856,30.0,257664,firm_point,0.24969367995442282,0.23141991983580448,0.4117647058823529,56.06170703210035,50.0
46856,30.0,737461,firm_point,0.3376493658871937,0.0890934782329814,0.33613445378151263,57.32928344209136,50.0
46856,30.0,790288,firm_point,1.3432174283358655,0.18756380502318498,0.17647058823529413,70.71067811865476,50.0
46856,30.0,724179,firm_point,0.2464085935261206,0.16741718713443435,0.42857142857142855,55.004398420366826,50.0
46856,30.0,1066510,firm_point,0.3901063570757017,0.26609048843295935,0.2689075630252101,61.525354728296,50.0
46856,30.0,294353,firm_point,0.5944694690538626,0.07589868837887107,0.29411764705882354,70.71067811865476,50.0
46856,30.0,395889,firm_point,0.8404882379410937,0.2027311353750009,0.35294117647058826,70.71067811865476,50.0
46856,30.0,168712,firm_point,0.23010636101495097,0.2050778487604718,0.37815126050420167,55.298133376415315,50.0
46856,30.0,946335,firm_point,0.6789619836859702,0.20325078344628253,0.4117647058823529,70.71067811865476,50.0
46856,30.0,936794,firm_point,0.473831730854722,0.2518976757346464,0.25210084033613445,63.50958591188676,50.0
46856,45.0,353989,firm_point,1.4091839300682711,0.13217044347239149,0.11764705882352941,70.71067811865476,50.0
46856,45.0,1015689,firm_point,0.6062671122001988,0.18372419827822117,0.3025210084033613,70.71067811865476,50.0
46856,45.0,905831,firm_point,0.0,0.13265934706019805,0.453781512605042,51.72521419949137,50.0
46856,45.0,100384,firm_point,0.5515536253685278,0.13771424800703394,0.2857142857142857,68.31987804056979,50.0
46856,45.0,715485,firm_point,0.1590833465100198,0.009440708631696743,0.31932773109243695,52.72666608572641,50.0
46856,45.0,918755,firm_point,0.0,0.14265785543037604,0.4117647058823529,70.71067811865476,50.0
46856,45.0,581697,firm_point,0.0,0.14187060089002562,0.44537815126050423,70.71067811865476,50.0
46856,45.0,656756,firm_point,0.7140902554962962,0.2640191173076646,0.3949579831932773,70.71067811865476,50.0
46856,45.0,173156,firm_point,0.0,0.20570588702419773,0.48739495798319327,70.71067811865476,50.0
46856,45.0,960002,firm_point,1.1790144740079975,0.06101130092154358,0.08403361344537816,70.71067811865476,50.0
46859,0.0,459792,firm_point,1.076382782153174,0.00722147253667318,0.0,61.548675289512175,60.2063654937946
46859,0.0,184966,firm_point,0.9987166036159646,0.005037684010515785,0.0,63.30821493217792,60.2063654937946
46859,0.0,835839,firm_point,1.0100767171081733,0.0054965778968203765,0.0,61.790181438090656,60.2063654937946
46859,0.0,715805,firm_point,1.068308665242039,0.006952032959758356,0.0,61.91287852552684,60.2063654937946
46859,0.0,750252,firm_point,1.0524651780997059,0.0056359376410233565,0.0,63.19999184414111,60.2063654937946
46859,0.0,908815,firm_point,1.021670275258495,0.008687720754789633,0.0,62.69554829016101,60.2063654937946
46859,0.0,983949,firm_point,1.0624149238461456,0.004898535075457006,0.0,63.36777613546504,60.2063654937946
46859,0.0,992789,firm_point,1.0266873398142384,0.006018767694172528,0.0,61.38396689549863,60.2063654937946
46859,0.0,501700,firm_point,1.0063557618761851,0.007028454193858643,0.0,63.924575174125394,60.2063654937946
46859,0.0,451799,firm_point,1.0300735951497804,0.005852394602656301,0.008403361344537815,64.15489364572329,60.2063654937946
46859,5.0,779165,firm_point,0.9970173131949132,0.07310833129346168,0.0,62.17725155392061,60.2063654937946
46859,5.0,574042,firm_point,1.065628192565074,0.044070231479515984,0.008403361344537815,62.03223665910751,60.2063654937946
46859,5.0,989885,firm_point,1.0715081029471925,0.0712387296371676,0.0,65.51831100732348,60.2063654937946
46859,5.0,163031,firm_point,1.0445987173631266,0.05796121148867757,0.0,61.92691503109376,60.2063654937946
46859,5.0,538377,firm_point,1.013698148128454,0.05328539391519933,0.0,61.06704448040128,60.2063654937946
46859,5.0,772695,firm_point,1.0586406047180241,0.01180910758868576,0.0,61.70189445516102,60.2063654937946
46859,5.0,476671,firm_point,0.9913314999802697,0.030852402564321434,0.0,61.58482890746893,60.2063654937946
46859,5.0,421430,firm_point,1.0437489315015032,0.07310245691703468,0.0,67.12667975080903,60.2063654937946
46859,5.0,757264,firm_point,0.992927034392232,0.06256583544305178,0.0,62.88208717198258,60.2063654937946
46859,5.0,1033280,firm_point,1.0740666155866359,0.07181870968648853,0.0,62.74899881183411,60.2063654937946
46859,10.0,196766,firm_point,1.0156843988938518,0.14010287211083527,0.0,77.11433360287025,60.2063654937946
46859,10.0,1035927,firm_point,1.0222836900600163,0.10337334727980464,0.0,71.78834662356978,60.2063654937946
46859,10.0,500447,firm_point,0.9905780891971291,0.13934292727655662,0.0,72.66536406737664,60.2063654937946
46859,10.0,970481,firm_point,1.0512279964119895,0.048589855570390784,0.0,61.79044453278569,60.2063654937946
46859,10.0,997779,firm_point,1.0264377031849612,0.1411613947994463,0.0,82.19996339674685,60.2063654937946
46859,10.0,834363,firm_point,1.074282971516831,0.10421651224369702,0.0,69.68156667314538,60.2063654937946
46859,10.0,881294,firm_point,1.068682743476139,0.1430537717562474,0.008403361344537815,74.1336071283461,60.2063654937946
46859,10.0,660170,firm_point,1.0077228139462064,0.07236138083856822,0.0,61.317119939380554,60.2063654937946
46859,10.0,197001,firm_point,0.9756882720955047,0.04457435871996669,0.0,62.21324454609853,60.2063654937946
46859,10.0,591134,firm_point,1.0345696062628627,0.07789626138561118,0.0,67.93618993482272,60.2063654937946
46859,15.0,860641,firm_point,1.0299135360715674,0.08746130437531126,0.01680672268907563,81.78050859180293,60.2063654937946
46859,15.0,784161,firm_point,1.0485501679748164,0.20974179753913033,0.0,85.14465862251583,60.2063654937946
46859,15.0,375911,firm_point,1.0086568687887318,0.1841960046029937,0.0,78.47484756105551,60.2063654937946
46859,15.0,200277,firm_point,0.9974929876822783,0.19999545250317277,0.01680672268907563,85.14465862251583,60.2063654937946
46859,15.0,592754,firm_point,1.0414989587657866,0.028015191675100883,0.0,62.27129731577148,60.2063654937946
46859,15.0,636926,firm_point,1.0564180867033734,0.20234833426634688,0.0,84.2018496575413,60.2063654937946
46859,15.0,463680,firm_point,1.0013307568649334,0.2090315116721552,0.025210084033613446,83.83319153361694,60.2063654937946
46859,15.0,850435,firm_point,1.0137676513016554,0.20284584109770043,0.01680672268907563,83.8858531054501,60.2063654937946
46859,15.0,1085978,firm_point,0.9868276962781009,0.05088684561202937,0.008403361344537815,62.35367548598038,60.2063654937946
46859,15.0,1033850,firm_point,0.9785279079979379,0.18020704891484005,0.008403361344537815,83.36909337327147,60.2063654937946
46859,20.0,573199,firm_point,0.9528276644893681,0.09220800315192941,0.0,70.4633700907172,60.2063654937946
46859,20.0,267459,firm_point,0.944355971221209,0.24444686704264557,0.025210084033613446,84.25830442806284,60.2063654937946
46859,20.0,564217,firm_point,0.962978503051448,0.28061491346331685,0.0,85.14465862251583,60.2063654937946
46859,20.0,597262,firm_point,0.9711231255715576,0.2413078980760776,0.008403361344537815,85.14465862251583,60.2063654937946
46859,20.0,927496,firm_point,1.0572979506608033,0.1220973754760494,0.06722689075630252,85.14465862251583,60.2063654937946
46859,20.0,357030,firm_point,0.9817347658408905,0.27937679717340963,0.01680672268907563,84.89600262313961,60.2063654937946
46859,20.0,568845,firm_point,0.9854946046889828,0.19221649356646767,0.0,79.26081386057034,60.2063654937946
46859,20.0,549026,firm_point,1.0123323599453102,0.2088352263930901,0.01680672268907563,84.22749031490616,60.2063654937946
46859,20.0,365162,firm_point,0.9788269133392458,0.22122190781026996,0.0,85.14465862251583,60.2063654937946
46859,20.0,234687,firm_point,1.0171276493117636,0.2867734796570811,0.01680672268907563,85.14465862251583,60.2063654937946
46859,30.0,955000,firm_point,1.013454747043006,0.26044349351868573,0.008403361344537815,85.14465862251583,60.2063654937946
46859,30.0,1024049,firm_point,0.9684532602772404,0.12311786234804402,0.025210084033613446,83.65997472960021,60.2063654937946
46859,30.0,1082109,firm_point,0.9555822085764419,0.062009615889152256,0.0,62.5808528375527,60.2063654937946
46859,30.0,818791,firm_point,1.0341975984361358,0.2935935971010558,0.01680672268907563,85.14465862251583,60.2063654937946
46859,30.0,934008,firm_point,0.9475877935909218,0.4205211831798353,0.04201680672268908,85.14465862251583,60.2063654937946
46859,30.0,897205,firm_point,0.9352834097377016,0.37375961513263706,0.09243697478991597,85.14465862251583,60.2063654937946
46859,30.0,209978,firm_point,0.9240850815503673,0.08447898576671649,0.0,62.02276806539791,60.2063654937946
46859,30.0,843624,firm_point,1.0018485062246634,0.3563323595637891,0.01680672268907563,85.14465862251583,60.2063654937946
46859,30.0,1047078,firm_point,0.9801780512668626,0.42051180146085515,0.04201680672268908,85.14465862251583,60.2063654937946
46859,30.0,266080,firm_point,0.9653567549017287,0.4146124012744327,0.058823529411764705,85.14465862251583,60.2063654937946
46859,45.0,429976,firm_point,0.8381875122880451,0.17913749131019355,0.025210084033613446,85.14465862251583,60.2063654937946
46859,45.0,344381,firm_point,0.6659855727921238,0.19868978604563806,0.025210084033613446,84.49553963225402,60.2063654937946
46859,45.0,991171,firm_point,0.4786711501496239,0.5716131696314274,0.2689075630252101,72.27315883622795,60.2063654937946
46859,45.0,284339,firm_point,0.8094254708645359,0.1305830680063461,0.025210084033613446,84.25713614545079,60.2063654937946
46859,45.0,681636,firm_point,0.4695040059511317,0.5892548246073102,0.31932773109243695,72.67571344962074,60.2063654937946
46859,45.0,418360,firm_point,0.6237253527310742,0.5637500833230942,0.10084033613445378,81.03202543999107,60.2063654937946
46859,45.0,1043625,firm_point,0.5328741160890331,0.6194271585386557,0.19327731092436976,75.31629742042496,60.2063654937946
46859,45.0,366594,firm_point,0.8235625102498179,0.10350428637209264,0.025210084033613446,71.36612691321083,60.2063654937946
46859,45.0,734537,firm_point,0.5410533979109139,0.621117271422214,0.226890756302521,76.55336811552293,60.2063654937946
46859,45.0,94316,firm_point,0.7425148290119677,0.07556262528357255,0.01680672268907563,62.2550983414594,60.2063654937946
47570,0.0,633067,firm_point,1.0186877620782002,0.00493593954688517,0.008403361344537815,62.29643159253391,59.488020075856454
47570,0.0,1020542,firm_point,1.0123030452979207,0.005327863647354946,0.0,62.83701519412323,59.488020075856454
47570,0.0,1079499,firm_point,1.0334703759107549,0.006658980032648947,0.0,61.86009690208883,59.488020075856454
47570,0.0,618184,firm_point,1.0316101517237555,0.00469810480723993,0.0,61.23541466351262,59.488020075856454
47570,0.0,327012,firm_point,1.0440208868378127,0.00570776957698186,0.0,62.53138419958499,59.488020075856454
47570,0.0,833781,firm_point,1.0039589076155835,0.004746282866244071,0.008403361344537815,65.51761596814629,59.488020075856454
47570,0.0,749191,firm_point,1.0526864382944983,0.005344174073538032,0.0,62.16143202358329,59.488020075856454
47570,0.0,683051,firm_point,1.079671070062732,0.00492323376836756,0.0,62.6545024070387,59.488020075856454
47570,0.0,732021,firm_point,1.0449222052866018,0.008245527424530172,0.0,60.24043192136757,59.488020075856454
47570,0.0,95661,firm_point,1.0310790024309842,0.005270569504864182,0.01680672268907563,61.329474643525984,59.488020075856454
47570,5.0,117793,firm_point,1.0579129146167272,0.0211004064042627,0.0,65.80491131265221,59.488020075856454
47570,5.0,436034,firm_point,1.0116598011996196,0.029764430212916207,0.0,69.0634822331679,59.488020075856454
47570,5.0,275115,firm_point,1.0181642356726415,0.05303337946187653,0.025210084033613446,80.88552291028871,59.488020075856454
47570,5.0,934221,firm_point,1.0080623421342767,0.05189942138897661,0.01680672268907563,77.52002868470389,59.488020075856454
47570,5.0,244714,firm_point,1.030102639322078,0.013358366082046028,0.0,62.74305727533367,59.488020075856454
47570,5.0,259596,firm_point,1.0315431709649494,0.012717209277893013,0.0,61.21514103495889,59.488020075856454
47570,5.0,1017239,firm_point,1.0597633172745673,0.03375628487433016,0.0,70.23472846467845,59.488020075856454
47570,5.0,171080,firm_point,1.0746361765558807,0.019429423415124547,0.0,61.43226002897311,59.488020075856454
47570,5.0,405563,firm_point,1.0187830841801842,0.04321017006272788,0.008403361344537815,75.14862984356807,59.488020075856454
47570,5.0,1002146,firm_point,1.017164148361761,0.07082187464269818,0.008403361344537815,84.12876478999915,59.488020075856454
47570,10.0,139596,firm_point,1.0153938139567014,0.04700165194463773,0.0,70.13914230115446,59.488020075856454
47570,10.0,299381,firm_point,1.0816060621497596,0.10701497233578226,0.0,84.12876478999915,59.488020075856454
47570,10.0,850971,firm_point,1.0511084627253675,0.04337360433594235,0.0,74.91107744248335,59.488020075856454
47570,10.0,946960,firm_point,1.0415033548748747,0.13825015355687845,0.01680672268907563,84.12876478999915,59.488020075856454
47570,10.0,752292,firm_point,1.009688432219743,0.10892735806961451,0.03361344537815126,84.12876478999915,59.488020075856454
47570,10.0,521151,firm_point,0.9507580796022489,0.11070218422550844,0.01680672268907563,84.12876478999915,59.488020075856454
47570,10.0,794162,firm_point,1.0105151624553368,0.03077943621545748,0.008403361344537815,68.0685369250699,59.488020075856454
47570,10.0,207492,firm_point,0.9954110305170554,0.10289089308382364,0.03361344537815126,84.12876478999915,59.488020075856454
47570,10.0,938968,firm_point,1.0233614452042896,0.027068500469631003,0.03361344537815126,80.93035387644737,59.488020075856454
47570,10.0,792372,firm_point,1.0146888348048702,0.016006422328536045,0.0,66.86128648044725,59.488020075856454
47570,15.0,470113,firm_point,0.9952471944214158,0.19733881650982557,0.05042016806722689,84.12876478999915,59.488020075856454
47570,15.0,870941,firm_point,0.9939243719888141,0.1955520927631978,0.01680672268907563,84.12876478999915,59.488020075856454
47570,15.0,563924,firm_point,1.0965037650035991,0.16804562584997218,0.0,84.12876478999915,59.488020075856454
47570,15.0,515063,firm_point,0.950571906447979,0.20334025985464912,0.01680672268907563,84.12876478999915,59.488020075856454
47570,15.0,777407,firm_point,1.1213358782234877,0.19054718282170083,0.008403361344537815,84.12876478999915,59.488020075856454
47570,15.0,360454,firm_point,0.9656590569036272,0.15046657427171448,0.025210084033613446,84.12876478999915,59.488020075856454
47570,15.0,495659,firm_point,1.0128483186136903,0.09116345950965518,0.0,82.7204598081073,59.488020075856454
47570,15.0,264503,firm_point,0.9372134648620667,0.1322260100244122,0.008403361344537815,84.12876478999915,59.488020075856454
47570,15.0,467520,firm_point,0.9931443229377318,0.21430183335858347,0.04201680672268908,84.12876478999915,59.488020075856454
47570,15.0,767353,firm_point,0.9851743935163048,0.1411754164722706,0.04201680672268908,84.12876478999915,59.488020075856454
47570,20.0,388578,firm_point,0.9749261645777908,0.27457066645883843,0.04201680672268908,84.12876478999915,59.488020075856454
47570,20.0,729168,firm_point,0.9585127568624727,0.2595203950604597,0.05042016806722689,84.12876478999915,59.488020075856454
47570,20.0,674036,firm_point,1.0855573140079375,0.2857894592949054,0.03361344537815126,84.12876478999915,59.488020075856454
47570,20.0,731955,firm_point,0.8893513071233998,0.053889766054249985,0.01680672268907563,77.841191161168,59.488020075856454
47570,20.0,613841,firm_point,1.0661736722648765,0.2855861637112257,0.03361344537815126,84.12876478999915,59.488020075856454
47570,20.0,522911,firm_point,1.0079550742834826,0.27682459534160897,0.03361344537815126,84.12876478999915,59.488020075856454
47570,20.0,92857,firm_point,0.8847793310694891,0.07042510365971327,0.008403361344537815,84.12876478999915,59.488020075856454
47570,20.0,539134,firm_point,0.9857399826725649,0.25978156917892237,0.058823529411764705,84.12876478999915,59.488020075856454
47570,20.0,196763,firm_point,0.9783005886354911,0.1682799199670694,0.025210084033613446,84.12876478999915,59.488020075856454
47570,20.0,557986,firm_point,0.8698580825999509,0.04498356390509606,0.01680672268907563,79.69976278589921,59.488020075856454
47570,30.0,1073126,firm_point,1.150630958825777,0.3186536311201537,0.01680672268907563,84.12876478999915,59.488020075856454
47570,30.0,1018560,firm_point,0.623925998322219,0.4622758426153552,0.15126050420168066,77.91532114201502,59.488020075856454
47570,30.0,197213,firm_point,0.886028230107138,0.3590089312072662,0.04201680672268908,84.12876478999915,59.488020075856454
47570,30.0,397277,firm_point,0.9081695317742069,0.40691416649092266,0.0,83.22347834099871,59.488020075856454
47570,30.0,1043288,firm_point,0.9472631591240311,0.3390462564352325,0.025210084033613446,84.12876478999915,59.488020075856454
47570,30.0,362312,firm_point,1.1708944383538242,0.3185495398885552,0.01680672268907563,84.12876478999915,59.488020075856454
47570,30.0,1052010,firm_point,0.7825754412587013,0.09734782162394522,0.05042016806722689,84.12876478999915,59.488020075856454
47570,30.0,332326,firm_point,1.1036333918720598,0.1322140356277561,0.008403361344537815,84.12876478999915,59.488020075856454
47570,30.0,339242,firm_point,0.8583007146926028,0.2964593509649063,0.04201680672268908,84.12876478999915,59.488020075856454
47570,30.0,1001502,firm_point,0.6145102263811786,0.4566957275075812,0.15126050420168066,76.64101660806949,59.488020075856454
47570,45.0,386840,firm_point,0.7533672718477707,0.33029180816638964,0.10084033613445378,84.12876478999915,59.488020075856454
47570,45.0,1079506,firm_point,0.7377982809882553,0.40247615322496144,0.008403361344537815,82.35023442528527,59.488020075856454
47570,45.0,626976,firm_point,0.7542687950151068,0.3621207615769856,0.06722689075630252,84.12876478999915,59.488020075856454
47570,45.0,950012,firm_point,0.32786317000883003,0.5638215969363433,0.37815126050420167,64.8368443188835,59.488020075856454
47570,45.0,342963,firm_point,0.7355076284157507,0.26930852683039264,0.09243697478991597,84.12876478999915,59.488020075856454
47570,45.0,146349,firm_point,0.8837374982973748,0.5793482819916728,0.10084033613445378,84.12876478999915,59.488020075856454
47570,45.0,762592,firm_point,0.8100623840548449,0.4706870065347053,0.025210084033613446,84.12876478999915,59.488020075856454
47570,45.0,924002,firm_point,0.6538928226800873,0.5797386057747618,0.10084033613445378,80.11922129807628,59.488020075856454
47570,45.0,376463,firm_point,0.34045239726950277,0.5755451787469701,0.3865546218487395,64.45749248562335,59.488020075856454
47570,45.0,182998,firm_point,0.86037712084492,0.13130404376853774,0.058823529411764705,84.12876478999915,59.488020075856454
48063,0.0,881273,firm_point,1.0592178233558702,0.0034610372982103645,0.0,105.54143771315857,61.05860478984516
48063,0.0,700570,firm_point,1.0831863058757554,0.004107580376345771,0.0,105.42199564415837,61.05860478984516
48063,0.0,343679,firm_point,1.0889059196563475,0.0033881609825065686,0.0,104.99754991715824,61.05860478984516
48063,0.0,1080598,firm_point,1.0640929125425889,0.004206867038531039,0.0,105.75660573528025,61.05860478984516
48063,0.0,766044,firm_point,1.0416635249374477,0.003363218191571841,0.0,105.75660573528025,61.05860478984516
48063,0.0,216345,firm_point,1.029980321138052,0.0036775250695160575,0.0,105.22203465655492,61.05860478984516
48063,0.0,112743,firm_point,1.0281754311973934,0.0043317594923182245,0.01020408163265306,105.75660573528025,61.05860478984516
48063,0.0,696792,firm_point,1.1035620029859594,0.004149375368712622,0.0,105.75660573528025,61.05860478984516
48063,0.0,993539,firm_point,1.0752327505937422,0.0032169612909830206,0.0,105.75660573528025,61.05860478984516
48063,0.0,736789,firm_point,0.9980367465887164,0.004763332714599227,0.01020408163265306,105.75660573528025,61.05860478984516
48063,5.0,575097,firm_point,0.9771151501026107,0.02861395329750369,0.01020408163265306,104.85745082396079,61.05860478984516
48063,5.0,456048,firm_point,1.0470808801787799,0.0629646701075032,0.05102040816326531,105.75660573528025,61.05860478984516
48063,5.0,194020,firm_point,1.0117723557418297,0.017075276224381923,0.02040816326530612,105.75660573528025,61.05860478984516
48063,5.0,925380,firm_point,0.9690626191525336,0.05680410053233593,0.04081632653061224,105.75660573528025,61.05860478984516
48063,5.0,103512,firm_point,1.0069929438392702,0.036196954457279655,0.0,104.53773697227581,61.05860478984516
48063,5.0,425903,firm_point,1.049544525141437,0.030261582411902313,0.0,105.75660573528025,61.05860478984516
48063,5.0,759515,firm_point,1.0615661125281535,0.06378651282620983,0.05102040816326531,105.75660573528025,61.05860478984516
48063,5.0,616937,firm_point,1.1121669503852845,0.03863364825658919,0.02040816326530612,105.75660573528025,61.05860478984516
48063,5.0,570918,firm_point,0.9710169536430481,0.05087419541474152,0.05102040816326531,105.75660573528025,61.05860478984516
48063,5.0,640392,firm_point,1.110856945114439,0.04305663057087953,0.01020408163265306,105.75660573528025,61.05860478984516
48063,10.0,1037127,firm_point,1.1460220554094012,0.1002480851927678,0.0,105.75660573528025,61.05860478984516
48063,10.0,522769,firm_point,0.9817811948348314,0.014446192341631012,0.01020408163265306,105.61587722945838,61.05860478984516
48063,10.0,827082,firm_point,1.0287733539947004,0.11299269866490733,0.02040816326530612,105.75660573528025,61.05860478984516
48063,10.0,138286,firm_point,1.1657862367481857,0.0618201065769682,0.0,105.75660573528025,61.05860478984516
48063,10.0,690848,firm_point,1.1118906177937724,0.07700321432774185,0.02040816326530612,105.75660573528025,61.05860478984516
48063,10.0,1063725,firm_point,1.0691572419427717,0.09985602456302403,0.061224489795918366,105.75660573528025,61.05860478984516
48063,10.0,1085728,firm_point,1.11877687053365,0.11342792841544211,0.0,105.75660573528025,61.05860478984516
48063,10.0,962108,firm_point,1.0958163273684072,0.011077946467500006,0.01020408163265306,105.565602702205,61.05860478984516
48063,10.0,887051,firm_point,0.9795341482939756,0.12439165735676486,0.08163265306122448,105.75660573528025,61.05860478984516
48063,10.0,459830,firm_point,1.0520842787854285,0.12691484387013263,0.0,105.75660573528025,61.05860478984516
48063,15.0,356021,firm_point,1.1387910742425555,0.15078947581861313,0.0,105.75660573528025,61.05860478984516
48063,15.0,394008,firm_point,1.086668090135789,0.0789055135764928,0.02040816326530612,105.75660573528025,61.05860478984516
48063,15.0,96794,firm_point,0.8946390500562816,0.02390961541617097,0.01020408163265306,105.35167908887006,61.05860478984516
48063,15.0,1055675,firm_point,0.8869010569562007,0.10242982421544665,0.12244897959183673,105.75660573528025,61.05860478984516
48063,15.0,230566,firm_point,0.9498601518532176,0.12940016549843633,0.11224489795918367,105.75660573528025,61.05860478984516
48063,15.0,788405,firm_point,0.9886092606972336,0.185791527672834,0.12244897959183673,105.75660573528025,61.05860478984516
48063,15.0,216419,firm_point,0.8768813467689565,0.1259484187769923,0.08163265306122448,105.75660573528025,61.05860478984516
48063,15.0,842897,firm_point,0.9260097921276556,0.06257056495146288,0.061224489795918366,105.75660573528025,61.05860478984516
48063,15.0,788908,firm_point,0.9018918408705264,0.047836218486862134,0.02040816326530612,105.75660573528025,61.05860478984516
48063,15.0,1027760,firm_point,1.1203265124585844,0.07055983409723197,0.0,105.75660573528025,61.05860478984516
48063,20.0,437942,firm_point,1.1584414902136713,0.06263360358793449,0.01020408163265306,105.75660573528025,61.05860478984516
48063,20.0,519444,firm_point,1.2192652418247327,0.0805610319973787,0.0,105.75660573528025,61.05860478984516
48063,20.0,659366,firm_point,1.001294648913192,0.23258956559788255,0.12244897959183673,105.75660573528025,61.05860478984516
48063,20.0,377679,firm_point,0.851919364844618,0.13948749321774262,0.10204081632653061,105.75660573528025,61.05860478984516
48063,20.0,169015,firm_point,0.7307537690179454,0.17011600905479712,0.05102040816326531,101.30736911245378,61.05860478984516
48063,20.0,861574,firm_point,1.111146187849528,0.022815809939011947,0.0,105.66433442967792,61.05860478984516
48063,20.0,288804,firm_point,1.1952051289542869,0.2653731640257055,0.05102040816326531,105.75660573528025,61.05860478984516
48063,20.0,863684,firm_point,0.8738651491239022,0.042862589933800765,0.05102040816326531,105.75660573528025,61.05860478984516
48063,20.0,947575,firm_point,1.1229439645765926,0.042359205183827756,0.0,105.75660573528025,61.05860478984516
48063,20.0,575336,firm_point,1.159759928243035,0.09054225759391035,0.0,105.75660573528025,61.05860478984516
48063,30.0,144513,firm_point,1.2430083744569838,0.21254423850633986,0.0,105.75660573528025,61.05860478984516
48063,30.0,686624,firm_point,0.6305187200654342,0.39476844466612565,0.061224489795918366,96.90342750541586,61.05860478984516
48063,30.0,497339,firm_point,0.8199746850218089,0.3156019991430767,0.10204081632653061,105.75660573528025,61.05860478984516
48063,30.0,873012,firm_point,0.9766578775167387,0.16796681260348117,0.11224489795918367,105.75660573528025,61.05860478984516
48063,30.0,712322,firm_point,0.6067307557583838,0.11400078402548619,0.1326530612244898,96.32085895637539,61.05860478984516
48063,30.0,149759,firm_point,0.835501566265176,0.35402747719318256,0.15306122448979592,105.75660573528025,61.05860478984516
48063,30.0,360347,firm_point,0.9572582806826068,0.26779067297373493,0.16326530612244897,105.75660573528025,61.05860478984516
48063,30.0,917703,firm_point,0.8176501573683205,0.2821920706688464,0.1326530612244898,105.75660573528025,61.05860478984516
48063,30.0,587954,firm_point,0.7456699383180865,0.3545534244234402,0.02040816326530612,101.52775816876648,61.05860478984516
48063,30.0,322863,firm_point,0.8098430645498216,0.11707418329172228,0.01020408163265306,105.75660573528025,61.05860478984516
48063,45.0,712643,firm_point,0.7898957706214048,0.39421830767778654,0.030612244897959183,104.49740184568341,61.05860478984516
48063,45.0,1047670,firm_point,0.8111026441320419,0.49893800219895795,0.04081632653061224,105.75660573528025,61.05860478984516
48063,45.0,554331,firm_point,0.9178529425386381,0.24278796293567792,0.17346938775510204,105.75660573528025,61.05860478984516
48063,45.0,627946,firm_point,0.23259448930619334,0.3937144668338825,0.5714285714285714,89.12968014487402,61.05860478984516
48063,45.0,661342,firm_point,0.9287762768315114,0.19783551383388268,0.14285714285714285,105.75660573528025,61.05860478984516
48063,45.0,185423,firm_point,1.1496664704537227,0.09102483588552494,0.0,105.75660573528025,61.05860478984516
48063,45.0,870061,firm_point,0.4014117801373128,0.08025515666090333,0.40816326530612246,91.59169785204132,61.05860478984516
48063,45.0,707053,firm_point,0.944969271337272,0.15847707357314245,0.10204081632653061,105.75660573528025,61.05860478984516
48063,45.0,183471,firm_point,1.1969233481420303,0.11985932947920576,0.01020408163265306,105.75660573528025,61.05860478984516
48063,45.0,356217,firm_point,0.9761930311970829,0.1357341601909108,0.07142857142857142,105.75660573528025,61.05860478984516
48379,0.0,389244,firm_point,1.0217553260487713,0.005796071967434772,0.025210084033613446,58.65970432908218,56.663425669761835
48379,0.0,160232,firm_point,1.0401224821659614,0.0072864044726692915,0.0,58.875490461857574,56.663425669761835
48379,0.0,1054452,firm_point,1.0360170937269046,0.006451687841378682,0.01680672268907563,59.90375379452254,56.663425669761835
48379,0.0,728022,firm_point,1.0313069927524015,0.00624980130650743,0.0,58.284475342942926,56.663425669761835
48379,0.0,753132,firm_point,1.062153341124652,0.007841927704505685,0.008403361344537815,58.13868203090878,56.663425669761835
48379,0.0,986831,firm_point,1.0494362276490898,0.005524658978168096,0.0,60.27926963417979,56.663425669761835
48379,0.0,535577,firm_point,1.0050325820127803,0.005493089188304994,0.0,57.207373979745775,56.663425669761835
48379,0.0,1057192,firm_point,1.032284407508133,0.005932706684222753,0.0,58.62614842387582,56.663425669761835
48379,0.0,489386,firm_point,1.0095706799447302,0.006209397160002174,0.01680672268907563,57.815426279889756,56.663425669761835
48379,0.0,796274,firm_point,1.0558719138656545,0.005781836161275839,0.008403361344537815,59.15837312743721,56.663425669761835
48379,5.0,667690,firm_point,0.9472540923069938,0.0404597984302182,0.06722689075630252,80.13418507269697,56.663425669761835
48379,5.0,454311,firm_point,1.0099321880079746,0.06060909639904569,0.008403361344537815,80.13418507269697,56.663425669761835
48379,5.0,606952,firm_point,1.1349291685786513,0.02494728166919156,0.0,72.39845545254941,56.663425669761835
48379,5.0,356164,firm_point,1.1012622934250313,0.03206197833653257,0.0,78.96861187701286,56.663425669761835
48379,5.0,894934,firm_point,0.933464706870659,0.014964547148907277,0.01680672268907563,80.13418507269697,56.663425669761835
48379,5.0,877846,firm_point,0.9593755821923736,0.017662256387236886,0.01680672268907563,79.4396291840779,56.663425669761835
48379,5.0,289891,firm_point,1.03973801841561,0.07007472803860544,0.09243697478991597,80.13418507269697,56.663425669761835
48379,5.0,104048,firm_point,1.0476315892032007,0.05236154630296613,0.025210084033613446,80.13418507269697,56.663425669761835
48379,5.0,283284,firm_point,0.9888601412811141,0.020909255478199572,0.04201680672268908,80.13418507269697,56.663425669761835
48379,5.0,392210,firm_point,1.0399073400527081,0.0718487896165328,0.03361344537815126,80.13418507269697,56.663425669761835
48379,10.0,949444,firm_point,1.1512641386464624,0.03516678193815521,0.01680672268907563,68.26200708215633,56.663425669761835
48379,10.0,1026895,firm_point,1.2117846472077811,0.05361345865058033,0.01680672268907563,80.13418507269697,56.663425669761835
48379,10.0,729282,firm_point,0.9582464230663198,0.14122308351993845,0.12605042016806722,80.13418507269697,56.663425669761835
48379,10.0,1049204,firm_point,0.8656990842822394,0.03190122197180397,0.0,80.13418507269697,56.663425669761835
48379,10.0,554401,firm_point,1.152591062142085,0.04846367811827686,0.008403361344537815,79.64038447360072,56.663425669761835
48379,10.0,690180,firm_point,1.1903889431463897,0.06884230659068605,0.025210084033613446,80.13418507269697,56.663425669761835
48379,10.0,226083,firm_point,1.172561254603975,0.05591193361252355,0.0,80.13418507269697,56.663425669761835
48379,10.0,968176,firm_point,0.9825121493116098,0.09972594905731098,0.08403361344537816,80.13418507269697,56.663425669761835
48379,10.0,719967,firm_point,0.8914118546302575,0.048353863560248476,0.07563025210084033,80.13418507269697,56.663425669761835
48379,10.0,797789,firm_point,1.2170039389701335,0.036348767581757514,0.01680672268907563,80.13418507269697,56.663425669761835
48379,15.0,982253,firm_point,1.1022005411231635,0.12351100782324544,0.06722689075630252,80.13418507269697,56.663425669761835
48379,15.0,425980,firm_point,1.1879945460332864,0.26781389915576914,0.13445378151260504,80.13418507269697,56.663425669761835
48379,15.0,976416,firm_point,1.233510000785794,0.19050606807180262,0.07563025210084033,80.13418507269697,56.663425669761835
48379,15.0,212355,firm_point,0.6442985252969953,0.2789831468726668,0.17647058823529413,77.1888481761743,56.663425669761835
48379,15.0,757587,firm_point,1.1835507009099027,0.03669957973085718,0.008403361344537815,80.13418507269697,56.663425669761835
48379,15.0,523462,firm_point,0.6492525318192213,0.13687346016393623,0.10084033613445378,77.34690822252806,56.663425669761835
48379,15.0,395171,firm_point,0.6111387939315595,0.2244191873783163,0.19327731092436976,74.8254395825844,56.663425669761835
48379,15.0,402592,firm_point,0.8595148150482778,0.08675373088367228,0.05042016806722689,80.13418507269697,56.663425669761835
48379,15.0,918476,firm_point,0.9596713961349724,0.21213109507574104,0.19327731092436976,80.13418507269697,56.663425669761835
48379,15.0,384931,firm_point,0.8919505839160948,0.20983588602530673,0.226890756302521,80.13418507269697,56.663425669761835
48379,20.0,518408,firm_point,0.5313308218782077,0.3572713921955701,0.2689075630252101,71.09974073343582,56.663425669761835
48379,20.0,1041467,firm_point,0.9257018178172877,0.2632605673747071,0.24369747899159663,80.13418507269697,56.663425669761835
48379,20.0,396644,firm_point,1.0639558406247087,0.1801486795106778,0.10084033613445378,80.13418507269697,56.663425669761835
48379,20.0,927601,firm_point,0.7664939749519386,0.26936675889676226,0.3025210084033613,80.13418507269697,56.663425669761835
48379,20.0,1039064,firm_point,1.1540917105416235,0.1567668627158162,0.05042016806722689,80.13418507269697,56.663425669761835
48379,20.0,912039,firm_point,0.5083776849455027,0.31953154527876465,0.2689075630252101,68.88285355521228,56.663425669761835
48379,20.0,268630,firm_point,1.2779612804654443,0.07733272200822545,0.0,80.13418507269697,56.663425669761835
48379,20.0,577854,firm_point,0.6823346193533674,0.17969088574113806,0.29411764705882354,80.13418507269697,56.663425669761835
48379,20.0,966897,firm_point,0.8410383171958352,0.28016648794276455,0.25210084033613445,80.13418507269697,56.663425669761835
48379,20.0,828573,firm_point,1.0933243348044341,0.18267719310591668,0.10084033613445378,80.13418507269697,56.663425669761835
48379,30.0,409279,firm_point,0.29767256501292555,0.23507667476622526,0.5126050420168067,61.66032212851958,56.663425669761835
48379,30.0,224331,firm_point,0.7908241591475869,0.40277054093582304,0.3277310924369748,80.13418507269697,56.663425669761835
48379,30.0,476912,firm_point,0.3681413112659039,0.1301728539526449,0.40336134453781514,63.37283213558443,56.663425669761835
48379,30.0,246020,firm_point,0.5030729970548592,0.4796005633341837,0.2605042016806723,68.40326763835766,56.663425669761835
48379,30.0,728613,firm_point,0.6753605752378427,0.20084988852458388,0.15966386554621848,80.13418507269697,56.663425669761835
48379,30.0,602117,firm_point,0.6893400134785022,0.2842885737950583,0.21008403361344538,80.13418507269697,56.663425669761835
48379,30.0,198760,firm_point,0.8242992663592092,0.3875340070328565,0.3277310924369748,80.13418507269697,56.663425669761835
48379,30.0,1026429,firm_point,1.3523242160411737,0.057775848803552576,0.0,80.13418507269697,56.663425669761835
48379,30.0,759194,firm_point,1.134835260263861,0.22181223864951277,0.07563025210084033,80.13418507269697,56.663425669761835
48379,30.0,1075767,firm_point,0.2658721060611501,0.304155599901357,0.5294117647058824,61.29260561930312,56.663425669761835
48379,45.0,1070296,firm_point,0.11675074155648535,0.03408608683715777,0.5630252100840336,57.7174671166783,56.663425669761835
48379,45.0,782252,firm_point,0.0,0.46848126517834243,0.6134453781512605,57.72376432548913,56.663425669761835
48379,45.0,956587,firm_point,0.6277323304044352,0.5349696516860323,0.226890756302521,77.52039335968159,56.663425669761835
48379,45.0,1053563,firm_point,0.09461400607708215,0.0635564999906717,0.7647058823529411,57.577262626586226,56.663425669761835
48379,45.0,956349,firm_point,1.5,0.46472794531779515,0.09243697478991597,80.13418507269697,56.663425669761835
48379,45.0,605540,firm_point,0.6013601502108384,0.33551585894434827,0.21008403361344538,75.0853658511372,56.663425669761835
48379,45.0,868561,firm_point,0.9529015047749663,0.3457830305100202,0.21008403361344538,80.13418507269697,56.663425669761835
48379,45.0,720458,firm_point,0.0,0.38380937279853855,0.6890756302521008,80.13418507269697,56.663425669761835
48379,45.0,1032076,firm_point,0.12266467566422236,0.6127163954297228,0.5210084033613446,58.93104749046336,56.663425669761835
48379,45.0,682828,firm_point,0.0,0.4751347520025543,0.6974789915966386,80.13418507269697,56.663425669761835
48452,0.0,100593,firm_point,1.037189476929606,0.0032745072791140234,0.0,121.42739728105428,86.11974442946105
48452,0.0,453059,firm_point,1.0358424089989886,0.0033709377120842796,0.0,121.49812876378948,86.11974442946105
48452,0.0,355340,firm_point,1.0184468593394627,0.003937954987703861,0.0,121.34577675023124,86.11974442946105
48452,0.0,223975,firm_point,1.048356735297688,0.003472480745107988,0.0,121.61305738386484,86.11974442946105
48452,0.0,424689,firm_point,1.0634690445176327,0.004215366457344896,0.0,121.77130648960976,86.11974442946105
48452,0.0,433770,firm_point,1.0609969014378198,0.0044499391039418195,0.0,120.81488950027895,86.11974442946105
48452,0.0,568703,firm_point,1.0620051600814138,0.003125869384091429,0.0,121.120482752344,86.11974442946105
48452,0.0,176996,firm_point,1.0647753158220128,0.0039265392219858235,0.0,121.54592331948523,86.11974442946105
48452,0.0,276285,firm_point,1.0801542519311258,0.0036271682164668896,0.0,120.29106105713677,86.11974442946105
48452,0.0,410478,firm_point,1.0041579697835192,0.0031584910973575337,0.0,121.6969785163974,86.11974442946105
48452,5.0,472952,firm_point,1.0805707173545955,0.018030038597983723,0.0,120.35628868992217,86.11974442946105
48452,5.0,1047432,firm_point,1.0800498277287485,0.10362082610429565,0.0,121.79171056024862,86.11974442946105
48452,5.0,491833,firm_point,1.0339236980468218,0.07934399431974756,0.03361344537815126,121.79171056024862,86.11974442946105
48452,5.0,269220,firm_point,1.0504363294437857,0.0850368750553302,0.0,119.49673175841156,86.11974442946105
48452,5.0,533314,firm_point,0.9663637642966837,0.02228023142427252,0.0,121.51339254897631,86.11974442946105
48452,5.0,525484,firm_point,1.0081279632122984,0.03635608793040364,0.0,121.37453233761408,86.11974442946105
48452,5.0,279598,firm_point,1.0968770545214666,0.06799791980032355,0.025210084033613446,121.79171056024862,86.11974442946105
48452,5.0,621344,firm_point,1.0298384335637996,0.06874414948778092,0.0,120.51602121149237,86.11974442946105
48452,5.0,385375,firm_point,1.0984115448871374,0.06519734746250522,0.0,120.94482519280295,86.11974442946105
48452,5.0,618224,firm_point,0.9891112227509652,0.0371761063850367,0.0,120.87991425361443,86.11974442946105
48452,10.0,797160,firm_point,1.1493416249411212,0.14286247511963862,0.0,120.60463535771902,86.11974442946105
48452,10.0,969131,firm_point,1.0735717406940235,0.20999955192944916,0.0,121.79171056024862,86.11974442946105
48452,10.0,543658,firm_point,1.0484473317618417,0.18311841731942657,0.07563025210084033,121.79171056024862,86.11974442946105
48452,10.0,762386,firm_point,0.9111402079611778,0.07954701538300929,0.008403361344537815,120.9798106741193,86.11974442946105
48452,10.0,462647,firm_point,1.1166191494391677,0.14833245069827086,0.058823529411764705,121.79171056024862,86.11974442946105
48452,10.0,267743,firm_point,1.0300367210234118,0.2029952081397463,0.10084033613445378,121.79171056024862,86.11974442946105
48452,10.0,717780,firm_point,0.97269865977909,0.1515188746216219,0.0,120.76518246069692,86.11974442946105
48452,10.0,271637,firm_point,0.9541005163748904,0.052897453788607066,0.0,121.79171056024862,86.11974442946105
48452,10.0,249323,firm_point,0.9982622155630471,0.15406913959324586,0.01680672268907563,120.66606607531487,86.11974442946105
48452,10.0,1046602,firm_point,1.0057867680635477,0.2130659743340067,0.09243697478991597,121.79171056024862,86.11974442946105
48452,15.0,776626,firm_point,0.6607391071317834,0.4014905727243381,0.10084033613445378,120.65112557762777,86.11974442946105
48452,15.0,511406,firm_point,1.1024278120564972,0.17048017039131658,0.05042016806722689,121.79171056024862,86.11974442946105
48452,15.0,194943,firm_point,1.1503195069921628,0.2523957626229966,0.0,121.79171056024862,86.11974442946105
48452,15.0,757662,firm_point,0.8615300640109601,0.11773632338948785,0.008403361344537815,120.63254727169951,86.11974442946105
48452,15.0,273559,firm_point,1.2067184584835215,0.04884879293452232,0.0,119.68500531268376,86.11974442946105
48452,15.0,144460,firm_point,0.9893380528437903,0.29438052797699693,0.08403361344537816,121.79171056024862,86.11974442946105
48452,15.0,654120,firm_point,1.0699716921320457,0.39691747421150053,0.03361344537815126,121.79171056024862,86.11974442946105
48452,15.0,685637,firm_point,1.2255789127987622,0.0526229389129832,0.0,121.79171056024862,86.11974442946105
48452,15.0,1005863,firm_point,0.7970687300577358,0.1724374557951675,0.15126050420168066,121.79171056024862,86.11974442946105
48452,15.0,478176,firm_point,0.8507512500579689,0.1519659005129071,0.13445378151260504,121.79171056024862,86.11974442946105
48452,20.0,630671,firm_point,0.7526447779607929,0.232907790889859,0.18487394957983194,121.79171056024862,86.11974442946105
48452,20.0,347472,firm_point,1.2306087233731435,0.17993038120206056,0.0,121.79171056024862,86.11974442946105
48452,20.0,336104,firm_point,1.1942820124963596,0.4282738974042059,0.03361344537815126,121.79171056024862,86.11974442946105
48452,20.0,956092,firm_point,1.0247184797753526,0.35029315880655093,0.15126050420168066,121.79171056024862,86.11974442946105
48452,20.0,632811,firm_point,0.5733387115165494,0.30367892737198937,0.13445378151260504,112.37889931084668,86.11974442946105
48452,20.0,681375,firm_point,1.2745670092437438,0.12145492587603,0.0,121.79171056024862,86.11974442946105
48452,20.0,899583,firm_point,1.0049692283466969,0.34517001335481606,0.14285714285714285,121.79171056024862,86.11974442946105
48452,20.0,817208,firm_point,1.0547608781818696,0.2389604648502867,0.03361344537815126,121.79171056024862,86.11974442946105
48452,20.0,599945,firm_point,0.763740408590279,0.2711100647888656,0.2184873949579832,121.79171056024862,86.11974442946105
48452,20.0,287958,firm_point,1.277193707902519,0.2361888940043873,0.0,121.79171056024862,86.11974442946105
48452,30.0,877259,firm_point,1.224702757103188,0.10765001943208688,0.0,120.41874365102113,86.11974442946105
48452,30.0,857550,firm_point,0.3141814076941155,0.5846087468959578,0.4957983193277311,95.71412381260784,86.11974442946105
48452,30.0,223101,firm_point,0.663906109860716,0.31511178621844327,0.21008403361344538,121.79171056024862,86.11974442946105
48452,30.0,98679,firm_point,0.3633000340606931,0.34997914377387546,0.36134453781512604,96.02888217149192,86.11974442946105
48452,30.0,518220,firm_point,1.268719755073019,0.10995437993712798,0.0,120.09282418935015,86.11974442946105
48452,30.0,1079431,firm_point,0.41391755672985703,0.2317561177459346,0.3277310924369748,98.83053387992334,86.11974442946105
48452,30.0,235341,firm_point,1.3871250592472204,0.42047991652482386,0.01680672268907563,121.79171056024862,86.11974442946105
48452,30.0,936547,firm_point,1.3352020626423045,0.5354336981119238,0.058823529411764705,121.79171056024862,86.11974442946105
48452,30.0,784077,firm_point,0.5125958585240586,0.05457075744384923,0.13445378151260504,105.54200303649795,86.11974442946105
48452,30.0,476799,firm_point,1.1330653291260395,0.24132468009629485,0.04201680672268908,121.79171056024862,86.11974442946105
48452,45.0,754041,firm_point,0.6682416833996687,0.8530866539227083,0.33613445378151263,121.79171056024862,86.11974442946105
48452,45.0,356353,firm_point,0.6633413348874136,0.8468072448133227,0.3865546218487395,121.79171056024862,86.11974442946105
48452,45.0,691403,firm_point,1.2570357543494726,0.10340455670645059,0.0,121.79171056024862,86.11974442946105
48452,45.0,154061,firm_point,1.4353169475742575,0.40023648802256057,0.0,121.79171056024862,86.11974442946105
48452,45.0,756176,firm_point,0.8788281320024935,0.6242614586563122,0.2689075630252101,121.79171056024862,86.11974442946105
48452,45.0,508323,firm_point,0.915713369676647,0.5061672273913499,0.20168067226890757,121.79171056024862,86.11974442946105
48452,45.0,1071208,firm_point,0.6675834983176925,0.5853009236484777,0.04201680672268908,121.79171056024862,86.11974442946105
48452,45.0,792516,firm_point,0.6704394445655224,0.8332681278349197,0.37815126050420167,121.79171056024862,86.11974442946105
48452,45.0,587158,firm_point,1.218590792308301,0.135500553655198,0.0,119.20531496797668,86.11974442946105
48452,45.0,408457,firm_point,0.6775740019739414,0.8189181305074799,0.226890756302521,121.79171056024862,86.11974442946105
7167,0.0,420274,firm_point,1.041272934424762,0.00642878393987128,0.0,79.30315976874437,85.77156730342804
7167,0.0,147166,firm_point,1.011782389009902,0.006744924419677965,0.008403361344537815,88.07229500807308,85.77156730342804
7167,0.0,692925,firm_point,0.9987768508416242,0.005960192802600708,0.0,87.69414474429009,85.77156730342804
7167,0.0,598051,firm_point,1.0767798042962324,0.005100515806783906,0.0,35.8187645519517,85.77156730342804
7167,0.0,534952,firm_point,1.0236817461459158,0.005648424588358384,0.0,81.24619238028777,85.77156730342804
7167,0.0,395982,firm_point,0.9978653943623083,0.003948932049189631,0.0,88.30234640452878,85.77156730342804
7167,0.0,552159,firm_point,1.0652632589222573,0.007797682400388425,0.0,69.17711400990459,85.77156730342804
7167,0.0,102548,firm_point,1.044758390959333,0.008964563334394167,0.0,59.18061830425029,85.77156730342804
7167,0.0,751625,firm_point,1.0723278722951126,0.006901334224924504,0.0,51.13934851282024,85.77156730342804
7167,0.0,653682,firm_point,1.024968022538699,0.006643368247095097,0.0,88.55710783089768,85.77156730342804
7167,5.0,324013,firm_point,1.013747439398909,0.10310885367247254,0.01680672268907563,121.29931374650465,85.77156730342804
7167,5.0,925350,firm_point,1.0411606516318626,0.0500354282170381,0.04201680672268908,119.07376416631574,85.77156730342804
7167,5.0,762722,firm_point,1.0072047369742145,0.09558259195949265,0.008403361344537815,121.29931374650465,85.77156730342804
7167,5.0,857141,firm_point,0.9672777743464523,0.04777986032222205,0.01680672268907563,121.29931374650465,85.77156730342804
7167,5.0,815159,firm_point,0.9782104050914472,0.03376447087203959,0.0,103.49170872312631,85.77156730342804
7167,5.0,370045,firm_point,1.0341981321469398,0.0882049272715038,0.03361344537815126,119.10353657548613,85.77156730342804
7167,5.0,577916,firm_point,0.9622744785305327,0.07185293429976972,0.025210084033613446,121.29931374650465,85.77156730342804
7167,5.0,983020,firm_point,1.0901106080588154,0.07495428800027622,0.008403361344537815,119.6844012503,85.77156730342804
7167,5.0,895049,firm_point,1.0865742157763283,0.016085674959249074,0.008403361344537815,100.26490293952503,85.77156730342804
7167,5.0,289289,firm_point,1.01726567899397,0.030520265916839394,0.0,120.79527210486198,85.77156730342804
7167,10.0,674164,firm_point,1.0426854796623433,0.05461191578785517,0.0,103.44420420614851,85.77156730342804
7167,10.0,970012,firm_point,0.9793255309134267,0.05920740852610206,0.03361344537815126,121.29931374650465,85.77156730342804
7167,10.0,1075604,firm_point,0.9890059721816475,0.19491258985063092,0.025210084033613446,119.8635697572896,85.77156730342804
7167,10.0,493444,firm_point,1.0059571193581576,0.08875291478149283,0.0,121.29931374650465,85.77156730342804
7167,10.0,941177,firm_point,1.0844556355901882,0.08019893994195917,0.0,101.90827111597586,85.77156730342804
7167,10.0,458579,firm_point,0.9565837084423995,0.09196499479211359,0.0,119.36834269614664,85.77156730342804
7167,10.0,187708,firm_point,1.0316627273892116,0.20280928159081948,0.0,121.29931374650465,85.77156730342804
7167,10.0,262992,firm_point,1.0558087877332398,0.02465683838025354,0.025210084033613446,94.56688814911207,85.77156730342804
7167,10.0,125528,firm_point,1.0202218625367427,0.2082256002027431,0.025210084033613446,121.29931374650465,85.77156730342804
7167,10.0,236946,firm_point,1.0444974515239707,0.19789152843241342,0.03361344537815126,121.29931374650465,85.77156730342804
7167,15.0,746839,firm_point,1.037618168481509,0.14789223017483588,0.008403361344537815,121.29931374650465,85.77156730342804
7167,15.0,793512,firm_point,1.0532710612336966,0.3095543763234815,0.01680672268907563,121.29931374650465,85.77156730342804
7167,15.0,435591,firm_point,1.097613477235823,0.19830597999707672,0.0,120.10097256167465,85.77156730342804
7167,15.0,454548,firm_point,0.9103402266468922,0.15007364612834412,0.06722689075630252,121.29931374650465,85.77156730342804
7167,15.0,1008269,firm_point,0.9251973301990115,0.07620297044135778,0.008403361344537815,113.88046570708009,85.77156730342804
7167,15.0,940109,firm_point,0.9954107228934824,0.26952124388465404,0.058823529411764705,121.29931374650465,85.77156730342804
7167,15.0,456368,firm_point,1.0902345263044555,0.04866315227788289,0.008403361344537815,120.16329970787203,85.77156730342804
7167,15.0,237245,firm_point,1.1064094202974717,0.24812280786246915,0.008403361344537815,120.10062070348337,85.77156730342804
7167,15.0,750615,firm_point,1.0479091744594946,0.11554804532231744,0.0,119.6783222126739,85.77156730342804
7167,15.0,692444,firm_point,0.9026424841896286,0.057596871913094275,0.01680672268907563,105.85897142367998,85.77156730342804
7167,20.0,459276,firm_point,1.0380471585787236,0.11425345701131658,0.025210084033613446,105.23186989206772,85.77156730342804
7167,20.0,686458,firm_point,1.0643701339015006,0.18908718077589803,0.008403361344537815,121.29931374650465,85.77156730342804
7167,20.0,183032,firm_point,0.9856096894388395,0.3758072667680482,0.05042016806722689,121.29931374650465,85.77156730342804
7167,20.0,794035,firm_point,0.9571324116924314,0.3872196392954582,0.06722689075630252,121.29931374650465,85.77156730342804
7167,20.0,267482,firm_point,1.1236402858952286,0.20802544753166805,0.0,121.29931374650465,85.77156730342804
7167,20.0,595575,firm_point,0.9363961970896664,0.3155257635505592,0.09243697478991597,121.29931374650465,85.77156730342804
7167,20.0,798120,firm_point,1.0381123947708926,0.41250311670001344,0.025210084033613446,120.67277590168486,85.77156730342804
7167,20.0,688230,firm_point,0.9494093226895799,0.35575202229134184,0.07563025210084033,121.29931374650465,85.77156730342804
7167,20.0,1052070,firm_point,0.896886400555756,0.3624743832169569,0.1092436974789916,121.29931374650465,85.77156730342804
7167,20.0,815261,firm_point,1.0773249052289275,0.4121028000956419,0.008403361344537815,121.29931374650465,85.77156730342804
7167,30.0,132381,firm_point,0.7887419479141838,0.35199006001116234,0.13445378151260504,121.29931374650465,85.77156730342804
7167,30.0,95815,firm_point,0.5035161988170538,0.36968754900303247,0.15966386554621848,111.88113225591775,85.77156730342804
7167,30.0,869578,firm_point,0.4482869103837543,0.7268434044569224,0.35294117647058826,109.93009173961954,85.77156730342804
7167,30.0,432780,firm_point,0.7187650706308542,0.08170510776799327,0.04201680672268908,121.29931374650465,85.77156730342804
7167,30.0,572405,firm_point,0.7549977238781777,0.31602080503188346,0.11764705882352941,121.29931374650465,85.77156730342804
7167,30.0,218334,firm_point,1.0587170464444517,0.173941985897288,0.008403361344537815,114.70942772638719,85.77156730342804
7167,30.0,447674,firm_point,0.9524155336080836,0.5411614734973991,0.08403361344537816,121.29931374650465,85.77156730342804
7167,30.0,468045,firm_point,0.5282610040266774,0.3640677500928314,0.21008403361344538,118.03228010008297,85.77156730342804
7167,30.0,707485,firm_point,1.1317638919538802,0.13312799902442282,0.0,121.29931374650465,85.77156730342804
7167,30.0,373408,firm_point,0.5422306232450547,0.7383330771534448,0.23529411764705882,118.67385904926061,85.77156730342804
7167,45.0,630357,firm_point,0.1829201189239195,0.869935726028383,0.6050420168067226,92.7788792068776,85.77156730342804
7167,45.0,461917,firm_point,1.1861062922596204,0.6313941118406537,0.05042016806722689,121.29931374650465,85.77156730342804
7167,45.0,417380,firm_point,0.1453031807690127,0.7581781066464133,0.6554621848739496,93.65279272014875,85.77156730342804
7167,45.0,986249,firm_point,0.8833264230432406,0.426709999239055,0.09243697478991597,121.29931374650465,85.77156730342804
7167,45.0,656895,firm_point,1.2435019534091307,0.4979755189331251,0.008403361344537815,121.29931374650465,85.77156730342804
7167,45.0,373113,firm_point,0.5092366700034603,0.8557021177526913,0.20168067226890757,114.05479189775471,85.77156730342804
7167,45.0,335059,firm_point,0.7996071419529914,0.5002720497984103,0.13445378151260504,121.29931374650465,85.77156730342804
7167,45.0,202139,firm_point,0.7914352679121951,0.802873561040287,0.16806722689075632,121.29931374650465,85.77156730342804
7167,45.0,386552,firm_point,0.5725191375124294,0.33173592832318427,0.14285714285714285,121.29931374650465,85.77156730342804
7167,45.0,782158,firm_point,0.5031527863142533,0.8659937216542233,0.2857142857142857,115.3660607050192,85.77156730342804
