obj,estimator,delta_deg,seed,f_max_level,progress,max_track_err,contact_lost_frac,peak_force,wrist_f_max
46889,,0.0,726958,50.0,1.0092626988733575,0.16238726667064368,0.0,86.60254037844386,50.0
46889,,0.0,1075621,50.0,1.0102688218850848,0.12357263544364043,0.0,86.60254037844386,50.0
46889,,0.0,587108,50.0,1.017841601090016,0.1396546455293315,0.0,86.60254037844386,50.0
46889,,0.0,507375,50.0,1.014777127392016,0.12409063250057956,0.0,86.60254037844386,50.0
46889,,0.0,257132,50.0,1.0166782745985508,0.1261513744842604,0.0,86.60254037844386,50.0
46889,,0.0,292274,50.0,1.0142374945328247,0.14881938872038383,0.0,86.60254037844386,50.0
46889,,0.0,830820,50.0,1.0147674746727797,0.12245068724977963,0.0,86.60254037844386,50.0
46889,,0.0,850688,50.0,1.0172189385096293,0.14006795541779823,0.0,86.60254037844386,50.0
46889,,0.0,126293,50.0,1.0133048134755427,0.12135237222959769,0.0,86.60254037844386,50.0
46889,,0.0,278920,50.0,1.0132796548713907,0.12684065105986855,0.0,86.60254037844386,50.0
46889,,5.0,630894,50.0,1.1353656900053244,0.229740465404124,0.0,86.60254037844386,50.0
46889,,5.0,99497,50.0,1.0666232383170744,0.14819619173361617,0.0,86.60254037844386,50.0
46889,,5.0,1012947,50.0,1.0610120499999491,0.1562455676202299,0.0,86.60254037844386,50.0
46889,,5.0,632786,50.0,1.0814296984469445,0.14669856869083503,0.0,86.60254037844386,50.0
46889,,5.0,347360,50.0,0.9505606811809356,0.12282266853634896,0.0,86.60254037844386,50.0
46889,,5.0,991670,50.0,1.0405903708507256,0.10938465346319218,0.0,86.60254037844386,50.0
46889,,5.0,876834,50.0,0.9946753245935865,0.12880755563754043,0.0,86.60254037844386,50.0
46889,,5.0,473067,50.0,0.9723909130938195,0.11814561532683025,0.0,86.60254037844386,50.0
46889,,5.0,798913,50.0,0.9768179317730308,0.12405615698870909,0.0,86.60254037844386,50.0
46889,,5.0,750773,50.0,1.071191540821746,0.14948000262916186,0.0,86.60254037844386,50.0
46889,,10.0,825020,50.0,0.983596359302643,0.24811193157967787,0.00847457627118644,86.60254037844386,50.0
46889,,10.0,594317,50.0,1.0660526210847165,0.09432853767492848,0.0,86.60254037844386,50.0
46889,,10.0,315374,50.0,0.8726312294713084,0.11053796818014887,0.0,86.60254037844386,50.0
46889,,10.0,350824,50.0,0.9273476678713187,0.07959890088494065,0.0,86.60254037844386,50.0
46889,,10.0,215114,50.0,1.0981300855232519,0.11000436414113958,0.0,86.60254037844386,50.0
46889,,10.0,965214,50.0,0.9449540946297165,0.09702074587022111,0.0,86.60254037844386,50.0
46889,,10.0,581281,50.0,1.0650503919804217,0.08615655615375706,0.0,86.60254037844386,50.0
46889,,10.0,931270,50.0,1.302246579013031,0.34135145752890994,0.0,86.60254037844386,50.0
46889,,10.0,601372,50.0,1.0699386262383144,0.21664165804953361,0.0,86.60254037844386,50.0
46889,,10.0,1052973,50.0,0.8829095712630286,0.09952358661155326,0.0,86.60254037844386,50.0
46889,,15.0,667849,50.0,1.1140200229513568,0.25479141739634475,0.0,86.60254037844386,50.0
46889,,15.0,1079544,50.0,0.4966819479678696,0.24814145319558603,0.0,86.60254037844386,50.0
46889,,15.0,153501,50.0,0.9769099498992881,0.19275953330551163,0.0,86.60254037844386,50.0
46889,,15.0,750995,50.0,0.8757687750433166,0.15968861148063693,0.0,86.60254037844386,50.0
46889,,15.0,695054,50.0,0.9214239028508233,0.23183635073338282,0.058823529411764705,86.60254037844386,50.0
46889,,15.0,544510,50.0,1.0755907071407345,0.08868199985523695,0.0,86.60254037844386,50.0
46889,,15.0,799319,50.0,1.1801099892862958,0.23950722378467035,0.0,86.60254037844386,50.0
46889,,15.0,433017,50.0,1.168421842848954,0.14649594075880196,0.0,86.60254037844386,50.0
46889,,15.0,862981,50.0,1.1575834431692416,0.11290769240381075,0.0,86.60254037844386,50.0
46889,,15.0,398017,50.0,0.9887623295750946,0.16608078933821283,0.0,86.60254037844386,50.0
46889,,20.0,215838,50.0,1.2440728124320273,0.21642101987486764,0.0,86.60254037844386,50.0
46889,,20.0,161264,50.0,0.39023653226416494,0.3869037192842643,0.0,79.18643670659142,50.0
46889,,20.0,367123,50.0,1.072370683364055,0.1270286140867502,0.0,86.60254037844386,50.0
46889,,20.0,178541,50.0,0.9567401362981847,0.12694883012999003,0.0,86.60254037844386,50.0
46889,,20.0,325421,50.0,0.7561286781605971,0.20249255466851684,0.0,86.60254037844386,50.0
46889,,20.0,451473,50.0,0.8121422698375583,0.23846297041780035,0.0,86.60254037844386,50.0
46889,,20.0,793016,50.0,0.8971636529753166,0.28620259372717827,0.0,86.60254037844386,50.0
46889,,20.0,572819,50.0,0.41250916141461963,0.3117650715215518,0.0,86.60254037844386,50.0
46889,,20.0,953012,50.0,0.2944534866483377,0.26797467072273484,0.4864864864864865,86.60254037844386,50.0
46889,,20.0,980427,50.0,0.7330314243669034,0.21754489820022777,0.0,86.60254037844386,50.0
46889,,30.0,97232,50.0,0.3501883729538379,0.5101925919056342,0.0,86.60254037844386,50.0
46889,,30.0,586546,50.0,1.2997906713474034,0.37491527527368274,0.0,86.60254037844386,50.0
46889,,30.0,125976,50.0,0.371060107310781,0.037498891173955134,0.46956521739130436,81.72392227845516,50.0
46889,,30.0,312347,50.0,0.2083835084523161,0.37781636689787723,0.1415929203539823,86.60254037844386,50.0
46889,,30.0,1064982,50.0,0.45873848539618645,0.48990616498092154,0.0,86.60254037844386,50.0
46889,,30.0,696536,50.0,0.6077076006630003,0.0516320912807345,0.06363636363636363,83.56307977868114,50.0
46889,,30.0,781878,50.0,1.041460359047999,0.5568486714912924,0.0,86.60254037844386,50.0
46889,,30.0,361917,50.0,0.0,0.2582292587100011,0.4636363636363636,86.60254037844386,50.0
46889,,30.0,807137,50.0,1.0258171827891422,0.4181034841098606,0.0,86.60254037844386,50.0
46889,,30.0,1001394,50.0,0.5991586094821925,0.1574868289300663,0.0,86.60254037844386,50.0
46889,,45.0,565995,50.0,0.0,0.4255775967111926,0.0,86.60254037844386,50.0
46889,,45.0,751490,50.0,0.0,0.2820485929797973,0.0,86.60254037844386,50.0
46889,,45.0,890496,50.0,0.0,0.41456457874124314,0.39823008849557523,86.60254037844386,50.0
46889,,45.0,891486,50.0,0.5701295857149556,0.523989412413742,0.0,86.60254037844386,50.0
46889,,45.0,997794,50.0,1.1903519431047258,0.6471673012641939,0.0,86.60254037844386,50.0
46889,,45.0,1057411,50.0,1.020515647516358,0.20043034844539753,0.0,86.60254037844386,50.0
46889,,45.0,854232,50.0,0.7385651715270121,0.5723459911866793,0.0,86.60254037844386,50.0
46889,,45.0,1069224,50.0,0.0031106861857376077,0.6442452619241644,0.0,78.05986265886231,50.0
46889,,45.0,1080536,50.0,0.0,0.20006380443706828,0.2,86.60254037844386,50.0
46889,,45.0,260577,50.0,0.26464953032310523,0.11584143090755111,0.0,86.60254037844386,50.0
47315,,0.0,877605,50.0,0.7125613536658083,0.03670582072049273,0.2,86.60254037844386,50.0
47315,,0.0,357520,50.0,0.5887239137436104,0.15171245138986755,0.19658119658119658,86.60254037844386,50.0
47315,,0.0,1034055,50.0,0.578698877359069,0.03783386660373075,0.1810344827586207,86.60254037844386,50.0
47315,,0.0,179887,50.0,0.7284673558714515,0.038756296442378,0.18803418803418803,86.60254037844386,50.0
47315,,0.0,1027144,50.0,0.9318397198685134,0.16248622225577566,0.0,86.60254037844386,50.0
47315,,0.0,907459,50.0,0.7595826429987251,0.03811565314321664,0.14285714285714285,86.60254037844386,50.0
47315,,0.0,306322,50.0,0.7246386511562146,0.20724630594645388,0.1724137931034483,86.60254037844386,50.0
47315,,0.0,831878,50.0,0.6898897514167434,0.16126176742539602,0.1810344827586207,86.60254037844386,50.0
47315,,0.0,686016,50.0,0.9398073020575742,0.03858022497869552,0.0,86.60254037844386,50.0
47315,,0.0,583899,50.0,0.7349887844664242,0.16589566240436754,0.17857142857142858,86.60254037844386,50.0
47315,,5.0,942529,50.0,0.8193232168707164,0.1699587175193279,0.0,86.60254037844386,50.0
47315,,5.0,564649,50.0,0.7270222906243609,0.133652782744198,0.1826086956521739,86.60254037844386,50.0
47315,,5.0,1017066,50.0,0.8198617201418462,0.15997288063271392,0.0,86.60254037844386,50.0
47315,,5.0,129831,50.0,0.3506158670672452,0.15714973935745294,0.6206896551724138,74.41393272771602,50.0
47315,,5.0,852999,50.0,0.7352217249489994,0.1442350481058632,0.24778761061946902,86.60254037844386,50.0
47315,,5.0,418822,50.0,0.4914591067857845,0.1379956872926637,0.17094017094017094,86.60254037844386,50.0
47315,,5.0,204243,50.0,0.2162254131787116,0.02718684435338412,0.7368421052631579,72.40687051880549,50.0
47315,,5.0,635008,50.0,0.1984740804322655,0.15547029899976042,0.7521367521367521,86.60254037844386,50.0
47315,,5.0,440098,50.0,0.7244198914381844,0.08278026786414487,0.23529411764705882,86.60254037844386,50.0
47315,,5.0,554527,50.0,0.8234829962515985,0.11608878636284758,0.0,86.60254037844386,50.0
47315,,10.0,780995,50.0,0.6434186258491712,0.12973006152592184,0.25,86.60254037844386,50.0
47315,,10.0,133548,50.0,0.15086259169319832,0.02728810772834767,0.7567567567567568,71.92970460426602,50.0
47315,,10.0,137572,50.0,0.7536541780954635,0.3228548875741977,0.03389830508474576,86.60254037844386,50.0
47315,,10.0,402242,50.0,0.7055859257688148,0.18227520610850637,0.23275862068965517,86.60254037844386,50.0
47315,,10.0,130340,50.0,0.9009498964816747,0.5509876735268927,0.0,86.60254037844386,50.0
47315,,10.0,672159,50.0,0.8536701600689524,0.29187259055242787,0.0,86.60254037844386,50.0
47315,,10.0,290077,50.0,0.7437134510969083,0.1657316038268357,0.0,86.60254037844386,50.0
47315,,10.0,445428,50.0,0.3473907297681495,0.04946866061266899,0.6548672566371682,78.70648666929603,50.0
47315,,10.0,705812,50.0,0.694244613006063,0.16218870874982344,0.25225225225225223,86.60254037844386,50.0
47315,,10.0,639751,50.0,0.3352880226148533,0.1538723606911794,0.509090909090909,74.74290555725729,50.0
47315,,15.0,376843,50.0,0.047564878694282685,0.025376669499019632,0.8869565217391304,71.00673097182741,50.0
47315,,15.0,614033,50.0,0.0604410449767535,0.15801312206368906,0.8596491228070176,71.44785416993575,50.0
47315,,15.0,414140,50.0,0.0385214183101944,0.042518716581228744,0.9145299145299145,86.60254037844386,50.0
47315,,15.0,783591,50.0,0.6877543250607961,0.08776548468007075,0.36134453781512604,86.60254037844386,50.0
47315,,15.0,663362,50.0,0.038181952774948416,0.14181434596425893,0.896551724137931,73.75059641740475,50.0
47315,,15.0,1076271,50.0,0.6723146419860138,0.18398366166357816,0.2972972972972973,86.60254037844386,50.0
47315,,15.0,824971,50.0,0.0826523061423757,0.027973422255924144,0.8189655172413793,71.13930801236704,50.0
47315,,15.0,661336,50.0,0.05290091707004075,0.15304112728354852,0.905982905982906,71.65279084109703,50.0
47315,,15.0,992703,50.0,0.0,0.01490323518590142,0.990990990990991,50.535379848007125,50.0
47315,,15.0,930647,50.0,0.7170081823119098,0.16037081277707316,0.3333333333333333,86.60254037844386,50.0
47315,,20.0,611978,50.0,0.025737066241534403,0.1508246099255164,0.8947368421052632,71.46016998957668,50.0
47315,,20.0,135915,50.0,0.03830669988023387,0.025152790430523892,0.9272727272727272,71.14569350112835,50.0
47315,,20.0,478683,50.0,0.6874461492125188,0.2650216802540784,0.2773109243697479,86.60254037844386,50.0
47315,,20.0,267677,50.0,0.33991821443611137,0.1562135819389938,0.7027027027027027,82.84458498996555,50.0
47315,,20.0,605224,50.0,0.042533496497131916,0.031993216326877044,0.923728813559322,86.60254037844386,50.0
47315,,20.0,949476,50.0,0.6743535734363821,0.08787875459029672,0.3963963963963964,86.60254037844386,50.0
47315,,20.0,151943,50.0,0.02260305187368584,0.04314199823075711,0.9322033898305084,86.60254037844386,50.0
47315,,20.0,755453,50.0,0.039203195978837334,0.15606317160742075,0.9243697478991597,86.60254037844386,50.0
47315,,20.0,536433,50.0,0.0,0.15545096181524573,0.9,72.1409315476978,50.0
47315,,20.0,795444,50.0,0.0,0.1519323139535081,0.8,86.60254037844386,50.0
47315,,30.0,822524,50.0,0.0,0.15856769922595548,0.954954954954955,71.94555813883426,50.0
47315,,30.0,370205,50.0,0.6027584668003738,0.7152715063942103,0.05042016806722689,86.60254037844386,50.0
47315,,30.0,324122,50.0,0.0024231656298531325,0.026588235258578324,0.8362068965517241,75.3983917690402,50.0
47315,,30.0,472280,50.0,0.7190565150876241,0.7896980949093172,0.0,86.60254037844386,50.0
47315,,30.0,165080,50.0,0.4215590586978978,0.2068802676551609,0.0,76.02410137323523,50.0
47315,,30.0,173319,50.0,0.725508606399116,0.7226854071229187,0.0,86.60254037844386,50.0
47315,,30.0,789407,50.0,0.004492174235112991,0.020375437620556172,0.9565217391304348,70.83057287062599,50.0
47315,,30.0,108880,50.0,0.8288030292200278,0.7783055525117483,0.0,86.60254037844386,50.0
47315,,30.0,383618,50.0,0.0,0.15443219066880026,0.9137931034482759,70.97700400282339,50.0
47315,,30.0,304810,50.0,0.7082661409781827,0.6686513436587624,0.0,86.60254037844386,50.0
47315,,45.0,1060863,50.0,0.6788767780012646,1.0911950817718874,0.0,86.60254037844386,50.0
47315,,45.0,137796,50.0,0.024309613926661304,0.16744711312256785,0.8376068376068376,71.5558621303226,50.0
47315,,45.0,628588,50.0,0.3679645130759686,0.6617504317183148,0.0,86.60254037844386,50.0
47315,,45.0,508026,50.0,0.0,0.020848442306695886,0.9553571428571429,70.82957546243084,50.0
47315,,45.0,840820,50.0,0.5516961640405196,0.8316439367597954,0.0,80.79091473497412,50.0
47315,,45.0,531494,50.0,0.6691068290615649,0.5854394279945372,0.2072072072072072,86.60254037844386,50.0
47315,,45.0,499899,50.0,0.6678543006098713,0.5378757535237393,0.22522522522522523,86.60254037844386,50.0
47315,,45.0,849895,50.0,0.6983670317279704,1.084836288192416,0.0,86.60254037844386,50.0
47315,,45.0,756912,50.0,0.7067306281652143,1.106519904105386,0.0,86.60254037844386,50.0
47315,,45.0,954191,50.0,0.0,0.1984098410303131,0.22807017543859648,86.60254037844386,50.0
48271,,0.0,459337,50.0,1.2008882446757136,0.49712553227744,0.8125,86.60254037844386,50.0
48271,,0.0,910740,50.0,1.4949111015623113,0.5498160098405365,0.0,86.60254037844386,50.0
48271,,0.0,414892,50.0,0.9129145654112346,0.20707400664535433,0.0,86.60254037844386,50.0
48271,,0.0,242597,50.0,1.4562030359559155,0.3778965826560859,0.0,86.60254037844386,50.0
48271,,0.0,421225,50.0,1.5053205205112172,0.47972264175095847,0.0,86.60254037844386,50.0
48271,,0.0,861354,50.0,0.8396760094201743,0.33950302542808986,0.0,86.60254037844386,50.0
48271,,0.0,486349,50.0,0.821727438638166,0.590690211072717,0.0,86.60254037844386,50.0
48271,,0.0,910223,50.0,0.16372202033948563,0.6682297866999459,0.18421052631578946,86.60254037844386,50.0
48271,,0.0,1072277,50.0,1.050310215819375,0.22148276801102595,0.0,86.60254037844386,50.0
48271,,0.0,344947,50.0,1.1045783054128573,0.6062273300763481,0.0,86.60254037844386,50.0
48271,,5.0,145290,50.0,1.5093934701609597,0.5583765109662577,0.0,86.60254037844386,50.0
48271,,5.0,125370,50.0,1.0344841433959249,0.47719936761461484,0.0,86.60254037844386,50.0
48271,,5.0,658926,50.0,0.798519572703361,0.2381047557338902,0.0,86.60254037844386,50.0
48271,,5.0,109253,50.0,1.1596012444715442,0.36489503087627484,0.0,86.60254037844386,50.0
48271,,5.0,234390,50.0,1.1044315983785877,0.5903562259771447,0.0,86.60254037844386,50.0
48271,,5.0,701290,50.0,0.8688154260195905,0.231507263985215,0.0,86.60254037844386,50.0
48271,,5.0,805524,50.0,1.2512165102569999,0.5009011972689574,0.0,86.60254037844386,50.0
48271,,5.0,462055,50.0,1.4961472281556805,0.4964867371644105,0.0,86.60254037844386,50.0
48271,,5.0,631899,50.0,0.9731802663514363,0.5394163173480302,0.0,86.60254037844386,50.0
48271,,5.0,157145,50.0,1.129935215236606,0.5086294775690476,0.0,86.60254037844386,50.0
48271,,10.0,551571,50.0,1.0666633344842282,0.14950699491698952,0.0,86.60254037844386,50.0
48271,,10.0,96325,50.0,0.21616304643423556,0.5315349309953926,0.23076923076923078,86.60254037844386,50.0
48271,,10.0,575396,50.0,1.0167888697175533,0.5704581928298001,0.0,86.60254037844386,50.0
48271,,10.0,144503,50.0,1.0663326185685205,0.14535581493354607,0.0,86.60254037844386,50.0
48271,,10.0,270405,50.0,0.6873510791466366,0.603095611935053,0.0,86.60254037844386,50.0
48271,,10.0,1068392,50.0,0.9215600449242771,0.5510088126894639,0.0,86.60254037844386,50.0
48271,,10.0,116263,50.0,1.0373724310255779,0.29193415484315977,0.0,86.60254037844386,50.0
48271,,10.0,689692,50.0,0.0,0.5802693139290208,0.12612612612612611,86.60254037844386,50.0
48271,,10.0,1049064,50.0,1.5154967020993246,0.6416969776255418,0.0,86.60254037844386,50.0
48271,,10.0,373678,50.0,1.4918160153521647,0.3705042189297228,0.940677966101695,86.60254037844386,50.0
48271,,15.0,489807,50.0,0.17474746579133882,0.7023697530016783,0.37719298245614036,86.60254037844386,50.0
48271,,15.0,156800,50.0,1.0802658768627014,0.5628050865934728,0.0,86.60254037844386,50.0
48271,,15.0,448930,50.0,0.0,0.5936707284343014,0.49557522123893805,86.60254037844386,50.0
48271,,15.0,1011187,50.0,1.0608774359843136,0.2603551995570589,0.0,86.60254037844386,50.0
48271,,15.0,542171,50.0,0.7630929380984013,0.602151500415896,0.0,86.60254037844386,50.0
48271,,15.0,873800,50.0,1.1045587999204725,0.39086712001033164,0.0,86.60254037844386,50.0
48271,,15.0,147299,50.0,1.245087478229471,0.5103468124205356,0.0,86.60254037844386,50.0
48271,,15.0,607985,50.0,1.4853480021395882,0.4879655491192742,0.0,86.60254037844386,50.0
48271,,15.0,460769,50.0,1.53656525993737,0.5519169941230032,0.0,86.60254037844386,50.0
48271,,15.0,654833,50.0,1.4933698502202182,0.6331839934004775,0.0,86.60254037844386,50.0
48271,,20.0,463092,50.0,0.9969648919174118,0.26520086819236266,0.0,86.60254037844386,50.0
48271,,20.0,1055658,50.0,1.02217267286755,0.25740087431151926,0.0,86.60254037844386,50.0
48271,,20.0,293632,50.0,0.051640155002123524,0.2505373830266351,0.5446428571428571,86.60254037844386,50.0
48271,,20.0,120773,50.0,0.9338388792810409,0.4857156790710747,0.0,86.60254037844386,50.0
48271,,20.0,1004298,50.0,1.4855263602838433,0.4861679414821042,0.0,86.60254037844386,50.0
48271,,20.0,1058231,50.0,1.2559207204245153,0.41011619090951784,0.0,86.60254037844386,50.0
48271,,20.0,1081323,50.0,1.278643366408094,0.4832297686306835,0.0,86.60254037844386,50.0
48271,,20.0,223280,50.0,1.163809148420788,0.24735385624402353,0.0,86.60254037844386,50.0
48271,,20.0,674556,50.0,0.7404001583981666,0.437303305505441,0.017543859649122806,86.60254037844386,50.0
48271,,20.0,435396,50.0,0.8715977798114344,0.1876074502372679,0.0,86.60254037844386,50.0
48271,,30.0,427827,50.0,0.9190825148784081,0.33136664274134303,0.0,86.60254037844386,50.0
48271,,30.0,963505,50.0,1.1102227804918963,0.5719480707321729,0.0,86.60254037844386,50.0
48271,,30.0,773498,50.0,0.0618917986640704,0.34893696861989754,0.336283185840708,86.60254037844386,50.0
48271,,30.0,875088,50.0,0.08768937338796363,0.474195438583902,0.06086956521739131,86.60254037844386,50.0
48271,,30.0,943702,50.0,0.015014874311152069,0.3903816193766955,0.3644067796610169,86.60254037844386,50.0
48271,,30.0,407265,50.0,1.2233254929178017,0.6500179141143293,0.0,86.60254037844386,50.0
48271,,30.0,374796,50.0,0.9838785216891452,0.585130398372078,0.831858407079646,86.60254037844386,50.0
48271,,30.0,792634,50.0,0.8700046992508985,0.3566823539756563,0.0,86.60254037844386,50.0
48271,,30.0,920368,50.0,0.9780480098186577,0.31888763577333906,0.017094017094017096,86.60254037844386,50.0
48271,,30.0,432158,50.0,1.1281875402412656,0.40113203999633057,0.0,86.60254037844386,50.0
48271,,45.0,204611,50.0,0.9853351212189062,0.6215079588095671,0.0,86.60254037844386,50.0
48271,,45.0,163362,50.0,0.020332036186374455,0.3634176249908452,0.6071428571428571,86.60254037844386,50.0
48271,,45.0,812198,50.0,1.0444710352517015,0.28749892081960005,0.0,86.60254037844386,50.0
48271,,45.0,238198,50.0,1.0386803680760341,0.5531670017937425,0.0,86.60254037844386,50.0
48271,,45.0,147137,50.0,0.8060974384100961,0.48932364934811273,0.0,86.60254037844386,50.0
48271,,45.0,963913,50.0,0.7857424713832386,0.4245936291498848,0.0,86.60254037844386,50.0
48271,,45.0,413008,50.0,0.2811206470743433,0.40248107855490356,0.0,86.60254037844386,50.0
48271,,45.0,245417,50.0,0.9809458518056399,0.4459101998793822,0.0,86.60254037844386,50.0
48271,,45.0,513523,50.0,0.0,0.5764337432023808,0.24324324324324326,86.60254037844386,50.0
48271,,45.0,582894,50.0,0.03989767898496622,0.35620702034127766,0.452991452991453,86.60254037844386,50.0
7119,,0.0,909130,50.0,0.9904139882953117,0.3013377903231593,0.0,86.60254037844386,50.0
7119,,0.0,1064933,50.0,1.018899961481224,0.028631673276567356,0.0,86.60254037844386,50.0
7119,,0.0,914538,50.0,0.8900248756302112,0.08752787586726195,0.0,86.60254037844386,50.0
7119,,0.0,139599,50.0,1.0160817998229674,0.011667085757813103,0.0,86.60254037844386,50.0
7119,,0.0,833674,50.0,1.0127332835371863,0.03700223683455427,0.0,86.60254037844386,50.0
7119,,0.0,662570,50.0,1.0142626774362875,0.00778926263902124,0.0,86.60254037844386,50.0
7119,,0.0,1024527,50.0,1.0202953579806664,0.006898112984309484,0.0,86.60254037844386,50.0
7119,,0.0,1010307,50.0,1.0084204540941546,0.029060425787197208,0.0,86.60254037844386,50.0
7119,,0.0,866735,50.0,1.0155502602460584,0.012346691793009058,0.0,86.60254037844386,50.0
7119,,0.0,575425,50.0,1.0102512952243894,0.02946633607325977,0.0,86.60254037844386,50.0
7119,,5.0,193288,50.0,1.002958604155849,0.0874949326289413,0.0,86.60254037844386,50.0
7119,,5.0,963135,50.0,1.0403357057388507,0.10727901660815171,0.0,86.60254037844386,50.0
7119,,5.0,157303,50.0,1.008481567676402,0.08715186037586672,0.0,86.60254037844386,50.0
7119,,5.0,1089463,50.0,0.0,3.5977048720426453e-06,1.0,8.832067698083728,50.0
7119,,5.0,850100,50.0,1.1311872185677976,0.15159510839145096,0.5535714285714286,86.60254037844386,50.0
7119,,5.0,190489,50.0,0.9047316857113968,0.16774910080082286,0.0,86.60254037844386,50.0
7119,,5.0,472227,50.0,0.9681189076336254,0.28964661934991215,0.0,86.60254037844386,50.0
7119,,5.0,782053,50.0,1.0512802709131346,0.14493375900655023,0.0,86.60254037844386,50.0
7119,,5.0,462994,50.0,1.040093006696451,0.08517910705713459,0.0,86.60254037844386,50.0
7119,,5.0,889362,50.0,1.0407961566259394,0.1241895341533525,0.0,86.60254037844386,50.0
7119,,10.0,885125,50.0,0.9377506650624533,0.09577036347611635,0.0,86.60254037844386,50.0
7119,,10.0,313924,50.0,0.9355655679614392,0.10677955947206473,0.0,86.60254037844386,50.0
7119,,10.0,1062873,50.0,1.0798261319730893,0.10020559746999556,0.0,86.60254037844386,50.0
7119,,10.0,792434,50.0,1.0645424560869388,0.21671518148183577,0.0,86.60254037844386,50.0
7119,,10.0,630444,50.0,0.25090068685999717,0.09577043147558859,0.6545454545454545,75.980591961843,50.0
7119,,10.0,851132,50.0,1.0392418536389585,0.20652524448704518,0.0,86.60254037844386,50.0
7119,,10.0,426128,50.0,0.0,0.00564392232348413,0.9821428571428571,80.95166851513139,50.0
7119,,10.0,277153,50.0,1.0191879460803481,0.13076444563192913,0.0,86.60254037844386,50.0
7119,,10.0,388606,50.0,1.0785067990958417,0.15197777972095206,0.0,86.60254037844386,50.0
7119,,10.0,294080,50.0,0.922544381557269,0.20395428771256202,0.0,86.60254037844386,50.0
7119,,15.0,583819,50.0,0.0,0.2054093320559349,0.9642857142857143,86.60254037844386,50.0
7119,,15.0,1010364,50.0,1.0945596711123775,0.19410102455869155,0.0,86.60254037844386,50.0
7119,,15.0,706168,50.0,1.0104314432671841,0.2959699292980854,0.0,86.60254037844386,50.0
7119,,15.0,612531,50.0,1.003769542573213,0.19705358638435722,0.0,86.60254037844386,50.0
7119,,15.0,861643,50.0,1.0959049484084127,0.3223016014243389,0.0,86.60254037844386,50.0
7119,,15.0,326609,50.0,1.086316173372261,0.06527461602205101,0.0,86.60254037844386,50.0
7119,,15.0,196859,50.0,0.9600569678600714,0.06960030741740704,0.0,86.60254037844386,50.0
7119,,15.0,498043,50.0,0.0,3.0553378111756766e-06,1.0,8.83083267271768,50.0
7119,,15.0,543816,50.0,0.9986849661915889,0.26912162149184365,0.0,86.60254037844386,50.0
7119,,15.0,750676,50.0,0.8780736626591301,0.16125671968624958,0.0,86.60254037844386,50.0
7119,,20.0,1058165,50.0,1.0171582623613638,0.19069784307619317,0.0,86.60254037844386,50.0
7119,,20.0,756137,50.0,0.9199259689757299,0.17390098101328866,0.0,86.60254037844386,50.0
7119,,20.0,769874,50.0,0.9726811197029438,0.2906254213533799,0.0,86.60254037844386,50.0
7119,,20.0,614324,50.0,0.0,0.11882583823977164,0.8454545454545455,86.60254037844386,50.0
7119,,20.0,314287,50.0,1.1358623195505657,0.3934274306159602,0.0,86.60254037844386,50.0
7119,,20.0,668590,50.0,1.1363261396240065,0.22899775846643078,0.0,86.60254037844386,50.0
7119,,20.0,122667,50.0,1.115524810572607,0.43204416043624855,0.0,86.60254037844386,50.0
7119,,20.0,208778,50.0,1.1148614118957951,0.4306978212841884,0.0,86.60254037844386,50.0
7119,,20.0,336408,50.0,0.7843694772768235,0.3235336517909179,0.0,86.60254037844386,50.0
7119,,20.0,737257,50.0,0.8769762233364911,0.33831921043378005,0.0,86.60254037844386,50.0
7119,,30.0,140442,50.0,1.1754000018404038,0.6263232037272284,0.0,86.60254037844386,50.0
7119,,30.0,218462,50.0,1.1501473858351192,0.6104967404446764,0.0,86.60254037844386,50.0
7119,,30.0,336211,50.0,0.961443735485825,0.5014987721118559,0.0,80.28849934054779,50.0
7119,,30.0,589139,50.0,0.854514274283304,0.5997603892457524,0.0,86.60254037844386,50.0
7119,,30.0,742069,50.0,1.143856194322242,0.22286143344474615,0.0,86.60254037844386,50.0
7119,,30.0,636333,50.0,1.1639492011348918,0.274926433552196,0.0,86.60254037844386,50.0
7119,,30.0,530532,50.0,0.9758677591906463,0.5853421063612821,0.0,86.60254037844386,50.0
7119,,30.0,335641,50.0,0.8684772086277271,0.617532916815724,0.0,86.60254037844386,50.0
7119,,30.0,1057538,50.0,1.0077321714994807,0.1945882646303601,0.0,86.60254037844386,50.0
7119,,30.0,452080,50.0,0.857780853005645,0.44661430923665607,0.0,86.60254037844386,50.0
7119,,45.0,751025,50.0,1.2759557110776278,0.8317441295354335,0.0,86.60254037844386,50.0
7119,,45.0,724114,50.0,1.232671693822437,0.4836360856146746,0.0,86.60254037844386,50.0
7119,,45.0,532708,50.0,0.3997977306534422,0.05282947042047299,0.0,86.60254037844386,50.0
7119,,45.0,1086620,50.0,0.7798197347268689,0.8169042767122472,0.0,83.84187450093528,50.0
7119,,45.0,676226,50.0,1.038799943619356,0.23037947382331475,0.0,86.60254037844386,50.0
7119,,45.0,641812,50.0,0.9766366116788572,0.8304983790282847,0.0,86.60254037844386,50.0
7119,,45.0,559027,50.0,1.2136531299311548,0.5063353354127115,0.0,86.60254037844386,50.0
7119,,45.0,937437,50.0,1.252476232494717,0.504420274168992,0.0,86.60254037844386,50.0
7119,,45.0,588019,50.0,1.246125226000853,0.8792488495042371,0.0,86.60254037844386,50.0
7119,,45.0,735415,50.0,1.5371616685688103,0.533835305990216,0.5405405405405406,86.60254037844386,50.0
41004,,0.0,753193,50.0,0.5920558305937024,0.10727029725946594,0.0,86.60254037844386,50.0
41004,,0.0,367146,50.0,0.2119936600788819,0.22973024038477308,0.0,86.60254037844386,50.0
41004,,0.0,406179,50.0,1.022957540217099,0.12595055087553564,0.0,86.60254037844386,50.0
41004,,0.0,801331,50.0,0.6685880739079808,0.1941200913211113,0.008849557522123894,86.60254037844386,50.0
41004,,0.0,1076385,50.0,0.7884899994054473,0.13303489389565443,0.0,86.60254037844386,50.0
41004,,0.0,922058,50.0,1.1103093903975978,0.10252292523769825,0.0,86.60254037844386,50.0
41004,,0.0,844281,50.0,0.7908382931546956,0.14854931870027188,0.0,86.60254037844386,50.0
41004,,0.0,1083504,50.0,1.50140973478516,0.3092459535157301,0.0,86.60254037844386,50.0
41004,,0.0,692217,50.0,0.9905340036307994,0.11113970142190849,0.0,86.60254037844386,50.0
41004,,0.0,868559,50.0,0.0,0.11329581329698396,0.06306306306306306,86.60254037844386,50.0
41004,,5.0,423334,50.0,1.0072397538620488,0.1290948910841701,0.0,86.60254037844386,50.0
41004,,5.0,517863,50.0,1.2872198423742687,0.12995664205197338,0.0,86.60254037844386,50.0
41004,,5.0,809308,50.0,1.4225675852070268,0.1880312023689708,0.0,86.60254037844386,50.0
41004,,5.0,299779,50.0,0.8748678826174804,0.1227814706017332,0.0,86.60254037844386,50.0
41004,,5.0,657166,50.0,0.4364368470922344,0.3204010408691426,0.0,86.60254037844386,50.0
41004,,5.0,365139,50.0,0.493308919355468,0.334573167152968,0.0,86.60254037844386,50.0
41004,,5.0,143816,50.0,1.1524173233355333,0.10460165058526406,0.0,86.60254037844386,50.0
41004,,5.0,400777,50.0,1.2618423906242962,0.11464652812904966,0.0,86.60254037844386,50.0
41004,,5.0,548966,50.0,1.0676921991104955,0.22464208413651013,0.0,86.60254037844386,50.0
41004,,5.0,741227,50.0,1.1005035790028237,0.09745315452525082,0.0,86.60254037844386,50.0
41004,,10.0,646512,50.0,1.0587894850000867,0.18556772309276925,0.008928571428571428,86.60254037844386,50.0
41004,,10.0,531926,50.0,0.9143821436706255,0.09437221857795619,0.0,86.60254037844386,50.0
41004,,10.0,437228,50.0,1.0626930944917903,0.07638852110525834,0.0,86.60254037844386,50.0
41004,,10.0,887437,50.0,0.0,0.20061452726524318,0.4782608695652174,86.60254037844386,50.0
41004,,10.0,528143,50.0,1.5109939669285544,0.10810244211903765,0.0,86.60254037844386,50.0
41004,,10.0,904169,50.0,1.3025978030601353,0.11872106432564725,0.0,86.60254037844386,50.0
41004,,10.0,524721,50.0,0.8019940292355611,0.22041444531491114,0.0,86.60254037844386,50.0
41004,,10.0,738695,50.0,0.1518139265667558,0.1627459819996445,0.2982456140350877,86.60254037844386,50.0
41004,,10.0,263990,50.0,1.5015777230212883,0.27245141862785754,0.0,86.60254037844386,50.0
41004,,10.0,964213,50.0,1.4849695833615277,0.2500198314652493,0.0,86.60254037844386,50.0
41004,,15.0,923648,50.0,0.3651462467245704,0.24475837387348212,0.0,86.60254037844386,50.0
41004,,15.0,512053,50.0,1.2568652460774026,0.13676641185205166,0.0,86.60254037844386,50.0
41004,,15.0,541630,50.0,1.0300213290158584,0.13441536967001208,0.0,86.60254037844386,50.0
41004,,15.0,769086,50.0,1.0244110031542526,0.13394161176288516,0.0,86.60254037844386,50.0
41004,,15.0,430653,50.0,0.7247853745471204,0.12310751730334633,0.0,86.60254037844386,50.0
41004,,15.0,267312,50.0,0.029619479755805606,0.13603240394856084,0.4473684210526316,86.60254037844386,50.0
41004,,15.0,743260,50.0,0.7750901559998189,0.12014268815866544,0.0,86.60254037844386,50.0
41004,,15.0,878225,50.0,1.5174942863752487,0.2536611535149092,0.0,86.60254037844386,50.0
41004,,15.0,815784,50.0,1.292062748079131,0.2918223306826436,0.0,86.60254037844386,50.0
41004,,15.0,659696,50.0,1.3296912239839773,0.15996636728826677,0.0,86.60254037844386,50.0
41004,,20.0,182909,50.0,0.004739476470313231,0.1425189416500314,0.3418803418803419,86.60254037844386,50.0
41004,,20.0,1085035,50.0,1.6,0.3699531526883375,0.0,86.60254037844386,50.0
41004,,20.0,608940,50.0,1.544689213350085,0.3645819998144591,0.0,86.60254037844386,50.0
41004,,20.0,134460,50.0,1.5377316961433347,0.2098997570500389,0.0,86.60254037844386,50.0
41004,,20.0,787333,50.0,1.5365775874884309,0.1934524491190416,0.0,86.60254037844386,50.0
41004,,20.0,777356,50.0,0.9968304821873143,0.1522049823508733,0.0,86.60254037844386,50.0
41004,,20.0,462743,50.0,1.0897604769610976,0.16267822257806858,0.0,86.60254037844386,50.0
41004,,20.0,704768,50.0,0.01854276545353164,0.19984833993023549,0.08695652173913043,86.60254037844386,50.0
41004,,20.0,422779,50.0,1.5196949799844763,0.2542923439563911,0.0,86.60254037844386,50.0
41004,,20.0,112718,50.0,0.4847710923300501,0.23509617350061598,0.09009009009009009,86.60254037844386,50.0
41004,,30.0,491017,50.0,1.2740033469274812,0.14255015783342886,0.0,86.60254037844386,50.0
41004,,30.0,527294,50.0,0.9794539233806046,0.23752196244750937,0.0,86.60254037844386,50.0
41004,,30.0,620249,50.0,1.12625562831371,0.13844751867425326,0.0,86.60254037844386,50.0
41004,,30.0,455041,50.0,1.0208767777173915,0.13789845329441902,0.0,86.60254037844386,50.0
41004,,30.0,1035564,50.0,1.5332751179011168,0.31317857230926976,0.0,86.60254037844386,50.0
41004,,30.0,563204,50.0,0.48184923676015884,0.12132644370463773,0.0,86.60254037844386,50.0
41004,,30.0,688720,50.0,0.5494732977697018,0.15850560879760278,0.0,86.60254037844386,50.0
41004,,30.0,482971,50.0,1.420714559779821,0.14642126809390008,0.0,86.60254037844386,50.0
41004,,30.0,1044879,50.0,0.11688509957614103,0.2104267174653694,0.0,86.60254037844386,50.0
41004,,30.0,151748,50.0,1.0209999792333673,0.14472816617052428,0.0,86.60254037844386,50.0
41004,,45.0,546071,50.0,0.4371803277225212,0.18808439078617506,0.0,86.60254037844386,50.0
41004,,45.0,685935,50.0,1.5265475662392414,0.29526646037548254,0.0,86.60254037844386,50.0
41004,,45.0,594738,50.0,0.28831915228292415,0.16975504748359535,0.0,86.60254037844386,50.0
41004,,45.0,241857,50.0,0.28489373363325887,0.16765264062470048,0.0,86.60254037844386,50.0
41004,,45.0,1026715,50.0,1.0367686699823477,0.07303570375325574,0.0,86.60254037844386,50.0
41004,,45.0,947944,50.0,0.8947564985585506,0.12849088048852342,0.0,86.60254037844386,50.0
41004,,45.0,658192,50.0,0.0,0.3989472195673584,0.0,86.60254037844386,50.0
41004,,45.0,234774,50.0,0.0,0.33831449590902724,0.0,86.60254037844386,50.0
41004,,45.0,130031,50.0,1.074919158997304,0.14192284784786705,0.0,86.60254037844386,50.0
41004,,45.0,776300,50.0,1.028222375529361,0.12163095541979631,0.0,86.60254037844386,50.0
46889,,0.0,726958,75.0,1.037279779761125,0.12262402766327159,0.0,129.9038105676658,75.0
46889,,0.0,1075621,75.0,1.0086078744432736,0.11978829022508208,0.0,129.9038105676658,75.0
46889,,0.0,587108,75.0,1.019641660751453,0.13565649524904144,0.0,129.9038105676658,75.0
46889,,0.0,507375,75.0,1.0268466871495354,0.12165271247528209,0.0,129.9038105676658,75.0
46889,,0.0,257132,75.0,1.0553503841380356,0.11952702167626728,0.0,129.9038105676658,75.0
46889,,0.0,292274,75.0,1.0128338919641304,0.11756510338637192,0.0,129.9038105676658,75.0
46889,,0.0,830820,75.0,1.0497929763942244,0.11814012934220686,0.0,129.9038105676658,75.0
46889,,0.0,850688,75.0,1.0059901651064125,0.11543049019015235,0.0,129.9038105676658,75.0
46889,,0.0,126293,75.0,0.8857520464296816,0.05503470931401306,0.0,129.9038105676658,75.0
46889,,0.0,278920,75.0,1.0206140635407237,0.12114145277768862,0.0,129.9038105676658,75.0
46889,,5.0,630894,75.0,1.0740254931516793,0.12642025417495803,0.0,129.9038105676658,75.0
46889,,5.0,99497,75.0,1.064358782244535,0.13652104551734773,0.0,129.9038105676658,75.0
46889,,5.0,1012947,75.0,1.054597530113797,0.1442887298613458,0.0,129.9038105676658,75.0
46889,,5.0,632786,75.0,1.093711854412088,0.4360084813048327,0.0,129.9038105676658,75.0
46889,,5.0,347360,75.0,0.9487104342544637,0.12108408019324764,0.0,129.9038105676658,75.0
46889,,5.0,991670,75.0,1.0335166587910924,0.12746307030329063,0.0,129.9038105676658,75.0
46889,,5.0,876834,75.0,0.9945123336950626,0.12361479977543287,0.0,129.9038105676658,75.0
46889,,5.0,473067,75.0,0.9728595973111087,0.11455635829249917,0.0,129.9038105676658,75.0
46889,,5.0,798913,75.0,0.9769885009776168,0.1158826112315175,0.0,129.9038105676658,75.0
46889,,5.0,750773,75.0,1.0789566483974677,0.1417695962724641,0.0,129.9038105676658,75.0
46889,,10.0,825020,75.0,0.9818818735789083,0.08108289124031114,0.0,129.9038105676658,75.0
46889,,10.0,594317,75.0,1.063531119875612,0.17525623006446492,0.0,129.9038105676658,75.0
46889,,10.0,315374,75.0,0.8714271776478347,0.09482009303710294,0.0,129.9038105676658,75.0
46889,,10.0,350824,75.0,0.9273517358420226,0.06790480692218921,0.0,127.77978397848963,75.0
46889,,10.0,215114,75.0,1.1288542088755085,0.14942341239534082,0.0,129.9038105676658,75.0
46889,,10.0,965214,75.0,0.9449520966281645,0.062337468281598245,0.0,129.9038105676658,75.0
46889,,10.0,581281,75.0,1.0260591207691503,0.09171593397588329,0.0,129.9038105676658,75.0
46889,,10.0,931270,75.0,0.4483452697627631,0.05826430609438997,0.4957983193277311,129.9038105676658,75.0
46889,,10.0,601372,75.0,1.0649069783358447,0.23100447230457302,0.0,129.9038105676658,75.0
46889,,10.0,1052973,75.0,0.8816800479406866,0.08319779477120358,0.0,129.9038105676658,75.0
46889,,15.0,667849,75.0,1.1901161863992877,0.20748228206463468,0.0,129.9038105676658,75.0
46889,,15.0,1079544,75.0,0.49618594923080317,0.2649033086945749,0.0,129.9038105676658,75.0
46889,,15.0,153501,75.0,1.0515805200561235,0.10841669790714241,0.03361344537815126,129.9038105676658,75.0
46889,,15.0,750995,75.0,0.8936920325712466,0.03825650562965987,0.025210084033613446,129.9038105676658,75.0
46889,,15.0,695054,75.0,0.5228781612582564,0.25216242722790977,0.2773109243697479,129.9038105676658,75.0
46889,,15.0,544510,75.0,1.0611188479578957,0.10627811061195568,0.0,129.9038105676658,75.0
46889,,15.0,799319,75.0,1.1840803226493575,0.2315873470641523,0.0,129.9038105676658,75.0
46889,,15.0,433017,75.0,1.1599587801652527,0.14964013162558196,0.0,129.9038105676658,75.0
46889,,15.0,862981,75.0,0.5833140024302015,0.06192361440474329,0.4117647058823529,129.9038105676658,75.0
46889,,15.0,398017,75.0,0.0,0.3830535519607141,0.21621621621621623,129.9038105676658,75.0
46889,,20.0,215838,75.0,1.232982213033509,0.20666710310205938,0.0,129.9038105676658,75.0
46889,,20.0,161264,75.0,0.39089891904698293,0.38653733877253066,0.0,118.81535218815772,75.0
46889,,20.0,367123,75.0,1.0846581960963795,0.11588447328501741,0.0,129.9038105676658,75.0
46889,,20.0,178541,75.0,0.7207995810201072,0.046645655992886836,0.13392857142857142,113.93275201198361,75.0
46889,,20.0,325421,75.0,0.7225796579393959,0.18621061031157154,0.0,129.9038105676658,75.0
46889,,20.0,451473,75.0,0.4689632821959121,0.23247906924771242,0.0,129.9038105676658,75.0
46889,,20.0,793016,75.0,0.9299255775175455,0.32366762799287996,0.0,129.9038105676658,75.0
46889,,20.0,572819,75.0,0.2649986733819464,0.2557923826049428,0.0,129.9038105676658,75.0
46889,,20.0,953012,75.0,1.2574315853966305,0.3182375301423685,0.0,129.9038105676658,75.0
46889,,20.0,980427,75.0,0.751107838016511,0.2037075551359063,0.0,129.9038105676658,75.0
46889,,30.0,97232,75.0,0.07501360758329685,0.43535798526000613,0.03571428571428571,129.9038105676658,75.0
46889,,30.0,586546,75.0,1.3017376843754458,0.31957794010750407,0.0,129.9038105676658,75.0
46889,,30.0,125976,75.0,0.3733139598033747,0.044539076015062636,0.5043478260869565,111.84877972307075,75.0
46889,,30.0,312347,75.0,0.4412264476270035,0.30841370883073044,0.17699115044247787,129.9038105676658,75.0
46889,,30.0,1064982,75.0,0.49102966936443543,0.48673070369336885,0.0,127.98045517919255,75.0
46889,,30.0,696536,75.0,0.5855875383073949,0.09765541878571218,0.0,129.9038105676658,75.0
46889,,30.0,781878,75.0,0.1357891126559358,0.4219611039798144,0.0,129.9038105676658,75.0
46889,,30.0,361917,75.0,0.16846643721929205,0.3052100353469971,0.0,128.78343806907097,75.0
46889,,30.0,807137,75.0,0.4148266065553349,0.07360279340701818,0.4661016949152542,129.9038105676658,75.0
46889,,30.0,1001394,75.0,0.4016499067303395,0.09933276815812339,0.3620689655172414,129.9038105676658,75.0
46889,,45.0,565995,75.0,0.0,0.4130697832532082,0.0,129.9038105676658,75.0
46889,,45.0,751490,75.0,0.0,0.2424291031212965,0.0,129.9038105676658,75.0
46889,,45.0,890496,75.0,0.38062804467477823,0.6011629996974948,0.0,129.9038105676658,75.0
46889,,45.0,891486,75.0,0.7066745124243183,0.2750861958990316,0.211864406779661,129.9038105676658,75.0
46889,,45.0,997794,75.0,0.9001544406697096,0.6178890274679097,0.0,129.9038105676658,75.0
46889,,45.0,1057411,75.0,1.1791908267766795,0.13053416584626257,0.0,129.9038105676658,75.0
46889,,45.0,854232,75.0,0.7699858206613199,0.5162367229888786,0.0,129.9038105676658,75.0
46889,,45.0,1069224,75.0,0.003978698615752979,0.6439171351820214,0.0,112.77280747408314,75.0
46889,,45.0,1080536,75.0,0.28294762208188495,0.15546713490992006,0.0,129.9038105676658,75.0
46889,,45.0,260577,75.0,0.24019837787387996,0.11187930261759642,0.0,129.9038105676658,75.0
47315,,0.0,877605,75.0,0.9417016992315393,0.042021850788639854,0.0,129.9038105676658,75.0
47315,,0.0,357520,75.0,0.8002793425238285,0.2048087711129753,0.11965811965811966,129.9038105676658,75.0
47315,,0.0,1034055,75.0,0.9548191341807678,0.19014601140650025,0.0,129.9038105676658,75.0
47315,,0.0,179887,75.0,0.7833663622628638,0.2336961344886794,0.13675213675213677,129.9038105676658,75.0
47315,,0.0,1027144,75.0,0.7517170577355072,0.03784770883057678,0.16666666666666666,129.9038105676658,75.0
47315,,0.0,907459,75.0,0.7396008764392367,0.172584080711087,0.17647058823529413,129.9038105676658,75.0
47315,,0.0,306322,75.0,0.7457054378847352,0.037987465610127294,0.1724137931034483,129.9038105676658,75.0
47315,,0.0,831878,75.0,0.7689612877528241,0.19515418018334557,0.14655172413793102,129.9038105676658,75.0
47315,,0.0,686016,75.0,1.2652343484452289,0.16816064921304416,0.9363636363636364,116.10320382070614,75.0
47315,,0.0,583899,75.0,1.6,0.22222839047310447,0.6428571428571429,129.9038105676658,75.0
47315,,5.0,942529,75.0,0.6809889827967445,0.2011102551487858,0.08695652173913043,129.9038105676658,75.0
47315,,5.0,564649,75.0,0.8557670613302979,0.1448131257826305,0.06086956521739131,129.9038105676658,75.0
47315,,5.0,1017066,75.0,0.8217115997184036,0.20024167041879148,0.0,129.9038105676658,75.0
47315,,5.0,129831,75.0,0.32165109026515726,0.03083479786372658,0.646551724137931,111.00716075286047,75.0
47315,,5.0,852999,75.0,0.6484148827163454,0.03478155867643511,0.26548672566371684,129.9038105676658,75.0
47315,,5.0,418822,75.0,0.988343142963915,0.38088173657972557,0.0,129.9038105676658,75.0
47315,,5.0,204243,75.0,0.21334741054749526,0.02631777106379322,0.7368421052631579,116.81680940864551,75.0
47315,,5.0,635008,75.0,0.20294482832346106,0.028620839478933797,0.7435897435897436,129.9038105676658,75.0
47315,,5.0,440098,75.0,1.0430103187039357,0.3556865939004121,0.0,129.9038105676658,75.0
47315,,5.0,554527,75.0,0.8288634165786795,0.11517748630322974,0.0,129.9038105676658,75.0
47315,,10.0,780995,75.0,1.0319093692818806,0.16422430566356702,0.0,129.9038105676658,75.0
47315,,10.0,133548,75.0,0.14606858899219735,0.16229691928658302,0.7567567567567568,107.91115341272125,75.0
47315,,10.0,137572,75.0,0.6438206390250018,0.29453565589696723,0.05084745762711865,129.9038105676658,75.0
47315,,10.0,402242,75.0,0.7018119861297064,0.24216123834461512,0.2413793103448276,129.9038105676658,75.0
47315,,10.0,130340,75.0,0.7637658185948006,0.3033028992928864,0.06896551724137931,129.9038105676658,75.0
47315,,10.0,672159,75.0,0.8071107542974439,0.30345295109693365,0.0,129.9038105676658,75.0
47315,,10.0,290077,75.0,0.80902490708689,0.35402574689788935,0.0,129.9038105676658,75.0
47315,,10.0,445428,75.0,0.346402611425264,0.2526191273306035,0.6548672566371682,112.06559407508736,75.0
47315,,10.0,705812,75.0,0.6655835186689713,0.16588447652411936,0.23423423423423423,129.9038105676658,75.0
47315,,10.0,639751,75.0,0.31967542466763677,0.03336782118153289,0.5272727272727272,111.77190971759892,75.0
47315,,15.0,376843,75.0,0.047834261321371106,0.1888510606590316,0.8869565217391304,106.51230453861807,75.0
47315,,15.0,614033,75.0,0.0363493478024757,0.17000331367371752,0.8596491228070176,108.24355282512187,75.0
47315,,15.0,414140,75.0,0.03836523419295426,0.03484687521126556,0.9145299145299145,129.9038105676658,75.0
47315,,15.0,783591,75.0,0.33723634065772795,0.03433656590763331,0.5210084033613446,119.46425413838635,75.0
47315,,15.0,663362,75.0,1.10289273283286,0.26702982164208866,0.9396551724137931,129.9038105676658,75.0
47315,,15.0,1076271,75.0,0.6816296082208748,0.18082152599882786,0.2972972972972973,129.9038105676658,75.0
47315,,15.0,824971,75.0,0.0751049901802344,0.19104157436548683,0.8362068965517241,106.69916164951665,75.0
47315,,15.0,661336,75.0,0.03761306038737956,0.032659509963333444,0.905982905982906,106.48172882481101,75.0
47315,,15.0,992703,75.0,0.6969184736235285,0.30077041901020224,0.0,129.9038105676658,75.0
47315,,15.0,930647,75.0,0.36510140046019196,0.041727847644445336,0.452991452991453,125.71586033330537,75.0
47315,,20.0,611978,75.0,0.017899528066024947,0.13452963401956977,0.9035087719298246,106.47277142282245,75.0
47315,,20.0,135915,75.0,0.0,0.18865108954789447,0.7818181818181819,116.90932410657642,75.0
47315,,20.0,478683,75.0,0.7043182091080342,0.2702376185056742,0.2773109243697479,129.9038105676658,75.0
47315,,20.0,267677,75.0,0.2737060991745385,0.030593183857168034,0.7477477477477478,110.17523769410036,75.0
47315,,20.0,605224,75.0,0.041207995648974205,0.14506735835567355,0.923728813559322,129.9038105676658,75.0
47315,,20.0,949476,75.0,0.5074343095429891,0.1711441574535232,0.36036036036036034,129.9038105676658,75.0
47315,,20.0,151943,75.0,0.01652757903443349,0.19618068151947346,0.9322033898305084,106.37885933418309,75.0
47315,,20.0,755453,75.0,0.0428420128546813,0.03340878047341469,0.9243697478991597,129.9038105676658,75.0
47315,,20.0,536433,75.0,0.0,0.16938826155352116,0.7818181818181819,110.30569143337006,75.0
47315,,20.0,795444,75.0,0.07141758034783192,0.183524147403472,0.7913043478260869,106.74525237390259,75.0
47315,,30.0,822524,75.0,0.0,0.16597749834510986,0.954954954954955,107.9012659748761,75.0
47315,,30.0,370205,75.0,0.7618275200483544,0.7126632480443508,0.04201680672268908,129.9038105676658,75.0
47315,,30.0,324122,75.0,0.0,0.027350633554631205,0.8448275862068966,129.9038105676658,75.0
47315,,30.0,472280,75.0,0.7231115302207273,0.7859976076824566,0.0,129.9038105676658,75.0
47315,,30.0,165080,75.0,0.4239525111397311,0.20684432437867104,0.0,114.2124768190646,75.0
47315,,30.0,173319,75.0,0.7184712458916256,0.6927932712689536,0.0,129.9038105676658,75.0
47315,,30.0,789407,75.0,0.0,0.17353659126021187,0.9391304347826087,106.77270624378392,75.0
47315,,30.0,108880,75.0,0.040946104728718694,0.4717001789627456,0.7876106194690266,129.9038105676658,75.0
47315,,30.0,383618,75.0,0.0,0.027469872435594418,0.9137931034482759,129.9038105676658,75.0
47315,,30.0,304810,75.0,0.7041777728802401,0.6653796930822486,0.0,129.9038105676658,75.0
47315,,45.0,1060863,75.0,0.6799242130274965,1.0997733203552187,0.0,129.9038105676658,75.0
47315,,45.0,137796,75.0,0.0,1.0988007308533063,0.0,129.9038105676658,75.0
47315,,45.0,628588,75.0,0.3695317965472255,0.6606432647037558,0.0,112.79168507997697,75.0
47315,,45.0,508026,75.0,0.0,1.0350443071052644,0.0,116.33874223162704,75.0
47315,,45.0,840820,75.0,0.8968969906228295,0.48149715617040945,0.45454545454545453,129.9038105676658,75.0
47315,,45.0,531494,75.0,0.6779089313553749,0.5734485891362437,0.1981981981981982,129.9038105676658,75.0
47315,,45.0,499899,75.0,0.683444852201967,0.5421852235015373,0.21621621621621623,129.9038105676658,75.0
47315,,45.0,849895,75.0,0.7045292219846857,1.0589074911875773,0.0,129.9038105676658,75.0
47315,,45.0,756912,75.0,0.7113024432594882,1.1064316569372181,0.0,129.9038105676658,75.0
47315,,45.0,954191,75.0,0.0,0.19650020668179738,0.21929824561403508,129.9038105676658,75.0
48271,,0.0,459337,75.0,0.9895621557405242,0.3558189833595833,0.0,129.9038105676658,75.0
48271,,0.0,910740,75.0,0.9036104460962433,0.23414638287016631,0.0,129.9038105676658,75.0
48271,,0.0,414892,75.0,1.3614170073187615,0.30195567448884725,0.7964601769911505,129.9038105676658,75.0
48271,,0.0,242597,75.0,1.0080130717465678,0.3574836487873727,0.0,129.9038105676658,75.0
48271,,0.0,421225,75.0,1.0758329434843819,0.20272255175882922,0.0,129.9038105676658,75.0
48271,,0.0,861354,75.0,1.1285612606224853,0.457370422519025,0.0,129.9038105676658,75.0
48271,,0.0,486349,75.0,1.074734907487449,0.27476624213585366,0.0,129.9038105676658,75.0
48271,,0.0,910223,75.0,0.42593605788734434,0.4594357712485072,0.03508771929824561,129.9038105676658,75.0
48271,,0.0,1072277,75.0,1.2070842612250572,0.19369024218692896,0.5135135135135135,129.9038105676658,75.0
48271,,0.0,344947,75.0,1.0203444927698313,0.15637037283871366,0.0,129.9038105676658,75.0
48271,,5.0,145290,75.0,1.501422852668078,0.3879060249188817,0.0,129.9038105676658,75.0
48271,,5.0,125370,75.0,1.1473982063685857,0.1801793471507928,0.0,129.9038105676658,75.0
48271,,5.0,658926,75.0,0.0,0.31189525809487395,0.26785714285714285,129.9038105676658,75.0
48271,,5.0,109253,75.0,1.5408242056858439,0.3688715088018504,0.0,129.9038105676658,75.0
48271,,5.0,234390,75.0,1.0550109181205505,0.30319767792669716,0.0,129.9038105676658,75.0
48271,,5.0,701290,75.0,1.5258692001728142,0.7684635988265157,0.0,129.9038105676658,75.0
48271,,5.0,805524,75.0,1.2202955564546094,0.28900828509539267,0.7304347826086957,129.9038105676658,75.0
48271,,5.0,462055,75.0,0.9308548155926812,0.20276855280863856,0.0,129.9038105676658,75.0
48271,,5.0,631899,75.0,1.5003213623297285,0.4138164439385525,0.0,129.9038105676658,75.0
48271,,5.0,157145,75.0,0.03141023392689033,0.36284642262557104,0.6637931034482759,129.9038105676658,75.0
48271,,10.0,551571,75.0,0.9467262980940729,0.144751246001244,0.0,129.9038105676658,75.0
48271,,10.0,96325,75.0,0.9879754599683207,0.2001349860976551,0.0,129.9038105676658,75.0
48271,,10.0,575396,75.0,0.8462452035193495,0.26857712779027093,0.0,129.9038105676658,75.0
48271,,10.0,144503,75.0,1.1517189116371962,0.5927344253678756,0.0,129.9038105676658,75.0
48271,,10.0,270405,75.0,1.032329897175984,0.20740305475187804,0.0,129.9038105676658,75.0
48271,,10.0,1068392,75.0,0.829618791818531,0.49771888437355627,0.0,129.9038105676658,75.0
48271,,10.0,116263,75.0,0.8970071716982518,0.5817286715087056,0.0,129.9038105676658,75.0
48271,,10.0,689692,75.0,1.040838737227014,0.1974255881592424,0.0,129.9038105676658,75.0
48271,,10.0,1049064,75.0,1.1722634062475175,0.24116411021409848,0.0,129.9038105676658,75.0
48271,,10.0,373678,75.0,1.2480544238682538,0.1794202923096989,0.864406779661017,129.9038105676658,75.0
48271,,15.0,489807,75.0,1.1764874805745298,0.20805862365881225,0.0,129.9038105676658,75.0
48271,,15.0,156800,75.0,1.5242147971937745,0.5128065773787865,0.0,129.9038105676658,75.0
48271,,15.0,448930,75.0,0.9646047280531772,0.20959267932632353,0.0,129.9038105676658,75.0
48271,,15.0,1011187,75.0,0.046008684201380615,0.367157603632555,0.3063063063063063,129.9038105676658,75.0
48271,,15.0,542171,75.0,0.9699576995246851,0.45486274555686185,0.0,129.9038105676658,75.0
48271,,15.0,873800,75.0,1.1397211279285229,0.23826624508034255,0.0,129.9038105676658,75.0
48271,,15.0,147299,75.0,1.0183481144575512,0.2969644371268954,0.0,129.9038105676658,75.0
48271,,15.0,607985,75.0,0.7530696508576414,0.16709097757982055,0.0,129.9038105676658,75.0
48271,,15.0,460769,75.0,0.0,0.5016556556994254,0.18018018018018017,129.9038105676658,75.0
48271,,15.0,654833,75.0,1.0886006835411106,0.6268557834951713,0.0,129.9038105676658,75.0
48271,,20.0,463092,75.0,0.7820409023889426,0.24111075264625154,0.0,129.9038105676658,75.0
48271,,20.0,1055658,75.0,1.0950860343667947,0.3280590733148153,0.0,129.9038105676658,75.0
48271,,20.0,293632,75.0,0.9402861151285649,0.24927491713560565,0.0,129.9038105676658,75.0
48271,,20.0,120773,75.0,0.8829440696808154,0.3232249614406386,0.0,129.9038105676658,75.0
48271,,20.0,1004298,75.0,1.1837053832553988,0.5430569925786511,0.0,129.9038105676658,75.0
48271,,20.0,1058231,75.0,1.2782038192212586,0.35374405582629315,0.0,129.9038105676658,75.0
48271,,20.0,1081323,75.0,0.7274776682865933,0.22083646970428686,0.0,129.9038105676658,75.0
48271,,20.0,223280,75.0,1.286414487989916,0.2659326439878755,0.6347826086956522,129.9038105676658,75.0
48271,,20.0,674556,75.0,1.5238812677319054,0.46911106137397157,0.0,129.9038105676658,75.0
48271,,20.0,435396,75.0,0.8298039565272143,0.18444360252384231,0.0,129.9038105676658,75.0
48271,,30.0,427827,75.0,0.9655292692429777,0.3577442524856943,0.0,129.9038105676658,75.0
48271,,30.0,963505,75.0,1.0421221527777327,0.6030066627920891,0.0,129.9038105676658,75.0
48271,,30.0,773498,75.0,1.0667037534085446,0.5196520201495232,0.0,129.9038105676658,75.0
48271,,30.0,875088,75.0,0.3977600400246752,0.48042289385415354,0.017391304347826087,129.9038105676658,75.0
48271,,30.0,943702,75.0,0.2807424600721882,0.5490447644968924,0.025423728813559324,129.9038105676658,75.0
48271,,30.0,407265,75.0,1.1065344084028377,0.1517886110416067,0.0,129.9038105676658,75.0
48271,,30.0,374796,75.0,0.04480544091402579,0.45432135308075583,0.26548672566371684,129.9038105676658,75.0
48271,,30.0,792634,75.0,0.0,0.3562104421074752,0.035398230088495575,129.9038105676658,75.0
48271,,30.0,920368,75.0,0.964215555427481,0.44375251534767796,0.0,129.9038105676658,75.0
48271,,30.0,432158,75.0,0.7922936680611378,0.37164664578506873,0.0,129.9038105676658,75.0
48271,,45.0,204611,75.0,0.8641951458931121,0.4024438886987139,0.0,129.9038105676658,75.0
48271,,45.0,163362,75.0,1.1592179133009481,0.6398001302156314,0.3482142857142857,129.9038105676658,75.0
48271,,45.0,812198,75.0,1.0807759115200681,0.32399904344079195,0.025423728813559324,129.9038105676658,75.0
48271,,45.0,238198,75.0,0.6867523192376805,0.33544417772690954,0.0,129.9038105676658,75.0
48271,,45.0,147137,75.0,0.7000433530017696,0.5124911410648074,0.0,129.9038105676658,75.0
48271,,45.0,963913,75.0,0.8251585067468703,0.680000524012493,0.0,129.9038105676658,75.0
48271,,45.0,413008,75.0,0.86645296148459,0.49991909792317524,0.0,129.9038105676658,75.0
48271,,45.0,245417,75.0,0.9494293846554287,0.3133171732653337,0.0,129.9038105676658,75.0
48271,,45.0,513523,75.0,1.1819301322679585,0.5955559342798274,0.0,129.9038105676658,75.0
48271,,45.0,582894,75.0,0.1921814747321072,0.5831431547852246,0.0,129.9038105676658,75.0
7119,,0.0,909130,75.0,1.0169026670620553,0.032920085920877924,0.0,129.9038105676658,75.0
7119,,0.0,1064933,75.0,1.0184863399061748,0.022397911690378577,0.0,129.9038105676658,75.0
7119,,0.0,914538,75.0,0.9389778267551276,0.07927020123684592,0.0,129.9038105676658,75.0
7119,,0.0,139599,75.0,1.014325355097128,0.02430327948624843,0.0,129.9038105676658,75.0
7119,,0.0,833674,75.0,1.0138021353211633,0.041343181807728085,0.0,129.9038105676658,75.0
7119,,0.0,662570,75.0,1.0141542671313453,0.009491516037016874,0.0,129.9038105676658,75.0
7119,,0.0,1024527,75.0,1.0177814900403401,0.017198209175919552,0.0,129.9038105676658,75.0
7119,,0.0,1010307,75.0,0.9968765793926121,0.060769520219918376,0.0,129.9038105676658,75.0
7119,,0.0,866735,75.0,1.0142531716431549,0.016044879524805173,0.0,129.9038105676658,75.0
7119,,0.0,575425,75.0,1.0094292839376267,0.02846982202827353,0.0,129.9038105676658,75.0
7119,,5.0,193288,75.0,1.0001188589854488,0.09746605171409785,0.0,129.9038105676658,75.0
7119,,5.0,963135,75.0,1.0454993251199511,0.10545794193184693,0.0,129.9038105676658,75.0
7119,,5.0,157303,75.0,1.009877651394585,0.08182392156191852,0.0,129.9038105676658,75.0
7119,,5.0,1089463,75.0,1.0060428574801328,0.10194441352779715,0.0,129.9038105676658,75.0
7119,,5.0,850100,75.0,0.9821727000660443,0.0620022963180965,0.0,129.9038105676658,75.0
7119,,5.0,190489,75.0,0.0,0.04836742422122518,0.9369369369369369,111.01818326694118,75.0
7119,,5.0,472227,75.0,0.9130049252777954,0.3057526370545863,0.0,129.9038105676658,75.0
7119,,5.0,782053,75.0,1.0307645196373194,0.06869624108855975,0.0,129.9038105676658,75.0
7119,,5.0,462994,75.0,1.0324967780899827,0.2721627536239475,0.0,129.9038105676658,75.0
7119,,5.0,889362,75.0,1.0411676659204236,0.11072910354571408,0.0,129.9038105676658,75.0
7119,,10.0,885125,75.0,0.938224447903942,0.09700928616664736,0.0,129.9038105676658,75.0
7119,,10.0,313924,75.0,0.9347365179603928,0.10366424404460019,0.0,129.9038105676658,75.0
7119,,10.0,1062873,75.0,1.0799286137170283,0.09900200368253419,0.0,129.9038105676658,75.0
7119,,10.0,792434,75.0,1.064347430480728,0.19393816741279113,0.0,129.9038105676658,75.0
7119,,10.0,630444,75.0,0.25518581099006776,0.03914597561936441,0.6545454545454545,107.61348169441511,75.0
7119,,10.0,851132,75.0,1.0447164279076016,0.20081764300650987,0.0,129.9038105676658,75.0
7119,,10.0,426128,75.0,0.0,0.047940658127520706,0.9553571428571429,123.53627839319157,75.0
7119,,10.0,277153,75.0,1.0203807889195537,0.1451625259386819,0.0,129.9038105676658,75.0
7119,,10.0,388606,75.0,1.0793799695377198,0.12763232509582687,0.0,129.9038105676658,75.0
7119,,10.0,294080,75.0,0.2810808742470681,0.09889712791046226,0.5545454545454546,118.07765683291822,75.0
7119,,15.0,583819,75.0,1.0085108865756547,0.49792297865309554,0.0,129.9038105676658,75.0
7119,,15.0,1010364,75.0,1.0236691851396935,0.12947476166523728,0.0,129.9038105676658,75.0
7119,,15.0,706168,75.0,1.0153437213564755,0.28763212370519553,0.0,129.9038105676658,75.0
7119,,15.0,612531,75.0,1.006813087730126,0.19830145160177864,0.0,129.9038105676658,75.0
7119,,15.0,861643,75.0,1.092775559016203,0.34159577188519147,0.0,129.9038105676658,75.0
7119,,15.0,326609,75.0,1.086689969297467,0.06454851545365939,0.0,129.9038105676658,75.0
7119,,15.0,196859,75.0,0.9137806955598232,0.05144512144831772,0.0,129.9038105676658,75.0
7119,,15.0,498043,75.0,0.0,0.04698747043591876,0.9279279279279279,125.55239323936827,75.0
7119,,15.0,543816,75.0,0.0,0.05169943502556474,0.9285714285714286,111.11176733617442,75.0
7119,,15.0,750676,75.0,0.8414833829209383,0.3132242129631205,0.0,129.9038105676658,75.0
7119,,20.0,1058165,75.0,0.973125790177828,0.426886081993636,0.0,129.9038105676658,75.0
7119,,20.0,756137,75.0,0.9252199016999699,0.18005468433637437,0.0,129.9038105676658,75.0
7119,,20.0,769874,75.0,0.9546700762905449,0.29829936424697834,0.0,129.9038105676658,75.0
7119,,20.0,614324,75.0,0.0,3.995400797871792e-06,1.0,8.831671636129538,75.0
7119,,20.0,314287,75.0,1.1363025757642145,0.39506078939757433,0.0,129.9038105676658,75.0
7119,,20.0,668590,75.0,1.138092565651322,0.22197773922313302,0.0,129.9038105676658,75.0
7119,,20.0,122667,75.0,1.1163528890199172,0.437311329648284,0.0,129.9038105676658,75.0
7119,,20.0,208778,75.0,1.1101875596798914,0.4057011032429,0.0,129.9038105676658,75.0
7119,,20.0,336408,75.0,0.770740995623395,0.3346108768042593,0.0,129.9038105676658,75.0
7119,,20.0,737257,75.0,0.9751849472769999,0.36859116232170014,0.0,129.9038105676658,75.0
7119,,30.0,140442,75.0,1.1700439870848585,0.6300614299937594,0.0,129.9038105676658,75.0
7119,,30.0,218462,75.0,1.1519018314053995,0.6121741540323694,0.0,129.9038105676658,75.0
7119,,30.0,336211,75.0,0.754756079392269,0.4637880531093788,0.0,129.9038105676658,75.0
7119,,30.0,589139,75.0,0.8473841169693429,0.6295774868543913,0.0,129.9038105676658,75.0
7119,,30.0,742069,75.0,1.1444239445512299,0.22202457553727264,0.0,129.9038105676658,75.0
7119,,30.0,636333,75.0,1.1638752656800555,0.27452294356976975,0.0,129.9038105676658,75.0
7119,,30.0,530532,75.0,0.9671213808823108,0.5270959385852529,0.0,129.9038105676658,75.0
7119,,30.0,335641,75.0,0.9652156793955927,0.624952435366598,0.0,129.9038105676658,75.0
7119,,30.0,1057538,75.0,1.181994965401771,0.3227180097212474,0.0,129.9038105676658,75.0
7119,,30.0,452080,75.0,0.8626933010058527,0.49415141134561896,0.0,129.9038105676658,75.0
7119,,45.0,751025,75.0,1.3022218696961132,0.8241805349236756,0.0,129.9038105676658,75.0
7119,,45.0,724114,75.0,0.6554645520355752,0.6052823698828814,0.0,129.9038105676658,75.0
7119,,45.0,532708,75.0,0.34986059952153675,0.2522304516137087,0.0,129.9038105676658,75.0
7119,,45.0,1086620,75.0,0.7798130853065459,0.811100988156423,0.0,126.03036374968035,75.0
7119,,45.0,676226,75.0,0.9795393258699112,0.1911364899781292,0.0,129.9038105676658,75.0
7119,,45.0,641812,75.0,0.3736745590714394,0.6535159658297622,0.0,129.9038105676658,75.0
7119,,45.0,559027,75.0,1.2537200216753097,0.4855752443813699,0.0,129.9038105676658,75.0
7119,,45.0,937437,75.0,1.2573585939466139,0.494851946439229,0.0,129.9038105676658,75.0
7119,,45.0,588019,75.0,0.5867394286371042,0.9456621202872784,0.0,129.9038105676658,75.0
7119,,45.0,735415,75.0,0.0,0.08506368089438983,0.963963963963964,129.9038105676658,75.0
41004,,0.0,753193,75.0,1.1514042178378878,0.11044723314608011,0.0,129.9038105676658,75.0
41004,,0.0,367146,75.0,1.1347245592457158,0.12329258781437122,0.0,129.9038105676658,75.0
41004,,0.0,406179,75.0,1.2625225988932247,0.07041257344702342,0.0,129.9038105676658,75.0
41004,,0.0,801331,75.0,0.8335183100358653,0.2885356125531615,0.0,129.9038105676658,75.0
41004,,0.0,1076385,75.0,1.1966026804624683,0.03399862649900528,0.0,129.9038105676658,75.0
41004,,0.0,922058,75.0,1.0620267279084366,0.10116432544351399,0.0,129.9038105676658,75.0
41004,,0.0,844281,75.0,1.2160930466971596,0.0834482781350829,0.0,129.9038105676658,75.0
41004,,0.0,1083504,75.0,0.008807979993354711,0.22366215707713177,0.12605042016806722,129.9038105676658,75.0
41004,,0.0,692217,75.0,1.2790447827445073,0.08391114315003588,0.0,129.9038105676658,75.0
41004,,0.0,868559,75.0,0.20105125998082657,0.12141270513938175,0.32432432432432434,129.9038105676658,75.0
41004,,5.0,423334,75.0,1.3698939743190612,0.08834186782027942,0.0,129.9038105676658,75.0
41004,,5.0,517863,75.0,1.460854963163969,0.08268314633632295,0.0,129.9038105676658,75.0
41004,,5.0,809308,75.0,1.3015409185785891,0.07809379769353561,0.0,129.9038105676658,75.0
41004,,5.0,299779,75.0,1.1843326485682675,0.11858039292649726,0.0,129.9038105676658,75.0
41004,,5.0,657166,75.0,0.4654033916299743,0.1424679541134258,0.0,129.9038105676658,75.0
41004,,5.0,365139,75.0,1.5031709105257143,0.14289893405616214,0.0,129.9038105676658,75.0
41004,,5.0,143816,75.0,0.0,0.20665335719395556,0.0,129.9038105676658,75.0
41004,,5.0,400777,75.0,1.0421116091794138,0.17050435493632146,0.0,129.9038105676658,75.0
41004,,5.0,548966,75.0,0.5132082290410891,0.06316080164916282,0.0,129.9038105676658,75.0
41004,,5.0,741227,75.0,1.3759004796139784,0.08568024733811441,0.0,129.9038105676658,75.0
41004,,10.0,646512,75.0,0.32988652911209415,0.23995267221183575,0.0,129.9038105676658,75.0
41004,,10.0,531926,75.0,0.0,0.2187135313882051,0.0,129.9038105676658,75.0
41004,,10.0,437228,75.0,1.3937994784986503,0.16473163063709453,0.0,129.9038105676658,75.0
41004,,10.0,887437,75.0,1.0761466320982083,0.1949704921110541,0.0,129.9038105676658,75.0
41004,,10.0,528143,75.0,1.5273732398867577,0.20017853901267568,0.0,129.9038105676658,75.0
41004,,10.0,904169,75.0,0.7179201391296259,0.1528672734378848,0.0,129.9038105676658,75.0
41004,,10.0,524721,75.0,1.1684278157996824,0.09175177106791996,0.0,129.9038105676658,75.0
41004,,10.0,738695,75.0,1.4128982771385505,0.05528047830610721,0.0,129.9038105676658,75.0
41004,,10.0,263990,75.0,1.2560024718534921,0.10733670417627943,0.0,129.9038105676658,75.0
41004,,10.0,964213,75.0,1.209198603151814,0.04546211431668903,0.0,129.9038105676658,75.0
41004,,15.0,923648,75.0,0.0,0.25818900541890566,0.37168141592920356,129.9038105676658,75.0
41004,,15.0,512053,75.0,0.8461154558066352,0.08534292160856422,0.0,129.9038105676658,75.0
41004,,15.0,541630,75.0,1.515383811751195,0.20093617314947537,0.0,129.9038105676658,75.0
41004,,15.0,769086,75.0,0.10277633115253365,0.1159195973701531,0.2,129.9038105676658,75.0
41004,,15.0,430653,75.0,1.5029506775520987,0.18209816046942007,0.0,129.9038105676658,75.0
41004,,15.0,267312,75.0,0.9788246800058704,0.06473720526356493,0.0,129.9038105676658,75.0
41004,,15.0,743260,75.0,1.535188093898126,0.23447360297025935,0.0,129.9038105676658,75.0
41004,,15.0,878225,75.0,0.8926489814316374,0.1126274720441961,0.0,129.9038105676658,75.0
41004,,15.0,815784,75.0,1.182848000039789,0.07483517768761216,0.0,129.9038105676658,75.0
41004,,15.0,659696,75.0,1.090778521557811,0.05431669854731987,0.0,129.9038105676658,75.0
41004,,20.0,182909,75.0,1.2244544836755669,0.188138444281988,0.0,129.9038105676658,75.0
41004,,20.0,1085035,75.0,1.2348910365420158,0.18398321121934244,0.0,129.9038105676658,75.0
41004,,20.0,608940,75.0,1.4237682202294428,0.20566395584789843,0.0,129.9038105676658,75.0
41004,,20.0,134460,75.0,1.5388801734867994,0.14815671037179404,0.0,129.9038105676658,75.0
41004,,20.0,787333,75.0,1.1399961946120953,0.10537228511121496,0.0,129.9038105676658,75.0
41004,,20.0,777356,75.0,1.2676247591537033,0.25884531970116725,0.0,129.9038105676658,75.0
41004,,20.0,462743,75.0,0.16944493455590107,0.0767524231580249,0.6086956521739131,129.9038105676658,75.0
41004,,20.0,704768,75.0,1.519151160128657,0.1561308716623404,0.0,129.9038105676658,75.0
41004,,20.0,422779,75.0,1.5223879335275978,0.18139130953172203,0.0,129.9038105676658,75.0
41004,,20.0,112718,75.0,1.5172241831404607,0.12862110961120218,0.0,129.9038105676658,75.0
41004,,30.0,491017,75.0,0.01771433943929071,0.06781315174975171,0.7310924369747899,129.9038105676658,75.0
41004,,30.0,527294,75.0,0.44382047024360605,0.20783760854076852,0.0,129.9038105676658,75.0
41004,,30.0,620249,75.0,1.181887527736812,0.13680426360295556,0.0,129.9038105676658,75.0
41004,,30.0,455041,75.0,0.0,0.2510956166401248,0.3157894736842105,129.9038105676658,75.0
41004,,30.0,1035564,75.0,1.5381545087909159,0.295842129958914,0.0,129.9038105676658,75.0
41004,,30.0,563204,75.0,1.063701305219832,0.2608039635631955,0.0,129.9038105676658,75.0
41004,,30.0,688720,75.0,1.043611110237347,0.10446603073689228,0.0,129.9038105676658,75.0
41004,,30.0,482971,75.0,1.1375791065375895,0.14136981398125095,0.0,129.9038105676658,75.0
41004,,30.0,1044879,75.0,0.0,0.13508003274715855,0.017543859649122806,129.9038105676658,75.0
41004,,30.0,151748,75.0,0.837322330614791,0.1258733626147694,0.0,129.9038105676658,75.0
41004,,45.0,546071,75.0,0.2304631580523364,0.0904472413820403,0.0,129.9038105676658,75.0
41004,,45.0,685935,75.0,0.5665894462987744,0.12358283373310756,0.0,129.9038105676658,75.0
41004,,45.0,594738,75.0,0.8850836085683196,0.130456188294501,0.0,129.9038105676658,75.0
41004,,45.0,241857,75.0,0.8354364581968811,0.15324512343247748,0.0,129.9038105676658,75.0
41004,,45.0,1026715,75.0,1.1938629622755577,0.09117632154547765,0.0,129.9038105676658,75.0
41004,,45.0,947944,75.0,0.75473638874558,0.08785315241320332,0.0,129.9038105676658,75.0
41004,,45.0,658192,75.0,0.05070067087923734,0.25989430915376743,0.0,129.9038105676658,75.0
41004,,45.0,234774,75.0,0.48736871998929227,0.1499137658569491,0.0,129.9038105676658,75.0
41004,,45.0,130031,75.0,0.4392093442037477,0.19978160008501758,0.0,129.9038105676658,75.0
41004,,45.0,776300,75.0,1.007018630155641,0.12945340770944214,0.0,129.9038105676658,75.0
46889,,0.0,726958,100.0,1.015705272413298,0.10975959743904096,0.0,173.20508075688772,100.0
46889,,0.0,1075621,100.0,1.015403258760124,0.11937534269639678,0.0,173.20508075688772,100.0
46889,,0.0,587108,100.0,1.0195273126810704,0.1388419623884102,0.0,173.20508075688772,100.0
46889,,0.0,507375,100.0,1.021217840992947,0.12075196458935122,0.0,173.20508075688772,100.0
46889,,0.0,257132,100.0,1.0139434111914014,0.11737833443141958,0.0,173.20508075688772,100.0
46889,,0.0,292274,100.0,1.012491137576606,0.11774601619762391,0.0,173.20508075688772,100.0
46889,,0.0,830820,100.0,0.9999880510096096,0.1115646215428276,0.0,173.20508075688772,100.0
46889,,0.0,850688,100.0,1.0222806742464619,0.11931585375978347,0.0,173.20508075688772,100.0
46889,,0.0,126293,100.0,0.8509013525025615,0.3520531959061592,0.0,173.20508075688772,100.0
46889,,0.0,278920,100.0,1.0104043828212768,0.11864793909910212,0.0,173.20508075688772,100.0
46889,,5.0,630894,100.0,1.072059245674393,0.13264742431572213,0.0,173.20508075688772,100.0
46889,,5.0,99497,100.0,1.0628152122696828,0.13439153795314424,0.0,173.20508075688772,100.0
46889,,5.0,1012947,100.0,1.0523524202034347,0.14432287673569089,0.0,173.20508075688772,100.0
46889,,5.0,632786,100.0,1.0342932290830384,0.03450349382193691,0.0,173.20508075688772,100.0
46889,,5.0,347360,100.0,0.9427430266147871,0.09942906020977482,0.0,173.20508075688772,100.0
46889,,5.0,991670,100.0,1.040507066296785,0.10066340453724185,0.0,173.20508075688772,100.0
46889,,5.0,876834,100.0,0.9939140969552585,0.1425770090983365,0.0,173.20508075688772,100.0
46889,,5.0,473067,100.0,0.972321694840055,0.11416883076303974,0.0,173.20508075688772,100.0
46889,,5.0,798913,100.0,0.9752120800886629,0.11689506089250336,0.0,173.20508075688772,100.0
46889,,5.0,750773,100.0,1.0769043811757835,0.14392600393065472,0.0,173.20508075688772,100.0
46889,,10.0,825020,100.0,0.9818229232377705,0.08571200674472997,0.0,173.20508075688772,100.0
46889,,10.0,594317,100.0,1.021091150346158,0.1064323889855894,0.0,173.20508075688772,100.0
46889,,10.0,315374,100.0,0.8663217747078301,0.08554666468522151,0.0,173.20508075688772,100.0
46889,,10.0,350824,100.0,0.9273517358420226,0.07292177313633659,0.0,167.6349173834896,100.0
46889,,10.0,215114,100.0,1.0819984400202964,0.04069551763912385,0.0,173.20508075688772,100.0
46889,,10.0,965214,100.0,0.9449518680601209,0.06389596544242457,0.0,173.20508075688772,100.0
46889,,10.0,581281,100.0,1.0268336406768384,0.09149279394784965,0.0,173.20508075688772,100.0
46889,,10.0,931270,100.0,0.3849801143973673,0.04981490869720375,0.5462184873949579,173.20508075688772,100.0
46889,,10.0,601372,100.0,1.0952986685365,0.21046447200525556,0.0,173.20508075688772,100.0
46889,,10.0,1052973,100.0,0.8924325583109025,0.08478280445188371,0.0,173.20508075688772,100.0
46889,,15.0,667849,100.0,1.1744824372107225,0.17772061212266185,0.0,173.20508075688772,100.0
46889,,15.0,1079544,100.0,0.49648318739435277,0.2618198524158536,0.0,173.20508075688772,100.0
46889,,15.0,153501,100.0,0.9935907419342171,0.33055952223048624,0.0,173.20508075688772,100.0
46889,,15.0,750995,100.0,0.9176109690294296,0.11030373709179454,0.0,173.20508075688772,100.0
46889,,15.0,695054,100.0,0.9624037417766897,0.3978497575828598,0.04201680672268908,173.20508075688772,100.0
46889,,15.0,544510,100.0,1.0589793141413026,0.10740741080471662,0.0,173.20508075688772,100.0
46889,,15.0,799319,100.0,1.1647876766547818,0.24154334334708383,0.0,173.20508075688772,100.0
46889,,15.0,433017,100.0,1.1488851293079316,0.14909998892013201,0.0,173.20508075688772,100.0
46889,,15.0,862981,100.0,0.4349650885731992,0.0521270200102891,0.5294117647058824,173.20508075688772,100.0
46889,,15.0,398017,100.0,0.9821913497048025,0.16835271235689633,0.0,173.20508075688772,100.0
46889,,20.0,215838,100.0,1.242211616753775,0.2179575351060435,0.0,173.20508075688772,100.0
46889,,20.0,161264,100.0,0.3912470130794052,0.38077029539588647,0.0,158.42487021490004,100.0
46889,,20.0,367123,100.0,1.0814609680204872,0.12194405850371622,0.0,173.20508075688772,100.0
46889,,20.0,178541,100.0,0.6842625274684591,0.04051835777067784,0.125,151.16394112388542,100.0
46889,,20.0,325421,100.0,0.7366959056003773,0.10832422762621143,0.0,173.20508075688772,100.0
46889,,20.0,451473,100.0,0.47524321472373676,0.14810536418952433,0.0,173.20508075688772,100.0
46889,,20.0,793016,100.0,0.9091505522984897,0.261059349332146,0.0,173.20508075688772,100.0
46889,,20.0,572819,100.0,0.40613076520186453,0.2703170409552167,0.0,173.20508075688772,100.0
46889,,20.0,953012,100.0,1.2511475345826661,0.25967820767385,0.0,173.20508075688772,100.0
46889,,20.0,980427,100.0,0.6954949284719182,0.07951228852698775,0.0,173.20508075688772,100.0
46889,,30.0,97232,100.0,0.22260602853932557,0.19420355312622284,0.0,170.0900908087943,100.0
46889,,30.0,586546,100.0,1.3006151860100141,0.2868181449682568,0.0,173.20508075688772,100.0
46889,,30.0,125976,100.0,0.37872542329695125,0.04786615584769713,0.46956521739130436,154.56792179312515,100.0
46889,,30.0,312347,100.0,0.013738000325479853,0.5831446488620295,0.1592920353982301,173.20508075688772,100.0
46889,,30.0,1064982,100.0,0.48479642936472767,0.4907848350953363,0.0,165.88585053205645,100.0
46889,,30.0,696536,100.0,0.2558526084742678,0.03820956964603571,0.14545454545454545,159.95286383907393,100.0
46889,,30.0,781878,100.0,0.14848064276903142,0.4243355064715044,0.0,173.20508075688772,100.0
46889,,30.0,361917,100.0,0.16340857890403465,0.30103518691912273,0.0,159.3994172704482,100.0
46889,,30.0,807137,100.0,0.37080464937220314,0.06544672539428238,0.4576271186440678,173.20508075688772,100.0
46889,,30.0,1001394,100.0,0.40115801540340185,0.07358698668824978,0.3620689655172414,173.20508075688772,100.0
46889,,45.0,565995,100.0,0.0,0.4062817952173762,0.0,173.20508075688772,100.0
46889,,45.0,751490,100.0,0.0,0.22916864965284714,0.008547008547008548,173.20508075688772,100.0
46889,,45.0,890496,100.0,0.766441451703117,0.3855612684231246,0.1415929203539823,173.20508075688772,100.0
46889,,45.0,891486,100.0,1.056809614286193,0.2829631963597468,0.0,173.20508075688772,100.0
46889,,45.0,997794,100.0,0.0,0.2622594520390203,0.6017699115044248,173.20508075688772,100.0
46889,,45.0,1057411,100.0,0.7866125643273545,0.18059268175479232,0.13043478260869565,173.20508075688772,100.0
46889,,45.0,854232,100.0,0.0,0.28392068270587456,0.4608695652173913,157.79843150307678,100.0
46889,,45.0,1069224,100.0,0.004484954379437196,0.6415347196872947,0.0,147.2165803653088,100.0
46889,,45.0,1080536,100.0,0.12050739887750123,0.13059557560133017,0.1565217391304348,166.9739603438465,100.0
46889,,45.0,260577,100.0,0.26311893577027123,0.10792545800811183,0.0,173.20508075688772,100.0
47315,,0.0,877605,100.0,0.930578729276666,0.04128104872921681,0.0,173.20508075688772,100.0
47315,,0.0,357520,100.0,0.9260324456606885,0.04624469765736098,0.0,173.20508075688772,100.0
47315,,0.0,1034055,100.0,0.607532273313546,0.03637028517501137,0.21551724137931033,173.20508075688772,100.0
47315,,0.0,179887,100.0,0.9274941413081444,0.23516002540162392,0.0,173.20508075688772,100.0
47315,,0.0,1027144,100.0,0.8327321130165963,0.21230502657523387,0.08771929824561403,173.20508075688772,100.0
47315,,0.0,907459,100.0,0.9249581012649837,0.04104368407517462,0.0,173.20508075688772,100.0
47315,,0.0,306322,100.0,0.9236826195688052,0.03783177995314928,0.0,173.20508075688772,100.0
47315,,0.0,831878,100.0,0.0,0.32055447875889154,0.9568965517241379,173.20508075688772,100.0
47315,,0.0,686016,100.0,0.7621697763357336,0.03557029785629156,0.15454545454545454,173.20508075688772,100.0
47315,,0.0,583899,100.0,0.9220408304097759,0.04333449817239756,0.0,173.20508075688772,100.0
47315,,5.0,942529,100.0,0.8263557454373067,0.29426658787715454,0.0,173.20508075688772,100.0
47315,,5.0,564649,100.0,0.434947206998684,0.31974462114717284,0.2,173.20508075688772,100.0
47315,,5.0,1017066,100.0,0.825537704916795,0.07020169578497515,0.0,173.20508075688772,100.0
47315,,5.0,129831,100.0,0.23025279604936738,0.28580691892150356,0.7241379310344828,145.24206952600596,100.0
47315,,5.0,852999,100.0,1.2520076640369655,0.30803081005895466,0.9646017699115044,157.93049112049204,100.0
47315,,5.0,418822,100.0,0.9242755905866641,0.20124473256791162,0.0,173.20508075688772,100.0
47315,,5.0,204243,100.0,0.2079049379967043,0.2307008073675237,0.7456140350877193,144.81659648080546,100.0
47315,,5.0,635008,100.0,1.0691982437163638,0.35924799454717915,0.0,173.20508075688772,100.0
47315,,5.0,440098,100.0,0.9809954952895918,0.23436431752354933,0.0,173.20508075688772,100.0
47315,,5.0,554527,100.0,0.8220928585706505,0.3019330074969831,0.0,173.20508075688772,100.0
47315,,10.0,780995,100.0,1.0352668293318636,0.17220023196715567,0.0,173.20508075688772,100.0
47315,,10.0,133548,100.0,0.9107093541957132,0.1996219384076684,0.0,173.20508075688772,100.0
47315,,10.0,137572,100.0,0.8719638510610958,0.24395614519700287,0.0,173.20508075688772,100.0
47315,,10.0,402242,100.0,0.7882419888807394,0.19466054667782162,0.16379310344827586,173.20508075688772,100.0
47315,,10.0,130340,100.0,0.7708092497463906,0.29061664180152,0.06896551724137931,173.20508075688772,100.0
47315,,10.0,672159,100.0,0.0,0.28573972093329386,0.9642857142857143,141.6097966472614,100.0
47315,,10.0,290077,100.0,0.023165397423956978,0.2988871393264899,0.8869565217391304,145.64302775965155,100.0
47315,,10.0,445428,100.0,0.353767548681466,0.3372983004989673,0.6460176991150443,173.20508075688772,100.0
47315,,10.0,705812,100.0,0.0,0.28819014718287495,0.954954954954955,173.20508075688772,100.0
47315,,10.0,639751,100.0,0.02661046122245559,0.30921615370818,0.8909090909090909,173.20508075688772,100.0
47315,,15.0,376843,100.0,0.04432473242832277,0.2390618556494565,0.8869565217391304,142.01908243595966,100.0
47315,,15.0,614033,100.0,0.035325318896648195,0.2691417144153754,0.8771929824561403,173.20508075688772,100.0
47315,,15.0,414140,100.0,0.04134715214394783,0.031247181153744155,0.9145299145299145,173.20508075688772,100.0
47315,,15.0,783591,100.0,0.3319408752306749,0.212373508669358,0.6050420168067226,173.20508075688772,100.0
47315,,15.0,663362,100.0,0.0354582098725666,0.028059917238968713,0.896551724137931,141.8808709735067,100.0
47315,,15.0,1076271,100.0,0.6971344750898728,0.17425467627710706,0.2882882882882883,173.20508075688772,100.0
47315,,15.0,824971,100.0,0.08324634073779978,0.028557860909216512,0.8189655172413793,142.272797105824,100.0
47315,,15.0,661336,100.0,0.029696440337142378,0.23850743924079781,0.9230769230769231,144.3129789763198,100.0
47315,,15.0,992703,100.0,0.6810179805961403,0.2899117538813239,0.0,173.20508075688772,100.0
47315,,15.0,930647,100.0,0.0,0.22803674996213924,0.3418803418803419,173.20508075688772,100.0
47315,,20.0,611978,100.0,0.9631538761632757,0.3384836121221532,0.9473684210526315,171.21797539332562,100.0
47315,,20.0,135915,100.0,1.3292942057727988,0.2704653033870992,0.0,173.20508075688772,100.0
47315,,20.0,478683,100.0,0.6882657656318055,0.2610046503711683,0.29411764705882354,173.20508075688772,100.0
47315,,20.0,267677,100.0,0.0,0.2939274247971166,0.9459459459459459,173.20508075688772,100.0
47315,,20.0,605224,100.0,0.03669203175616596,0.38847731583730544,0.6440677966101694,173.20508075688772,100.0
47315,,20.0,949476,100.0,0.0,0.27736364628131216,0.990990990990991,173.20508075688772,100.0
47315,,20.0,151943,100.0,0.014312082825371414,0.24867269914112014,0.940677966101695,141.59359414100993,100.0
47315,,20.0,755453,100.0,0.6862363221432274,0.17780702041953783,0.4117647058823529,173.20508075688772,100.0
47315,,20.0,536433,100.0,1.3436572724369098,0.1768383529988939,0.7727272727272727,173.20508075688772,100.0
47315,,20.0,795444,100.0,0.005834254763165872,0.20161452552911913,0.8,143.57635137267414,100.0
47315,,30.0,822524,100.0,1.4193628769624957,0.44789491968191775,0.0,173.20508075688772,100.0
47315,,30.0,370205,100.0,1.1137103769786416,0.725572762828452,0.0,173.20508075688772,100.0
47315,,30.0,324122,100.0,1.010605164180159,0.3105998873625156,0.8706896551724138,173.20508075688772,100.0
47315,,30.0,472280,100.0,1.1663217176364098,0.6090255594609253,0.5545454545454546,173.20508075688772,100.0
47315,,30.0,165080,100.0,0.45586622048398745,0.432855302542022,0.0,173.20508075688772,100.0
47315,,30.0,173319,100.0,0.08001072348886921,0.5491243939663837,0.23529411764705882,173.20508075688772,100.0
47315,,30.0,789407,100.0,1.6,0.30140538615554846,0.6434782608695652,173.20508075688772,100.0
47315,,30.0,108880,100.0,0.06453026862601943,0.6692588268827574,0.6106194690265486,173.20508075688772,100.0
47315,,30.0,383618,100.0,0.0,0.21735918679772095,0.9310344827586207,173.20508075688772,100.0
47315,,30.0,304810,100.0,0.9586038926674408,0.6953059452358644,0.0,173.20508075688772,100.0
47315,,45.0,1060863,100.0,0.0,0.40309933244332563,0.9279279279279279,173.20508075688772,100.0
47315,,45.0,137796,100.0,0.0,0.21453174591234303,0.9316239316239316,156.43383176124487,100.0
47315,,45.0,628588,100.0,0.0,0.39220763862852015,0.9279279279279279,145.89835182402288,100.0
47315,,45.0,508026,100.0,0.0,0.03179169913708036,0.9642857142857143,141.63627323412743,100.0
47315,,45.0,840820,100.0,0.5540829608845829,0.8365669518009402,0.0,162.43454807787276,100.0
47315,,45.0,531494,100.0,0.3891833414240026,0.29482177987830277,0.6936936936936937,173.20508075688772,100.0
47315,,45.0,499899,100.0,0.6945990947692444,0.5407513413976557,0.1981981981981982,173.20508075688772,100.0
47315,,45.0,849895,100.0,0.7049650673352019,1.0851322337905958,0.0,173.20508075688772,100.0
47315,,45.0,756912,100.0,0.704527233138176,1.1291070959520388,0.0,173.20508075688772,100.0
47315,,45.0,954191,100.0,0.0,0.19864672048632476,0.23684210526315788,173.20508075688772,100.0
48271,,0.0,459337,100.0,1.026271350478489,0.2370672620058841,0.0,173.20508075688772,100.0
48271,,0.0,910740,100.0,0.8706184521126988,0.17448210754412982,0.0,173.20508075688772,100.0
48271,,0.0,414892,100.0,0.0,0.33151279318615734,0.9203539823008849,173.20508075688772,100.0
48271,,0.0,242597,100.0,0.9138219632544492,0.18627204126435482,0.0,173.20508075688772,100.0
48271,,0.0,421225,100.0,1.1086700522022472,0.19403617073521595,0.0,173.20508075688772,100.0
48271,,0.0,861354,100.0,0.0,0.22307130462711264,0.5478260869565217,173.20508075688772,100.0
48271,,0.0,486349,100.0,0.04280554063948362,0.2224394116980723,0.08695652173913043,173.20508075688772,100.0
48271,,0.0,910223,100.0,1.3200068255868167,0.22550515512658553,0.0,173.20508075688772,100.0
48271,,0.0,1072277,100.0,0.9534075404563097,0.28105469547934525,0.0,173.20508075688772,100.0
48271,,0.0,344947,100.0,1.0555115597075508,0.25859075651677027,0.0,173.20508075688772,100.0
48271,,5.0,145290,100.0,0.987916661984353,0.16627660199455468,0.0,173.20508075688772,100.0
48271,,5.0,125370,100.0,1.2933718350195398,0.19439779265242427,0.7927927927927928,173.20508075688772,100.0
48271,,5.0,658926,100.0,1.0875370097188741,0.27155519481062507,0.0,173.20508075688772,100.0
48271,,5.0,109253,100.0,1.1086862747203083,0.2186066832900586,0.0,173.20508075688772,100.0
48271,,5.0,234390,100.0,1.0849376918501512,0.4712558475950629,0.0,173.20508075688772,100.0
48271,,5.0,701290,100.0,1.0524863186361166,0.2072260729650171,0.0,173.20508075688772,100.0
48271,,5.0,805524,100.0,0.38742581724245134,0.15109643809736784,0.26956521739130435,173.20508075688772,100.0
48271,,5.0,462055,100.0,1.0678459733601702,0.27250971333638613,0.0,173.20508075688772,100.0
48271,,5.0,631899,100.0,1.1477858514080492,0.23934987323952672,0.0,173.20508075688772,100.0
48271,,5.0,157145,100.0,0.9428915948702183,0.1999606928655059,0.0,173.20508075688772,100.0
48271,,10.0,551571,100.0,0.9491653177871876,0.18751521679738764,0.0,173.20508075688772,100.0
48271,,10.0,96325,100.0,1.1041528748047975,0.30988944691349446,0.0,173.20508075688772,100.0
48271,,10.0,575396,100.0,1.0147907094716997,0.2535387863093501,0.0,173.20508075688772,100.0
48271,,10.0,144503,100.0,1.1705946475733384,0.19368884913867457,0.0,173.20508075688772,100.0
48271,,10.0,270405,100.0,0.10689443253452383,0.333321872494398,0.20535714285714285,173.20508075688772,100.0
48271,,10.0,1068392,100.0,0.9526469722728678,0.5676713269207428,0.0,173.20508075688772,100.0
48271,,10.0,116263,100.0,1.0378750911109202,0.2709566587676908,0.0,173.20508075688772,100.0
48271,,10.0,689692,100.0,1.1008025198577778,0.1706254885161635,0.0,173.20508075688772,100.0
48271,,10.0,1049064,100.0,0.9800258924071882,0.15353309610235288,0.0,173.20508075688772,100.0
48271,,10.0,373678,100.0,1.0938483564241563,0.19239859303998144,0.0,173.20508075688772,100.0
48271,,15.0,489807,100.0,1.0280687467308378,0.1788992204832256,0.0,173.20508075688772,100.0
48271,,15.0,156800,100.0,1.083179635142386,0.2705077461016001,0.0,173.20508075688772,100.0
48271,,15.0,448930,100.0,1.2476007627026855,0.31787140035709954,0.0,173.20508075688772,100.0
48271,,15.0,1011187,100.0,1.0832706164084842,0.41914492789973806,0.0,173.20508075688772,100.0
48271,,15.0,542171,100.0,0.9401995344267574,0.5416364069858699,0.0,173.20508075688772,100.0
48271,,15.0,873800,100.0,1.146931529885169,0.15844421333315473,0.0,173.20508075688772,100.0
48271,,15.0,147299,100.0,0.0,0.20644594207199055,0.8608695652173913,159.7660108411379,100.0
48271,,15.0,607985,100.0,0.8942936356448029,0.16796390855174606,0.0,173.20508075688772,100.0
48271,,15.0,460769,100.0,0.48840915912695754,0.5394736646982526,0.08108108108108109,173.20508075688772,100.0
48271,,15.0,654833,100.0,1.508207626518286,0.6272615104085857,0.0,173.20508075688772,100.0
48271,,20.0,463092,100.0,0.7335057886593493,0.22518170638282728,0.0,173.20508075688772,100.0
48271,,20.0,1055658,100.0,0.9372907083798822,0.35924053794264427,0.0,173.20508075688772,100.0
48271,,20.0,293632,100.0,1.042789812753241,0.20478117063160026,0.0,173.20508075688772,100.0
48271,,20.0,120773,100.0,0.7919962730404027,0.1852237804758366,0.0,173.20508075688772,100.0
48271,,20.0,1004298,100.0,1.0727507945285202,0.2554494164958274,0.0,173.20508075688772,100.0
48271,,20.0,1058231,100.0,1.162310181043058,0.34986179045979965,0.0,173.20508075688772,100.0
48271,,20.0,1081323,100.0,0.7282490624020778,0.2122934987166435,0.0,173.20508075688772,100.0
48271,,20.0,223280,100.0,0.3521402521237859,0.22765660596963844,0.2782608695652174,173.20508075688772,100.0
48271,,20.0,674556,100.0,1.0380868723774368,0.24519059092259063,0.0,173.20508075688772,100.0
48271,,20.0,435396,100.0,0.9013919248839866,0.1911084489927457,0.0,173.20508075688772,100.0
48271,,30.0,427827,100.0,1.087715698870482,0.23694861580719784,0.3333333333333333,173.20508075688772,100.0
48271,,30.0,963505,100.0,0.9329921008996421,0.34358974600085473,0.0,173.20508075688772,100.0
48271,,30.0,773498,100.0,0.3704402967792959,0.623469680174327,0.008849557522123894,173.20508075688772,100.0
48271,,30.0,875088,100.0,0.39869383895000154,0.19954272116052985,0.5652173913043478,173.20508075688772,100.0
48271,,30.0,943702,100.0,1.201381691299871,0.6867625807100702,0.0,173.20508075688772,100.0
48271,,30.0,407265,100.0,1.2134174116304046,0.17284303868270376,0.0,173.20508075688772,100.0
48271,,30.0,374796,100.0,0.0,0.42662667145281763,0.48672566371681414,173.20508075688772,100.0
48271,,30.0,792634,100.0,0.054509550087604476,0.3054120141689378,0.3185840707964602,173.20508075688772,100.0
48271,,30.0,920368,100.0,0.6956746204667145,0.2763763949460101,0.0,173.20508075688772,100.0
48271,,30.0,432158,100.0,0.7453505402313075,0.3558310616568425,0.0,173.20508075688772,100.0
48271,,45.0,204611,100.0,0.7031312315118318,0.49090248133552883,0.0,173.20508075688772,100.0
48271,,45.0,163362,100.0,1.1321111291860524,0.4424040180948694,0.1875,173.20508075688772,100.0
48271,,45.0,812198,100.0,0.8529359613192861,0.3674039757901635,0.0,173.20508075688772,100.0
48271,,45.0,238198,100.0,0.6865606109049881,0.36166285626035544,0.0,173.20508075688772,100.0
48271,,45.0,147137,100.0,0.5773595153931121,0.5990712279274368,0.0,173.20508075688772,100.0
48271,,45.0,963913,100.0,0.8863725961984079,0.20853615563966704,0.7692307692307693,173.20508075688772,100.0
48271,,45.0,413008,100.0,0.7189663421987645,0.5061224656958401,0.0,173.20508075688772,100.0
48271,,45.0,245417,100.0,0.8860727559322658,0.3643226656721639,0.0,173.20508075688772,100.0
48271,,45.0,513523,100.0,0.19319680747893717,0.36031595989542686,0.34234234234234234,173.20508075688772,100.0
48271,,45.0,582894,100.0,0.8168624044869224,0.5437543924904872,0.0,173.20508075688772,100.0
7119,,0.0,909130,100.0,0.9647093387097404,0.17495699923142755,0.0,173.20508075688772,100.0
7119,,0.0,1064933,100.0,1.0204345853240897,0.01547083642212442,0.0,173.20508075688772,100.0
7119,,0.0,914538,100.0,0.9196240586501682,0.10641133117388683,0.0,173.20508075688772,100.0
7119,,0.0,139599,100.0,1.0169038820462297,0.011650461072259118,0.0,173.20508075688772,100.0
7119,,0.0,833674,100.0,1.0137102766216626,0.040893065589901904,0.0,173.20508075688772,100.0
7119,,0.0,662570,100.0,1.0098677066774355,0.020683837146403122,0.0,173.20508075688772,100.0
7119,,0.0,1024527,100.0,1.0183526200747777,0.014721854049131736,0.0,172.68606714263277,100.0
7119,,0.0,1010307,100.0,1.0069259187092252,0.028556008296813498,0.0,173.20508075688772,100.0
7119,,0.0,866735,100.0,1.0456914677042035,0.07417247552342304,0.0,173.20508075688772,100.0
7119,,0.0,575425,100.0,1.0113565969642342,0.03150511924085256,0.0,173.20508075688772,100.0
7119,,5.0,193288,100.0,1.0019148626359904,0.11880735017922464,0.0,173.20508075688772,100.0
7119,,5.0,963135,100.0,1.0432484643816373,0.09997537398292815,0.0,173.20508075688772,100.0
7119,,5.0,157303,100.0,1.0109469324783413,0.07869613081873408,0.0,173.20508075688772,100.0
7119,,5.0,1089463,100.0,0.8753895856125573,0.3787910206682248,0.0,173.20508075688772,100.0
7119,,5.0,850100,100.0,1.099747635968926,0.09171624146553858,0.6517857142857143,165.8032279461265,100.0
7119,,5.0,190489,100.0,0.0529732264510039,0.04846238373528842,0.8648648648648649,145.00961447242926,100.0
7119,,5.0,472227,100.0,0.9988879854372211,0.056087836356076816,0.0,173.20508075688772,100.0
7119,,5.0,782053,100.0,0.3856778262203895,0.12099472212860421,0.4909090909090909,163.00300482443848,100.0
7119,,5.0,462994,100.0,1.0390372131494736,0.08317441759758665,0.0,173.20508075688772,100.0
7119,,5.0,889362,100.0,1.0406125950475302,0.09689508513123232,0.0,173.20508075688772,100.0
7119,,10.0,885125,100.0,0.9332910353733063,0.10063857261585667,0.0,173.20508075688772,100.0
7119,,10.0,313924,100.0,0.9359154341233151,0.10808313502838453,0.0,173.20508075688772,100.0
7119,,10.0,1062873,100.0,1.078844764048649,0.09526382860028144,0.0,173.20508075688772,100.0
7119,,10.0,792434,100.0,1.0644248350186134,0.1815603287981456,0.0,173.20508075688772,100.0
7119,,10.0,630444,100.0,0.18361272959997682,0.1214956719667144,0.6363636363636364,147.95820530643178,100.0
7119,,10.0,851132,100.0,1.0365479222183829,0.1563638370061715,0.0,161.79425400647256,100.0
7119,,10.0,426128,100.0,0.0,0.044397036232427335,0.9375,145.45569511033557,100.0
7119,,10.0,277153,100.0,1.0195025984666766,0.1473450500546485,0.0,173.20508075688772,100.0
7119,,10.0,388606,100.0,1.0770655810350707,0.11012284679118879,0.0,173.20508075688772,100.0
7119,,10.0,294080,100.0,0.5453702009737023,0.13112832690447468,0.35454545454545455,161.86823782547756,100.0
7119,,15.0,583819,100.0,1.0141979764059792,0.20131363096145669,0.0,173.20508075688772,100.0
7119,,15.0,1010364,100.0,0.9981809872733708,0.07505981087999722,0.0,173.20508075688772,100.0
7119,,15.0,706168,100.0,1.0185010896023967,0.31305372602655396,0.0,173.20508075688772,100.0
7119,,15.0,612531,100.0,1.0089279302948324,0.2026616914005833,0.0,173.20508075688772,100.0
7119,,15.0,861643,100.0,1.0945164632702988,0.32524968423442546,0.0,173.20508075688772,100.0
7119,,15.0,326609,100.0,1.085935834582779,0.0759123856456605,0.0,173.20508075688772,100.0
7119,,15.0,196859,100.0,0.9323979393664169,0.13336373554831105,0.0,173.20508075688772,100.0
7119,,15.0,498043,100.0,0.0,0.04455971274542511,0.8288288288288288,166.61219858872312,100.0
7119,,15.0,543816,100.0,0.8437134198001001,0.23761584673213904,0.017857142857142856,173.20508075688772,100.0
7119,,15.0,750676,100.0,0.8973148662061713,0.164111047347564,0.0,173.20508075688772,100.0
7119,,20.0,1058165,100.0,1.0165148642224162,0.19709283431212568,0.0,173.20508075688772,100.0
7119,,20.0,756137,100.0,0.9364638024106319,0.19255560073014552,0.0,173.20508075688772,100.0
7119,,20.0,769874,100.0,0.9245573057823212,0.27755362224116836,0.0,173.20508075688772,100.0
7119,,20.0,614324,100.0,1.493240615924792,0.09865345970337622,0.8818181818181818,173.20508075688772,100.0
7119,,20.0,314287,100.0,1.1365164860631498,0.3951871555312086,0.0,173.20508075688772,100.0
7119,,20.0,668590,100.0,1.1380265048467608,0.22046005733312385,0.0,173.20508075688772,100.0
7119,,20.0,122667,100.0,1.1235876184903633,0.4327752201579952,0.0,173.20508075688772,100.0
7119,,20.0,208778,100.0,1.108079503930096,0.4151534397202462,0.0,173.20508075688772,100.0
7119,,20.0,336408,100.0,0.0,0.20259605548563492,0.4954954954954955,153.5151347682245,100.0
7119,,20.0,737257,100.0,0.8792692281028878,0.33569609154097363,0.0,173.20508075688772,100.0
7119,,30.0,140442,100.0,1.1796718110387086,0.6587039856249766,0.0,173.20508075688772,100.0
7119,,30.0,218462,100.0,1.1465435387111271,0.5991955457897097,0.0,173.20508075688772,100.0
7119,,30.0,336211,100.0,0.808787962634937,0.43711614870000176,0.0,173.20508075688772,100.0
7119,,30.0,589139,100.0,0.8362672822867003,0.6011621784225216,0.0,173.20508075688772,100.0
7119,,30.0,742069,100.0,1.1437470319444172,0.22026841015249224,0.0,173.20508075688772,100.0
7119,,30.0,636333,100.0,1.1640983185498626,0.27870886126690986,0.0,173.20508075688772,100.0
7119,,30.0,530532,100.0,0.9547109329080242,0.47158725202191265,0.0,173.20508075688772,100.0
7119,,30.0,335641,100.0,0.7898021654387727,0.6004769529220438,0.0,173.20508075688772,100.0
7119,,30.0,1057538,100.0,1.177368221265664,0.3058139822697644,0.0,173.20508075688772,100.0
7119,,30.0,452080,100.0,0.0,0.10699470389240943,0.8636363636363636,166.79397072157883,100.0
7119,,45.0,751025,100.0,1.3016109164167626,0.9071865925255744,0.0,173.20508075688772,100.0
7119,,45.0,724114,100.0,0.0,0.07206067294667223,0.8938053097345132,173.20508075688772,100.0
7119,,45.0,532708,100.0,0.34385507563540146,0.20986842695954838,0.0,171.1677123146387,100.0
7119,,45.0,1086620,100.0,0.7846512474524077,0.8070939170221428,0.0,168.80331180650361,100.0
7119,,45.0,676226,100.0,0.8901523058149768,0.22391179386241858,0.0,173.20508075688772,100.0
7119,,45.0,641812,100.0,0.2886045008146872,0.728000427497918,0.0,161.3326970710946,100.0
7119,,45.0,559027,100.0,1.2595158629533623,0.4819781246334033,0.0,173.20508075688772,100.0
7119,,45.0,937437,100.0,1.2387170177954154,0.48714984393935085,0.0,173.20508075688772,100.0
7119,,45.0,588019,100.0,0.42240617593938307,0.9446674451009079,0.0,173.20508075688772,100.0
7119,,45.0,735415,100.0,0.7697899536529667,0.844249839291627,0.0,162.5241372080054,100.0
41004,,0.0,753193,100.0,1.207960318513405,0.0632383774842553,0.0,173.20508075688772,100.0
41004,,0.0,367146,100.0,1.2134016206918803,0.12560850667838272,0.0,173.20508075688772,100.0
41004,,0.0,406179,100.0,1.4709322154030562,0.39954558858540506,0.0,173.20508075688772,100.0
41004,,0.0,801331,100.0,1.1207194811512624,0.18790519361164978,0.0,173.20508075688772,100.0
41004,,0.0,1076385,100.0,0.0,0.1542737178579354,0.4827586206896552,173.20508075688772,100.0
41004,,0.0,922058,100.0,1.4245965251876251,0.09499691831483778,0.0,173.20508075688772,100.0
41004,,0.0,844281,100.0,0.9331517177025367,0.18853952411378927,0.0,173.20508075688772,100.0
41004,,0.0,1083504,100.0,1.2945801197311348,0.05669538481505375,0.0,173.20508075688772,100.0
41004,,0.0,692217,100.0,1.0800517177883928,0.10128506913947415,0.0,173.20508075688772,100.0
41004,,0.0,868559,100.0,0.1343717289825365,0.25508356632102636,0.22522522522522523,173.20508075688772,100.0
41004,,5.0,423334,100.0,1.536174172544675,0.25622245549636746,0.0,173.20508075688772,100.0
41004,,5.0,517863,100.0,1.5439230714340788,0.13933318707072667,0.0,173.20508075688772,100.0
41004,,5.0,809308,100.0,1.2275794266894526,0.048996596262504175,0.0,173.20508075688772,100.0
41004,,5.0,299779,100.0,1.0207192150776296,0.06376431841127374,0.0,173.20508075688772,100.0
41004,,5.0,657166,100.0,0.11279083823634045,0.10912932702018521,0.5378151260504201,173.20508075688772,100.0
41004,,5.0,365139,100.0,0.008994336126166071,0.11436574623276576,0.5042016806722689,173.20508075688772,100.0
41004,,5.0,143816,100.0,1.5205099266690663,0.20792019624356067,0.0,173.20508075688772,100.0
41004,,5.0,400777,100.0,0.6689020372317787,0.09275670043325594,0.0,173.20508075688772,100.0
41004,,5.0,548966,100.0,0.8969086847387638,0.14525722816644993,0.0,173.20508075688772,100.0
41004,,5.0,741227,100.0,1.0322936578701538,0.07659078801005118,0.0,173.20508075688772,100.0
41004,,10.0,646512,100.0,0.0,0.2647516134745042,0.25,173.20508075688772,100.0
41004,,10.0,531926,100.0,1.4318284222695445,0.11582791971198565,0.0,173.20508075688772,100.0
41004,,10.0,437228,100.0,1.416834325381398,0.12714368773749174,0.0,173.20508075688772,100.0
41004,,10.0,887437,100.0,0.9514487385786632,0.09423491129527567,0.0,173.20508075688772,100.0
41004,,10.0,528143,100.0,0.5636946103967863,0.10637180341245482,0.0,173.20508075688772,100.0
41004,,10.0,904169,100.0,1.355481283381223,0.07000840202814236,0.0,173.20508075688772,100.0
41004,,10.0,524721,100.0,1.3394430227311391,0.08249955757391883,0.0,173.20508075688772,100.0
41004,,10.0,738695,100.0,1.1391570921403482,0.10661782016162197,0.0,173.20508075688772,100.0
41004,,10.0,263990,100.0,0.0,0.46252107605841414,0.0,173.20508075688772,100.0
41004,,10.0,964213,100.0,1.5459161401021069,0.19168852411837117,0.0,173.20508075688772,100.0
41004,,15.0,923648,100.0,1.0550640862655603,0.0449359643108019,0.0,173.20508075688772,100.0
41004,,15.0,512053,100.0,1.329284758926185,0.09834502060255301,0.0,173.20508075688772,100.0
41004,,15.0,541630,100.0,0.05818224658942011,0.07344671963995757,0.3017241379310345,173.20508075688772,100.0
41004,,15.0,769086,100.0,1.0290353822607927,0.07317208784346219,0.0,173.20508075688772,100.0
41004,,15.0,430653,100.0,0.0,0.1787532086824659,0.14545454545454545,173.20508075688772,100.0
41004,,15.0,267312,100.0,1.5278086033195335,0.14280872087171018,0.0,173.20508075688772,100.0
41004,,15.0,743260,100.0,1.2402093057948986,0.08773923133192167,0.0,173.20508075688772,100.0
41004,,15.0,878225,100.0,1.0612540878357295,0.0834244947659689,0.0,173.20508075688772,100.0
41004,,15.0,815784,100.0,1.335871234263181,0.127429172549707,0.0,173.20508075688772,100.0
41004,,15.0,659696,100.0,1.0221923488335698,0.07563989703321057,0.0,173.20508075688772,100.0
41004,,20.0,182909,100.0,1.1073638882644072,0.1438145060549339,0.0,173.20508075688772,100.0
41004,,20.0,1085035,100.0,0.8771227297986849,0.12463641475078985,0.0,173.20508075688772,100.0
41004,,20.0,608940,100.0,1.4258452649784672,0.1336465207908013,0.0,173.20508075688772,100.0
41004,,20.0,134460,100.0,1.1361514553913663,0.058307769453815494,0.0,173.20508075688772,100.0
41004,,20.0,787333,100.0,0.0,0.2419145064785818,0.0990990990990991,173.20508075688772,100.0
41004,,20.0,777356,100.0,0.7208725015529377,0.13706720689194166,0.0,173.20508075688772,100.0
41004,,20.0,462743,100.0,1.0922392043424427,0.12671591084476524,0.0,173.20508075688772,100.0
41004,,20.0,704768,100.0,0.05858450234166384,0.21189611491178545,0.034782608695652174,173.20508075688772,100.0
41004,,20.0,422779,100.0,0.7221514143579332,0.18560395135739882,0.0,173.20508075688772,100.0
41004,,20.0,112718,100.0,1.5415982871605172,0.25607493362295886,0.0,173.20508075688772,100.0
41004,,30.0,491017,100.0,1.095758461683898,0.1352265714281316,0.0,173.20508075688772,100.0
41004,,30.0,527294,100.0,0.7322289707061734,0.061845399521300415,0.0,173.20508075688772,100.0
41004,,30.0,620249,100.0,0.0,0.09112016593198823,0.0,173.20508075688772,100.0
41004,,30.0,455041,100.0,0.8637867629176272,0.275042273497366,0.0,173.20508075688772,100.0
41004,,30.0,1035564,100.0,0.41295297280318966,0.18161390093469468,0.0,173.20508075688772,100.0
41004,,30.0,563204,100.0,0.0,0.19363767621259217,0.0,173.20508075688772,100.0
41004,,30.0,688720,100.0,1.356371037623612,0.20852470999743186,0.0,173.20508075688772,100.0
41004,,30.0,482971,100.0,0.6916243611757037,0.263578503988626,0.0,173.20508075688772,100.0
41004,,30.0,1044879,100.0,0.34445037760803904,0.16864156245634593,0.0,173.20508075688772,100.0
41004,,30.0,151748,100.0,1.5387710556032241,0.28596219156929625,0.0,173.20508075688772,100.0
41004,,45.0,546071,100.0,0.9171832394244198,0.18408832947815507,0.0,173.20508075688772,100.0
41004,,45.0,685935,100.0,0.763265032363825,0.12142252709954497,0.0,173.20508075688772,100.0
41004,,45.0,594738,100.0,0.37986628980313014,0.1478042957729646,0.0,173.20508075688772,100.0
41004,,45.0,241857,100.0,0.34167601430496036,0.25385103083372923,0.018018018018018018,173.20508075688772,100.0
41004,,45.0,1026715,100.0,0.11697685749857059,0.19878415302476904,0.0,173.20508075688772,100.0
41004,,45.0,947944,100.0,1.5371308497560185,0.28068962649411133,0.0,173.20508075688772,100.0
41004,,45.0,658192,100.0,0.6648135706356536,0.11533693483516015,0.0,173.20508075688772,100.0
41004,,45.0,234774,100.0,0.6142855359898786,0.28167256008875036,0.23728813559322035,173.20508075688772,100.0
41004,,45.0,130031,100.0,0.5567761398191857,0.10091100133801395,0.0,173.20508075688772,100.0
41004,,45.0,776300,100.0,0.9567650124535049,0.2500402847566887,0.0,173.20508075688772,100.0
46889,,0.0,726958,150.0,0.9558529401623439,0.016659634922689487,0.0,257.39734651174416,150.0
46889,,0.0,1075621,150.0,0.9580356314156178,0.017600241438852665,0.0,259.8076211353316,150.0
46889,,0.0,587108,150.0,0.9610261132877872,0.016689169161661608,0.0,259.8076211353316,150.0
46889,,0.0,507375,150.0,1.0085535712796099,0.11187982176711166,0.0,259.8076211353316,150.0
46889,,0.0,257132,150.0,1.0107565568441084,0.07915850882176853,0.0,259.8076211353316,150.0
46889,,0.0,292274,150.0,0.9599328016775477,0.017263879006381884,0.0,259.8076211353316,150.0
46889,,0.0,830820,150.0,0.9624060149653381,0.0169853050162431,0.0,259.8076211353316,150.0
46889,,0.0,850688,150.0,0.963353047174239,0.01724863128271051,0.0,259.8076211353316,150.0
46889,,0.0,126293,150.0,0.8330307759103001,0.045778344133822944,0.03361344537815126,259.8076211353316,150.0
46889,,0.0,278920,150.0,0.9622278498931554,0.020563721297392965,0.0,259.8076211353316,150.0
46889,,5.0,630894,150.0,1.0265636751745795,0.04269344776190728,0.0,259.8076211353316,150.0
46889,,5.0,99497,150.0,1.0147645438648667,0.05587363281685185,0.0,259.8076211353316,150.0
46889,,5.0,1012947,150.0,1.0619721286982928,0.11993887386874355,0.0,259.8076211353316,150.0
46889,,5.0,632786,150.0,1.0346664920918516,0.03476594780501739,0.0,259.8076211353316,150.0
46889,,5.0,347360,150.0,0.9116152960772155,0.06441561269335867,0.0,259.8076211353316,150.0
46889,,5.0,991670,150.0,1.0307781453087284,0.07328047652398728,0.0,259.8076211353316,150.0
46889,,5.0,876834,150.0,0.9914505847567263,0.1653646680609333,0.0,259.8076211353316,150.0
46889,,5.0,473067,150.0,0.9606004112291937,0.11828525888776337,0.0,259.8076211353316,150.0
46889,,5.0,798913,150.0,0.9737442309183968,0.12429246067689667,0.0,259.8076211353316,150.0
46889,,5.0,750773,150.0,1.0219381322224947,0.05555162497999602,0.0,259.8076211353316,150.0
46889,,10.0,825020,150.0,0.9738168183311131,0.06737907814016403,0.0,259.8076211353316,150.0
46889,,10.0,594317,150.0,1.0190808811775247,0.07995733121575362,0.0,259.8076211353316,150.0
46889,,10.0,315374,150.0,0.8594470068235714,0.054493422115812394,0.0,259.8076211353316,150.0
46889,,10.0,350824,150.0,0.8948263119937627,0.06246225062987615,0.0,259.8076211353316,150.0
46889,,10.0,215114,150.0,1.0857395296317762,0.043323698209848355,0.0,259.8076211353316,150.0
46889,,10.0,965214,150.0,0.9449518680601209,0.07933195404832749,0.0,258.2368185307693,150.0
46889,,10.0,581281,150.0,1.0139438460223227,0.10512299470553622,0.0,259.8076211353316,150.0
46889,,10.0,931270,150.0,0.2905032599449747,0.05091044561213096,0.5966386554621849,259.8076211353316,150.0
46889,,10.0,601372,150.0,1.0649312321007776,0.22055660213401532,0.0,259.8076211353316,150.0
46889,,10.0,1052973,150.0,0.8651733736556381,0.04862924697713374,0.0,259.8076211353316,150.0
46889,,15.0,667849,150.0,1.174341939491724,0.1862612200759946,0.0,259.8076211353316,150.0
46889,,15.0,1079544,150.0,0.9627438536129299,0.2154664564088142,0.0,259.8076211353316,150.0
46889,,15.0,153501,150.0,1.0081953746355439,0.12790427933050477,0.0,259.8076211353316,150.0
46889,,15.0,750995,150.0,0.8936307756476325,0.0644909285465792,0.0,259.8076211353316,150.0
46889,,15.0,695054,150.0,0.16242800626093945,0.3178396423738978,0.11764705882352941,259.8076211353316,150.0
46889,,15.0,544510,150.0,1.0517266990146497,0.11760370897897288,0.0,259.8076211353316,150.0
46889,,15.0,799319,150.0,1.1994262352032543,0.23279391311268047,0.0,259.8076211353316,150.0
46889,,15.0,433017,150.0,1.125816055963912,0.044537661205037896,0.0,259.8076211353316,150.0
46889,,15.0,862981,150.0,0.0,0.023775947817286994,0.8907563025210085,259.8076211353316,150.0
46889,,15.0,398017,150.0,0.9815947331961279,0.16638990154216377,0.0,259.8076211353316,150.0
46889,,20.0,215838,150.0,1.2002231855133707,0.11262670015043917,0.0,259.8076211353316,150.0
46889,,20.0,161264,150.0,1.1068149565295557,0.3341792433575085,0.0,259.8076211353316,150.0
46889,,20.0,367123,150.0,1.0841871583266423,0.11765546434219709,0.0,259.8076211353316,150.0
46889,,20.0,178541,150.0,0.7581917418817293,0.08888579204352429,0.0,259.8076211353316,150.0
46889,,20.0,325421,150.0,0.706992853503676,0.09493506915030736,0.0,259.8076211353316,150.0
46889,,20.0,451473,150.0,0.4787877083060521,0.14266705944924946,0.0,251.5334328009524,150.0
46889,,20.0,793016,150.0,0.9298240256958672,0.25950753656677283,0.0,259.8076211353316,150.0
46889,,20.0,572819,150.0,0.3733989902187734,0.22194762818302935,0.0,259.8076211353316,150.0
46889,,20.0,953012,150.0,1.2679802461072347,0.287950342156236,0.0,259.8076211353316,150.0
46889,,20.0,980427,150.0,0.7113198843549374,0.06815397397251798,0.0,259.8076211353316,150.0
46889,,30.0,97232,150.0,0.22196016208211872,0.21797771875509017,0.0,258.2007707775736,150.0
46889,,30.0,586546,150.0,1.2732480556045727,0.15918505385605394,0.0,259.8076211353316,150.0
46889,,30.0,125976,150.0,0.642181431985792,0.18648231517653632,0.0,259.8076211353316,150.0
46889,,30.0,312347,150.0,0.6974411617174651,0.4122099972541305,0.0,259.8076211353316,150.0
46889,,30.0,1064982,150.0,0.49227368668749216,0.4905333787883338,0.0,249.21362584594814,150.0
46889,,30.0,696536,150.0,0.5574691341531863,0.10450285613913171,0.0,259.8076211353316,150.0
46889,,30.0,781878,150.0,0.14184575719575188,0.4430946173383908,0.0,223.23121365837764,150.0
46889,,30.0,361917,150.0,0.1633732562206351,0.2993598225113642,0.0,223.32061541604833,150.0
46889,,30.0,807137,150.0,0.0,0.07620471787342735,0.6694915254237288,259.8076211353316,150.0
46889,,30.0,1001394,150.0,0.5834933206246387,0.161789595059193,0.0,259.8076211353316,150.0
46889,,45.0,565995,150.0,0.0,0.4087700837200233,0.0,259.8076211353316,150.0
46889,,45.0,751490,150.0,0.0,0.3438650017482693,0.0,259.8076211353316,150.0
46889,,45.0,890496,150.0,0.6662941191953499,0.49105360287027144,0.0,259.8076211353316,150.0
46889,,45.0,891486,150.0,0.014444637500180567,0.43172775761878873,0.2796610169491525,259.8076211353316,150.0
46889,,45.0,997794,150.0,0.0,0.2822180796849637,0.45132743362831856,259.8076211353316,150.0
46889,,45.0,1057411,150.0,0.9959672274941319,0.1736007658039919,0.0,259.8076211353316,150.0
46889,,45.0,854232,150.0,0.0,0.2803676186088026,0.46956521739130436,238.06080151401926,150.0
46889,,45.0,1069224,150.0,0.005768532259697147,0.6329694018184338,0.0,227.16327752519678,150.0
46889,,45.0,1080536,150.0,0.31548251762568524,0.11396841183009421,0.0,239.9516253410749,150.0
46889,,45.0,260577,150.0,0.2948205283555879,0.09014943377256543,0.0,259.8076211353316,150.0
47315,,0.0,877605,150.0,0.9380336827367215,0.4307674400131408,0.0,259.8076211353316,150.0
47315,,0.0,357520,150.0,1.1916260264934002,0.1711410150776092,0.9658119658119658,259.8076211353316,150.0
47315,,0.0,1034055,150.0,1.1611666393640867,0.14902905156102145,0.8620689655172413,243.8323327193871,150.0
47315,,0.0,179887,150.0,1.1287023903494153,0.14778693944830465,0.9316239316239316,259.8076211353316,150.0
47315,,0.0,1027144,150.0,0.9522552769292886,0.06515218862286594,0.0,259.8076211353316,150.0
47315,,0.0,907459,150.0,1.1486268305421188,0.1952095794555551,0.8991596638655462,259.8076211353316,150.0
47315,,0.0,306322,150.0,0.9477768296639905,0.17347421282544956,0.0,259.8076211353316,150.0
47315,,0.0,831878,150.0,0.920022471598607,0.11489922924042677,0.0,259.8076211353316,150.0
47315,,0.0,686016,150.0,0.9582263318356591,0.03895141504875463,0.0,259.8076211353316,150.0
47315,,0.0,583899,150.0,1.2328560145566212,0.19055450614202968,0.7946428571428571,259.8076211353316,150.0
47315,,5.0,942529,150.0,0.9807142407607415,0.23582311909611384,0.0,259.8076211353316,150.0
47315,,5.0,564649,150.0,1.061633395684207,0.30569775208617966,0.0,259.8076211353316,150.0
47315,,5.0,1017066,150.0,1.6,0.3330289698978581,0.853448275862069,259.8076211353316,150.0
47315,,5.0,129831,150.0,1.352205331683056,0.2896053173731754,0.6120689655172413,259.8076211353316,150.0
47315,,5.0,852999,150.0,0.5366258546202796,0.17682729085789733,0.1415929203539823,259.8076211353316,150.0
47315,,5.0,418822,150.0,0.05582588524696487,0.11349893858131162,0.8974358974358975,227.17776636781502,150.0
47315,,5.0,204243,150.0,1.253929651843167,0.1905290077631745,0.9122807017543859,259.8076211353316,150.0
47315,,5.0,635008,150.0,0.04234742984730722,0.21659145737481197,0.8376068376068376,225.0639995117407,150.0
47315,,5.0,440098,150.0,0.9705593589767022,0.33184909675912927,0.0,259.8076211353316,150.0
47315,,5.0,554527,150.0,0.01648577996684381,0.15208461646962304,0.9145299145299145,213.96485377558142,150.0
47315,,10.0,780995,150.0,1.040795204016467,0.17803113274342422,0.0,259.8076211353316,150.0
47315,,10.0,133548,150.0,0.15147345530945777,0.10580957917614395,0.7567567567567568,219.3948870872452,150.0
47315,,10.0,137572,150.0,0.058770996473705386,0.11185502204443787,0.8728813559322034,218.53258235071831,150.0
47315,,10.0,402242,150.0,1.000175760354844,0.2357378186244147,0.0,259.8076211353316,150.0
47315,,10.0,130340,150.0,0.8594205245469597,0.3074479437971754,0.0,259.8076211353316,150.0
47315,,10.0,672159,150.0,0.0,0.04453960867633908,0.9732142857142857,226.31506929490763,150.0
47315,,10.0,290077,150.0,0.752615103864879,0.052039433716106274,0.0,257.91095579638557,150.0
47315,,10.0,445428,150.0,1.3720398085190737,0.20994822520140372,0.9823008849557522,259.8076211353316,150.0
47315,,10.0,705812,150.0,0.5280774287264858,0.1478833429227193,0.26126126126126126,259.8076211353316,150.0
47315,,10.0,639751,150.0,0.0,0.06657537908797205,0.9727272727272728,245.94466031744653,150.0
47315,,15.0,376843,150.0,0.5882730169210572,0.5088174689368287,0.0,259.8076211353316,150.0
47315,,15.0,614033,150.0,0.9635834811160493,0.1318236762540543,0.8947368421052632,259.8076211353316,150.0
47315,,15.0,414140,150.0,0.0,0.1664143717102457,0.8888888888888888,224.9417968994568,150.0
47315,,15.0,783591,150.0,1.1245013638317536,0.19086468838126336,0.0,259.8076211353316,150.0
47315,,15.0,663362,150.0,0.040514646165917746,0.020038072247701554,0.896551724137931,212.428449324592,150.0
47315,,15.0,1076271,150.0,0.0,0.4042049413166855,0.7027027027027027,259.8076211353316,150.0
47315,,15.0,824971,150.0,1.0535630658638109,0.5265047028410538,0.0,259.8076211353316,150.0
47315,,15.0,661336,150.0,1.2542236359022758,0.2870975696569031,0.0,259.8076211353316,150.0
47315,,15.0,992703,150.0,0.9487122269606459,0.2917868909722486,0.8018018018018018,259.8076211353316,150.0
47315,,15.0,930647,150.0,1.1273027572164371,0.1892300627739465,0.0,259.8076211353316,150.0
47315,,20.0,611978,150.0,0.3573036828501969,0.6564526870030467,0.0,259.8076211353316,150.0
47315,,20.0,135915,150.0,1.3726917021346587,0.29688871959901875,0.0,259.8076211353316,150.0
47315,,20.0,478683,150.0,0.6047035352683389,0.2548027116779673,0.29411764705882354,259.8076211353316,150.0
47315,,20.0,267677,150.0,0.31864212760300237,0.04288838409611644,0.7117117117117117,221.27581346283486,150.0
47315,,20.0,605224,150.0,0.022947000275987492,0.016408196494061757,0.923728813559322,212.28888931104953,150.0
47315,,20.0,949476,150.0,0.7844945556061819,0.11628299365328357,0.2972972972972973,259.8076211353316,150.0
47315,,20.0,151943,150.0,0.03259214762099099,0.10327991801380663,0.923728813559322,259.8076211353316,150.0
47315,,20.0,755453,150.0,0.056329611859799456,0.09907526656404755,0.9243697478991597,253.31999727191342,150.0
47315,,20.0,536433,150.0,1.2944243684603858,0.14982820894547638,0.8636363636363636,259.8076211353316,150.0
47315,,20.0,795444,150.0,0.014697548321928957,0.2062394800894923,0.8608695652173913,259.8076211353316,150.0
47315,,30.0,822524,150.0,1.6,0.243134001665385,0.7747747747747747,259.8076211353316,150.0
47315,,30.0,370205,150.0,0.14712199077919713,0.3161291971849836,0.5630252100840336,259.8076211353316,150.0
47315,,30.0,324122,150.0,0.0,0.02094800211864408,0.8448275862068966,212.53833981935816,150.0
47315,,30.0,472280,150.0,0.0,0.417434748727885,0.5272727272727272,242.34930383028092,150.0
47315,,30.0,165080,150.0,0.4253998017193542,0.21459358129477282,0.0,234.03062981595613,150.0
47315,,30.0,173319,150.0,0.7263183614267277,0.662434839758297,0.0,259.8076211353316,150.0
47315,,30.0,789407,150.0,0.006783169887811324,0.27022885102290245,0.9478260869565217,216.95807528045268,150.0
47315,,30.0,108880,150.0,0.1261432421567742,0.4520367280762817,0.7699115044247787,259.8076211353316,150.0
47315,,30.0,383618,150.0,0.0,0.29958937771241984,0.8103448275862069,259.8076211353316,150.0
47315,,30.0,304810,150.0,0.5375886275488204,0.20651619383958028,0.9745762711864406,228.32745873432975,150.0
47315,,45.0,1060863,150.0,0.842595997175566,1.0826850009797386,0.0,259.8076211353316,150.0
47315,,45.0,137796,150.0,1.088484085494158,0.35938245370048605,0.6666666666666666,259.8076211353316,150.0
47315,,45.0,628588,150.0,0.34726993809555456,0.5443991741442564,0.0,259.8076211353316,150.0
47315,,45.0,508026,150.0,0.0,0.02153849497216262,0.9642857142857143,212.46482448302874,150.0
47315,,45.0,840820,150.0,1.4152488031507278,0.24308247875541178,0.9545454545454546,223.18135196916745,150.0
47315,,45.0,531494,150.0,0.6637618994004978,0.5872480830671423,0.2072072072072072,259.8076211353316,150.0
47315,,45.0,499899,150.0,0.1842071215088384,0.758135576807052,0.14414414414414414,259.8076211353316,150.0
47315,,45.0,849895,150.0,0.6790954207700773,0.21407461193128938,0.9322033898305084,259.8076211353316,150.0
47315,,45.0,756912,150.0,0.7360990021492058,1.0287228726848836,0.0,259.8076211353316,150.0
47315,,45.0,954191,150.0,0.0,0.6285281587223069,0.0,259.8076211353316,150.0
48271,,0.0,459337,150.0,0.917733461640176,0.21937755907306056,0.0,259.8076211353316,150.0
48271,,0.0,910740,150.0,1.0458965041495816,0.17269347820523848,0.0,259.8076211353316,150.0
48271,,0.0,414892,150.0,0.07650729783744814,0.17193882185587828,0.05309734513274336,259.8076211353316,150.0
48271,,0.0,242597,150.0,1.0173217467163367,0.14691283099751112,0.0,259.8076211353316,150.0
48271,,0.0,421225,150.0,1.3929438094194695,0.38001886276662517,0.0,259.8076211353316,150.0
48271,,0.0,861354,150.0,0.922585720790868,0.12107963360113896,0.0,259.8076211353316,150.0
48271,,0.0,486349,150.0,0.9173767145391811,0.3106610384713144,0.0,259.8076211353316,150.0
48271,,0.0,910223,150.0,0.8180077147215674,0.24882012376292267,0.0,259.8076211353316,150.0
48271,,0.0,1072277,150.0,1.0387093596685595,0.18831354713185725,0.0,259.8076211353316,150.0
48271,,0.0,344947,150.0,0.955841199180971,0.23802174138588314,0.0,259.8076211353316,150.0
48271,,5.0,145290,150.0,0.9835144374500927,0.12986954550284288,0.0,259.8076211353316,150.0
48271,,5.0,125370,150.0,0.9351186226324829,0.2890837070865307,0.0,259.8076211353316,150.0
48271,,5.0,658926,150.0,1.0483995080291861,0.15483495160750432,0.0,259.8076211353316,150.0
48271,,5.0,109253,150.0,0.9611813646692274,0.2702610600519119,0.0,259.8076211353316,150.0
48271,,5.0,234390,150.0,1.007774869692192,0.1374306909245917,0.0,223.2923376326862,150.0
48271,,5.0,701290,150.0,1.0876128449265283,0.16690772122346548,0.0,259.8076211353316,150.0
48271,,5.0,805524,150.0,1.0788973314981916,0.1710588155349187,0.0,259.8076211353316,150.0
48271,,5.0,462055,150.0,0.9984357277313444,0.133227327878874,0.0,259.8076211353316,150.0
48271,,5.0,631899,150.0,1.0048843288409275,0.1599055268967555,0.0,259.8076211353316,150.0
48271,,5.0,157145,150.0,0.9947150980011173,0.15512763105406682,0.008620689655172414,259.8076211353316,150.0
48271,,10.0,551571,150.0,1.0168487283084546,0.24381173739663092,0.0,259.8076211353316,150.0
48271,,10.0,96325,150.0,1.0110707232774814,0.15120320405673374,0.0,225.34289209064,150.0
48271,,10.0,575396,150.0,0.764614860539864,0.19522802987455287,0.0,259.8076211353316,150.0
48271,,10.0,144503,150.0,0.1350644784079558,0.2101951947039105,0.6016949152542372,259.8076211353316,150.0
48271,,10.0,270405,150.0,0.9903853135440156,0.17608139696814007,0.0,259.8076211353316,150.0
48271,,10.0,1068392,150.0,0.2834378352009615,0.14631006943851904,0.4661016949152542,259.8076211353316,150.0
48271,,10.0,116263,150.0,0.94358256674915,0.35118426001921826,0.0,259.8076211353316,150.0
48271,,10.0,689692,150.0,0.9233655133166814,0.13220595559055714,0.0,259.8076211353316,150.0
48271,,10.0,1049064,150.0,0.1157800759854718,0.21442869070830986,0.5431034482758621,259.8076211353316,150.0
48271,,10.0,373678,150.0,1.4629226808436413,0.3152016684355441,0.0,259.8076211353316,150.0
48271,,15.0,489807,150.0,1.1574232482315858,0.11626967833330074,0.0,259.8076211353316,150.0
48271,,15.0,156800,150.0,1.223044881664064,0.1841352222183824,0.0,259.8076211353316,150.0
48271,,15.0,448930,150.0,1.1182662615169243,0.29697878732618777,0.0,259.8076211353316,150.0
48271,,15.0,1011187,150.0,0.3576112461876452,0.15888273201942596,0.5135135135135135,259.8076211353316,150.0
48271,,15.0,542171,150.0,1.1390821859148639,0.13850265252471114,0.8363636363636363,259.8076211353316,150.0
48271,,15.0,873800,150.0,0.9450759142340467,0.2293327996369501,0.0,259.8076211353316,150.0
48271,,15.0,147299,150.0,1.1353606926001858,0.09235785249940735,0.0,259.8076211353316,150.0
48271,,15.0,607985,150.0,0.9325940717729034,0.1829458533414052,0.0,259.8076211353316,150.0
48271,,15.0,460769,150.0,0.0,0.17042564094021703,0.36936936936936937,259.8076211353316,150.0
48271,,15.0,654833,150.0,0.3786658058654421,0.161294548609002,0.07627118644067797,234.41732713098708,150.0
48271,,20.0,463092,150.0,0.9947912005141629,0.34204509103152103,0.0,259.8076211353316,150.0
48271,,20.0,1055658,150.0,0.8321746471651738,0.3367098220243242,0.0,259.8076211353316,150.0
48271,,20.0,293632,150.0,0.004272753095017322,0.19348457000503155,0.3482142857142857,259.8076211353316,150.0
48271,,20.0,120773,150.0,0.07324750097267718,0.16244290423514274,0.808695652173913,259.8076211353316,150.0
48271,,20.0,1004298,150.0,1.0816754349651654,0.2911714861200938,0.0,259.8076211353316,150.0
48271,,20.0,1058231,150.0,1.1088185013300949,0.31724993704107746,0.0,259.8076211353316,150.0
48271,,20.0,1081323,150.0,0.7232347731260189,0.30567357778723364,0.0,259.8076211353316,150.0
48271,,20.0,223280,150.0,0.8549360777043742,0.300161783306135,0.1391304347826087,259.8076211353316,150.0
48271,,20.0,674556,150.0,1.1355283259530853,0.1727439867412263,0.0,259.8076211353316,150.0
48271,,20.0,435396,150.0,0.6656314435156164,0.29765718821961495,0.009009009009009009,259.8076211353316,150.0
48271,,30.0,427827,150.0,1.071906265218416,0.3719690492520023,0.009009009009009009,259.8076211353316,150.0
48271,,30.0,963505,150.0,0.9622292728599879,0.43346011117360084,0.0,259.8076211353316,150.0
48271,,30.0,773498,150.0,0.06421857890538062,0.37723247370998375,0.1504424778761062,259.8076211353316,150.0
48271,,30.0,875088,150.0,1.1692127792006888,0.4334032028884429,0.0,259.8076211353316,150.0
48271,,30.0,943702,150.0,1.1423629047201458,0.680131303156584,0.0,259.8076211353316,150.0
48271,,30.0,407265,150.0,1.5016459185401405,0.4241998538201895,0.0,259.8076211353316,150.0
48271,,30.0,374796,150.0,0.9396033486649894,0.3828236716008627,0.0,259.8076211353316,150.0
48271,,30.0,792634,150.0,0.5782193063766049,0.24595534103489003,0.0,259.8076211353316,150.0
48271,,30.0,920368,150.0,0.9959761663641292,0.34424410057277977,0.0,259.8076211353316,150.0
48271,,30.0,432158,150.0,0.9242444181834247,0.37523071852855916,0.0,259.8076211353316,150.0
48271,,45.0,204611,150.0,0.6376351038654331,0.4892589148110788,0.0,259.8076211353316,150.0
48271,,45.0,163362,150.0,0.5352242170341347,0.542239442814064,0.0,259.8076211353316,150.0
48271,,45.0,812198,150.0,0.0,0.19613417293741936,0.8898305084745762,259.8076211353316,150.0
48271,,45.0,238198,150.0,0.7729370790542347,0.32049850282263265,0.0,259.8076211353316,150.0
48271,,45.0,147137,150.0,0.7381050925505294,0.5124989855039156,0.0,259.8076211353316,150.0
48271,,45.0,963913,150.0,0.7082162188163965,0.4816768914473512,0.0,259.8076211353316,150.0
48271,,45.0,413008,150.0,0.7723118041692668,0.4805679809981224,0.0,259.8076211353316,150.0
48271,,45.0,245417,150.0,0.6928535619687228,0.35667439464062534,0.0,259.8076211353316,150.0
48271,,45.0,513523,150.0,1.423539881221842,0.2694034864015729,0.0,259.8076211353316,150.0
48271,,45.0,582894,150.0,0.6092829383018991,0.3332170094474544,0.46153846153846156,259.8076211353316,150.0
7119,,0.0,909130,150.0,1.015135200989833,0.03931434234956159,0.0,258.7729575461077,150.0
7119,,0.0,1064933,150.0,1.0206491032829994,0.011689999484649842,0.0,258.8811371892414,150.0
7119,,0.0,914538,150.0,1.0372212153827187,0.10426978009488934,0.0,259.8076211353316,150.0
7119,,0.0,139599,150.0,1.0171602212015385,0.013471643207831037,0.0,259.8076211353316,150.0
7119,,0.0,833674,150.0,1.0154998671219748,0.025320015313495977,0.0,259.8076211353316,150.0
7119,,0.0,662570,150.0,1.0157236057029502,0.009710353713520088,0.0,259.8076211353316,150.0
7119,,0.0,1024527,150.0,1.01898321750944,0.021661576169791728,0.0,258.03233975808314,150.0
7119,,0.0,1010307,150.0,1.0122505387266125,0.013663143831725521,0.0,259.0759328327344,150.0
7119,,0.0,866735,150.0,1.016436366660333,0.008012315396692855,0.0,257.0696689495718,150.0
7119,,0.0,575425,150.0,1.0121244237486329,0.018270124368013216,0.0,259.8076211353316,150.0
7119,,5.0,193288,150.0,1.0018247039459773,0.09487110296559688,0.0,259.8076211353316,150.0
7119,,5.0,963135,150.0,1.0482460662138409,0.15336414188692596,0.0,259.8076211353316,150.0
7119,,5.0,157303,150.0,1.0111541398404027,0.07929933376512194,0.0,259.8076211353316,150.0
7119,,5.0,1089463,150.0,0.9578188776141343,0.13189599611582112,0.0,259.8076211353316,150.0
7119,,5.0,850100,150.0,0.9729489896332916,0.036836044709277246,0.0,259.4940257719538,150.0
7119,,5.0,190489,150.0,0.0,2.837884275430599e-06,0.990990990990991,8.831324176428115,150.0
7119,,5.0,472227,150.0,0.9853249498803436,0.023634884596325,0.0,259.8076211353316,150.0
7119,,5.0,782053,150.0,0.9473395699026502,0.14140775018480095,0.0,259.8076211353316,150.0
7119,,5.0,462994,150.0,1.0296969552636226,0.07807825090347327,0.0,259.8076211353316,150.0
7119,,5.0,889362,150.0,1.0391707562169863,0.09371899263614897,0.0,259.8076211353316,150.0
7119,,10.0,885125,150.0,0.9385482166943133,0.063935782417781,0.0,259.8076211353316,150.0
7119,,10.0,313924,150.0,0.9398584129470674,0.09697579954014014,0.0,259.8076211353316,150.0
7119,,10.0,1062873,150.0,1.0810289820485512,0.08039918412751335,0.0,259.8076211353316,150.0
7119,,10.0,792434,150.0,1.0681991193400808,0.2229776674654933,0.0,259.8076211353316,150.0
7119,,10.0,630444,150.0,0.2731919866643546,0.05343386736558109,0.6454545454545455,233.6410322272272,150.0
7119,,10.0,851132,150.0,1.0424721393103091,0.1914559924626514,0.0,259.8076211353316,150.0
7119,,10.0,426128,150.0,0.4649711912740169,0.08547608928902187,0.4642857142857143,231.284523595523,150.0
7119,,10.0,277153,150.0,1.0155519826619044,0.145696021279636,0.0,259.8076211353316,150.0
7119,,10.0,388606,150.0,1.081381312720691,0.12927692653263181,0.0,259.8076211353316,150.0
7119,,10.0,294080,150.0,0.6937459167284379,0.16532384175400455,0.20909090909090908,245.76582881279887,150.0
7119,,15.0,583819,150.0,1.0086785190909204,0.1856442943014523,0.0,259.8076211353316,150.0
7119,,15.0,1010364,150.0,1.0898302555624573,0.22906290488562575,0.0,259.8076211353316,150.0
7119,,15.0,706168,150.0,1.0101736856699983,0.2619237530510676,0.0,259.8076211353316,150.0
7119,,15.0,612531,150.0,0.9726427251928415,0.34579407577064236,0.0,259.8076211353316,150.0
7119,,15.0,861643,150.0,1.0805407908685756,0.24230183078460713,0.0,259.8076211353316,150.0
7119,,15.0,326609,150.0,1.0861351721886705,0.0649725391431471,0.0,259.8076211353316,150.0
7119,,15.0,196859,150.0,0.9282061657508648,0.1565243896195981,0.0,259.8076211353316,150.0
7119,,15.0,498043,150.0,0.4727457059152426,0.12432215328931855,0.08108108108108109,257.3520735087152,150.0
7119,,15.0,543816,150.0,0.17802058221914815,0.042209155276754284,0.7589285714285714,151.80684380569906,150.0
7119,,15.0,750676,150.0,0.917999283045805,0.0659345217871148,0.0,245.64123667657674,150.0
7119,,20.0,1058165,150.0,0.6785991926880244,0.17934934736769606,0.12612612612612611,227.4038361406099,150.0
7119,,20.0,756137,150.0,0.8533913901277451,0.059658574956834805,0.0,259.8076211353316,150.0
7119,,20.0,769874,150.0,0.8836412573177114,0.22638780352370308,0.0,259.8076211353316,150.0
7119,,20.0,614324,150.0,1.1271194085183052,0.2342364976852402,0.0,259.8076211353316,150.0
7119,,20.0,314287,150.0,1.1416299740233844,0.38489842254944817,0.0,259.8076211353316,150.0
7119,,20.0,668590,150.0,1.1169867624964454,0.15573245532399296,0.0,259.8076211353316,150.0
7119,,20.0,122667,150.0,1.105084031062745,0.3559311299409948,0.0,259.8076211353316,150.0
7119,,20.0,208778,150.0,1.1085284620465528,0.41466164377110115,0.0,259.8076211353316,150.0
7119,,20.0,336408,150.0,0.0793012147235043,0.23694109004376737,0.5225225225225225,233.78942390335536,150.0
7119,,20.0,737257,150.0,0.877771967461782,0.31958319522380907,0.0,259.8076211353316,150.0
7119,,30.0,140442,150.0,1.193054898571241,0.6548562702306371,0.0,259.8076211353316,150.0
7119,,30.0,218462,150.0,1.1461793862811946,0.6198044910443434,0.0,259.8076211353316,150.0
7119,,30.0,336211,150.0,0.9497667563499178,0.47566382412107155,0.0,259.8076211353316,150.0
7119,,30.0,589139,150.0,0.8310996126139124,0.6127779283608131,0.0,259.8076211353316,150.0
7119,,30.0,742069,150.0,1.1529353172576988,0.22521507428188667,0.0,259.8076211353316,150.0
7119,,30.0,636333,150.0,1.1627499191894015,0.2545875402541588,0.0,259.8076211353316,150.0
7119,,30.0,530532,150.0,0.5086595002122601,0.47662634157604933,0.0,259.8076211353316,150.0
7119,,30.0,335641,150.0,0.643923825558696,0.17062069906576602,0.4690265486725664,231.34102362593984,150.0
7119,,30.0,1057538,150.0,1.177772316496337,0.30629970714799476,0.0,259.8076211353316,150.0
7119,,30.0,452080,150.0,0.06461229893060398,0.04772934039766352,0.8636363636363636,232.52306311511114,150.0
7119,,45.0,751025,150.0,1.2369289452583736,0.8484512352655134,0.0,259.8076211353316,150.0
7119,,45.0,724114,150.0,0.0,0.045942259474875013,0.9557522123893806,241.3544836831932,150.0
7119,,45.0,532708,150.0,0.4812282632923426,0.18691997439587685,0.0,259.8076211353316,150.0
7119,,45.0,1086620,150.0,0.7807187195677685,0.8104266235742708,0.0,255.33028560296165,150.0
7119,,45.0,676226,150.0,1.008599112112253,0.21868953640617972,0.0,255.57991791884635,150.0
7119,,45.0,641812,150.0,0.27488194768574326,0.839260236255556,0.0,256.1189986449842,150.0
7119,,45.0,559027,150.0,1.2069057145294524,0.4917296612615029,0.0,259.8076211353316,150.0
7119,,45.0,937437,150.0,1.197762452358142,0.49455431131570177,0.0,259.8076211353316,150.0
7119,,45.0,588019,150.0,1.210969425919354,0.813473557996574,0.0,259.8076211353316,150.0
7119,,45.0,735415,150.0,0.0,0.4213350802358964,0.38738738738738737,226.8744191442091,150.0
41004,,0.0,753193,150.0,1.5014294273541668,0.19798165768569134,0.0,259.8076211353316,150.0
41004,,0.0,367146,150.0,1.2350466870185615,0.06299085459875135,0.0,259.8076211353316,150.0
41004,,0.0,406179,150.0,1.3824642943255452,0.1417968812625746,0.0,259.8076211353316,150.0
41004,,0.0,801331,150.0,1.5140486874676995,0.20392875446378178,0.0,259.8076211353316,150.0
41004,,0.0,1076385,150.0,0.9468269393879355,0.11697807092548618,0.0,259.8076211353316,150.0
41004,,0.0,922058,150.0,1.0533895166385885,0.038623185250161396,0.0,259.8076211353316,150.0
41004,,0.0,844281,150.0,1.074938150125993,0.04472283167835847,0.0,259.8076211353316,150.0
41004,,0.0,1083504,150.0,0.9117249172563875,0.06086996941546483,0.0,259.8076211353316,150.0
41004,,0.0,692217,150.0,0.9631344924171279,0.15643227080929076,0.008928571428571428,259.8076211353316,150.0
41004,,0.0,868559,150.0,0.8112876801305346,0.21912776216771082,0.0,259.8076211353316,150.0
41004,,5.0,423334,150.0,0.7866608347795194,0.19330699594774597,0.0,259.8076211353316,150.0
41004,,5.0,517863,150.0,1.0638590885900872,0.07981942800192515,0.0,259.8076211353316,150.0
41004,,5.0,809308,150.0,1.1308672297746711,0.036130472367706265,0.0,259.8076211353316,150.0
41004,,5.0,299779,150.0,1.1689776075878988,0.04929463866964262,0.0,259.8076211353316,150.0
41004,,5.0,657166,150.0,0.23827935092471605,0.2463667980979732,0.15966386554621848,259.8076211353316,150.0
41004,,5.0,365139,150.0,1.5036838545120101,0.1121104783471138,0.0,259.8076211353316,150.0
41004,,5.0,143816,150.0,1.2562549487932533,0.15849959450744275,0.0,259.8076211353316,150.0
41004,,5.0,400777,150.0,1.1861146708938963,0.0527667754823836,0.0,259.8076211353316,150.0
41004,,5.0,548966,150.0,1.523876099770481,0.13698065804549311,0.0,259.8076211353316,150.0
41004,,5.0,741227,150.0,1.2067122484575092,0.025595542042963142,0.0,259.8076211353316,150.0
41004,,10.0,646512,150.0,1.0329841159701874,0.032209748090659046,0.0,259.8076211353316,150.0
41004,,10.0,531926,150.0,1.1565878052924141,0.11073048381990533,0.0,259.8076211353316,150.0
41004,,10.0,437228,150.0,1.2555711070232976,0.0689554362033914,0.0,259.8076211353316,150.0
41004,,10.0,887437,150.0,0.0,0.21116610847475026,0.02608695652173913,259.8076211353316,150.0
41004,,10.0,528143,150.0,1.029413175037396,0.09768833266746124,0.0,259.8076211353316,150.0
41004,,10.0,904169,150.0,1.5471224461014683,0.12773465237450612,0.0,259.8076211353316,150.0
41004,,10.0,524721,150.0,1.0658717478732458,0.12084328991666068,0.0,259.8076211353316,150.0
41004,,10.0,738695,150.0,1.2749038445456313,0.13588149486944992,0.0,259.8076211353316,150.0
41004,,10.0,263990,150.0,0.849875351021204,0.0668642636944249,0.0,259.8076211353316,150.0
41004,,10.0,964213,150.0,1.5461241578095086,0.20193235643729002,0.0,259.8076211353316,150.0
41004,,15.0,923648,150.0,1.5321736949904337,0.10027974819890596,0.0,259.8076211353316,150.0
41004,,15.0,512053,150.0,1.0699650143465205,0.04926851834733971,0.0,259.8076211353316,150.0
41004,,15.0,541630,150.0,0.8801628557004446,0.04597922879367179,0.0,259.8076211353316,150.0
41004,,15.0,769086,150.0,1.2709437076280767,0.050507361543326475,0.0,259.8076211353316,150.0
41004,,15.0,430653,150.0,1.2351620397403102,0.0944373345946847,0.0,259.8076211353316,150.0
41004,,15.0,267312,150.0,1.0811851229466531,0.20864260706197013,0.0,259.8076211353316,150.0
41004,,15.0,743260,150.0,1.2927985812221718,0.16660072739099377,0.0,259.8076211353316,150.0
41004,,15.0,878225,150.0,1.364869000378416,0.19066849318233797,0.0,259.8076211353316,150.0
41004,,15.0,815784,150.0,0.0457078564708545,0.05711103025267544,0.5126050420168067,259.8076211353316,150.0
41004,,15.0,659696,150.0,0.0,0.30627626994495344,0.5663716814159292,259.8076211353316,150.0
41004,,20.0,182909,150.0,1.4349797089483258,0.13593504166598466,0.0,259.8076211353316,150.0
41004,,20.0,1085035,150.0,1.3525214926874538,0.1833627826155124,0.0,259.8076211353316,150.0
41004,,20.0,608940,150.0,0.9724131420502489,0.1924617666287774,0.0,259.8076211353316,150.0
41004,,20.0,134460,150.0,0.29517196997918854,0.15073533352993548,0.0,259.8076211353316,150.0
41004,,20.0,787333,150.0,1.5295431474089158,0.2820844574948547,0.0,259.8076211353316,150.0
41004,,20.0,777356,150.0,0.6784584879930322,0.21316388515834803,0.0,259.8076211353316,150.0
41004,,20.0,462743,150.0,0.8809139023141278,0.10362307002110872,0.0,259.8076211353316,150.0
41004,,20.0,704768,150.0,1.522362020461896,0.1664781509328642,0.0,259.8076211353316,150.0
41004,,20.0,422779,150.0,0.0,0.1485602592088324,0.28695652173913044,259.8076211353316,150.0
41004,,20.0,112718,150.0,0.8634119539761103,0.038793202849715866,0.0,259.8076211353316,150.0
41004,,30.0,491017,150.0,1.1675283446649238,0.12690564349772346,0.0,259.8076211353316,150.0
41004,,30.0,527294,150.0,0.603851061253377,0.06534403044330443,0.0,259.8076211353316,150.0
41004,,30.0,620249,150.0,1.2158465148665143,0.10242175529478299,0.0,259.8076211353316,150.0
41004,,30.0,455041,150.0,0.981743140227135,0.11535593401018729,0.0,259.8076211353316,150.0
41004,,30.0,1035564,150.0,0.14710355548856813,0.19511143899429226,0.0,259.8076211353316,150.0
41004,,30.0,563204,150.0,0.05871115956130552,0.18201024766216994,0.0,259.8076211353316,150.0
41004,,30.0,688720,150.0,0.7007723625526321,0.17422377895941654,0.0,259.8076211353316,150.0
41004,,30.0,482971,150.0,0.8730988260440652,0.1459883104405656,0.0,259.8076211353316,150.0
41004,,30.0,1044879,150.0,0.6958315830844176,0.18870636745649538,0.0,259.8076211353316,150.0
41004,,30.0,151748,150.0,1.092287845052415,0.11432928580637158,0.0,259.8076211353316,150.0
41004,,45.0,546071,150.0,1.5072899022533561,0.16881369691200593,0.0,259.8076211353316,150.0
41004,,45.0,685935,150.0,1.5341469662822556,0.13277866372045666,0.0,259.8076211353316,150.0
41004,,45.0,594738,150.0,1.0914345603228994,0.2442654465387697,0.0,259.8076211353316,150.0
41004,,45.0,241857,150.0,1.463875243226371,0.197611337750596,0.0,259.8076211353316,150.0
41004,,45.0,1026715,150.0,0.31279786899887463,0.10357869675266916,0.0,259.8076211353316,150.0
41004,,45.0,947944,150.0,0.6091619222141224,0.08593303591285659,0.0,259.8076211353316,150.0
41004,,45.0,658192,150.0,0.5383992934467596,0.11498116489103677,0.0,259.8076211353316,150.0
41004,,45.0,234774,150.0,0.0,0.2767977125264153,0.0,259.8076211353316,150.0
41004,,45.0,130031,150.0,0.567354875146709,0.0991060482154084,0.0,259.8076211353316,150.0
41004,,45.0,776300,150.0,0.9754650005568594,0.10255740132984258,0.0,259.8076211353316,150.0
46889,,0.0,726958,200.0,0.988926711813032,0.07167165718078768,0.0,346.41016151377545,200.0
46889,,0.0,1075621,200.0,0.9604548260317423,0.020275975540689977,0.0,346.41016151377545,200.0
46889,,0.0,587108,200.0,0.96264240407573,0.018097572157315753,0.0,346.41016151377545,200.0
46889,,0.0,507375,200.0,1.0086348178583935,0.07298405119207399,0.0,346.41016151377545,200.0
46889,,0.0,257132,200.0,1.0001373588800198,0.07026806131451638,0.0,346.41016151377545,200.0
46889,,0.0,292274,200.0,0.9612579427038251,0.01880734416654162,0.0,346.41016151377545,200.0
46889,,0.0,830820,200.0,1.0054806594335188,0.06910215563316777,0.0,346.41016151377545,200.0
46889,,0.0,850688,200.0,1.0000930052832717,0.07405280460076627,0.0,346.41016151377545,200.0
46889,,0.0,126293,200.0,0.9757130440922036,0.07198083377516572,0.0,346.41016151377545,200.0
46889,,0.0,278920,200.0,0.9986041792987568,0.0712200022182029,0.0,346.41016151377545,200.0
46889,,5.0,630894,200.0,1.0606553683682798,0.09776442879227246,0.0,346.41016151377545,200.0
46889,,5.0,99497,200.0,1.0772003396543555,0.08797325065384265,0.0,346.41016151377545,200.0
46889,,5.0,1012947,200.0,0.9884791709466735,0.17700672998679062,0.0,346.41016151377545,200.0
46889,,5.0,632786,200.0,1.0441010878385428,0.04728997978655825,0.0,346.41016151377545,200.0
46889,,5.0,347360,200.0,0.9329258714342604,0.0569353556385684,0.0,346.41016151377545,200.0
46889,,5.0,991670,200.0,1.007354255902605,0.04643268001741869,0.0,346.41016151377545,200.0
46889,,5.0,876834,200.0,0.9358293828853372,0.05752957387592817,0.0,346.41016151377545,200.0
46889,,5.0,473067,200.0,0.9561801816420464,0.07676989362406704,0.0,346.41016151377545,200.0
46889,,5.0,798913,200.0,0.9970683346612409,0.13120067462019644,0.0,346.41016151377545,200.0
46889,,5.0,750773,200.0,1.1089153625541601,0.1225300858103302,0.0,346.41016151377545,200.0
46889,,10.0,825020,200.0,0.9225932229968205,0.1329765190639488,0.0,346.41016151377545,200.0
46889,,10.0,594317,200.0,1.0704647314923248,0.06769057136100642,0.0,346.41016151377545,200.0
46889,,10.0,315374,200.0,0.8628707191280479,0.08847479642375636,0.0,346.41016151377545,200.0
46889,,10.0,350824,200.0,0.8721601990606259,0.1133334078739517,0.0,346.41016151377545,200.0
46889,,10.0,215114,200.0,1.0908375407028807,0.04315634064970167,0.0,346.41016151377545,200.0
46889,,10.0,965214,200.0,0.9449518680601209,0.06245002772016485,0.0,342.1080687432699,200.0
46889,,10.0,581281,200.0,1.0270938737768254,0.08765509720564571,0.0,346.41016151377545,200.0
46889,,10.0,931270,200.0,0.0,0.01981001266627903,0.8907563025210085,346.41016151377545,200.0
46889,,10.0,601372,200.0,1.0637968516042597,0.22432154389773448,0.0,346.41016151377545,200.0
46889,,10.0,1052973,200.0,0.8743561911106396,0.09391556241345185,0.0,343.5990598400289,200.0
46889,,15.0,667849,200.0,1.1898921759560774,0.1370653339543927,0.0,346.41016151377545,200.0
46889,,15.0,1079544,200.0,0.5310084921447871,0.2545629809944526,0.0,346.41016151377545,200.0
46889,,15.0,153501,200.0,1.0177783971183998,0.1540522110809988,0.0,346.41016151377545,200.0
46889,,15.0,750995,200.0,0.9144394849570276,0.18785896622909212,0.008403361344537815,346.41016151377545,200.0
46889,,15.0,695054,200.0,0.8972397740000624,0.21527817131369917,0.0,346.41016151377545,200.0
46889,,15.0,544510,200.0,1.114189309764016,0.10271945189613134,0.0,346.41016151377545,200.0
46889,,15.0,799319,200.0,1.1691551432286298,0.15845304849244668,0.0,346.41016151377545,200.0
46889,,15.0,433017,200.0,1.1400377172862473,0.10585246961150964,0.0,320.6660266807431,200.0
46889,,15.0,862981,200.0,0.0017298182530551117,0.030164948859185525,0.8907563025210085,346.41016151377545,200.0
46889,,15.0,398017,200.0,0.9858932185463607,0.15773976722767877,0.0,346.41016151377545,200.0
46889,,20.0,215838,200.0,1.2339889003367674,0.1799460866104233,0.0,346.41016151377545,200.0
46889,,20.0,161264,200.0,0.39391979845687336,0.3714323941650356,0.0,318.6964567314847,200.0
46889,,20.0,367123,200.0,1.0823610262075904,0.11919185101840431,0.0,346.41016151377545,200.0
46889,,20.0,178541,200.0,0.7411116305062627,0.08937698115218798,0.0,346.41016151377545,200.0
46889,,20.0,325421,200.0,0.6278431503978109,0.07668933469405403,0.0,344.14012775702747,200.0
46889,,20.0,451473,200.0,0.4800172039646105,0.1545652307923316,0.0,332.0376431221647,200.0
46889,,20.0,793016,200.0,0.919932936230366,0.23668338184033458,0.0,346.41016151377545,200.0
46889,,20.0,572819,200.0,0.3523671117719357,0.17370190341412295,0.0,312.64587718412844,200.0
46889,,20.0,953012,200.0,1.2443690291028755,0.16400171903794586,0.0,346.41016151377545,200.0
46889,,20.0,980427,200.0,0.6822985260050508,0.06349307302202382,0.0,346.41016151377545,200.0
46889,,30.0,97232,200.0,0.23701174981181808,0.20344149022643868,0.0,333.87092834541426,200.0
46889,,30.0,586546,200.0,1.295897860787894,0.2099440131355991,0.0,346.41016151377545,200.0
46889,,30.0,125976,200.0,0.39401390564430233,0.168807437732118,0.46956521739130436,344.2641444548761,200.0
46889,,30.0,312347,200.0,0.7886673706926165,0.3417167761145537,0.08849557522123894,346.41016151377545,200.0
46889,,30.0,1064982,200.0,1.3095094291236784,0.4298168784984803,0.0,346.41016151377545,200.0
46889,,30.0,696536,200.0,0.5781296228522266,0.10245855837322347,0.0,346.41016151377545,200.0
46889,,30.0,781878,200.0,0.14706259933951618,0.45652511544804214,0.0,300.25394498628674,200.0
46889,,30.0,361917,200.0,0.16089536992944217,0.290543746897742,0.0,305.7540281659991,200.0
46889,,30.0,807137,200.0,0.6493550763302002,0.20165101949511016,0.0,346.41016151377545,200.0
46889,,30.0,1001394,200.0,0.38769000921502744,0.04028175086871475,0.35344827586206895,346.41016151377545,200.0
46889,,45.0,565995,200.0,0.0,0.43281141074994933,0.0,346.41016151377545,200.0
46889,,45.0,751490,200.0,0.0,0.31381881680399837,0.0,346.41016151377545,200.0
46889,,45.0,890496,200.0,1.1892978584896756,0.5423461976441517,0.0,346.41016151377545,200.0
46889,,45.0,891486,200.0,0.819819694831065,0.2715670769071147,0.2033898305084746,346.41016151377545,200.0
46889,,45.0,997794,200.0,0.5985852667869804,0.5372885189466223,0.0,346.41016151377545,200.0
46889,,45.0,1057411,200.0,1.0963951460924477,0.15000258355269241,0.0,346.41016151377545,200.0
46889,,45.0,854232,200.0,0.0,0.32024493799454745,0.40869565217391307,327.22811079989634,200.0
46889,,45.0,1069224,200.0,0.03651997510242953,0.6449928212676376,0.0,328.24982778606807,200.0
46889,,45.0,1080536,200.0,0.1298928920446503,0.0840735268118805,0.28695652173913044,309.61994641800436,200.0
46889,,45.0,260577,200.0,0.2582613159020292,0.09978917477350188,0.0,346.41016151377545,200.0
47315,,0.0,877605,200.0,0.9332585844378514,0.09475634417598229,0.0,346.41016151377545,200.0
47315,,0.0,357520,200.0,0.9522504050192513,0.27077855381925003,0.0,346.41016151377545,200.0
47315,,0.0,1034055,200.0,0.0,0.3144350769123814,0.3017241379310345,346.41016151377545,200.0
47315,,0.0,179887,200.0,1.0117079354447371,0.04727057188790826,0.0,346.41016151377545,200.0
47315,,0.0,1027144,200.0,0.005621550784715698,0.15493761058795888,0.9035087719298246,346.41016151377545,200.0
47315,,0.0,907459,200.0,1.1141577282292376,0.21216612097302323,0.7983193277310925,346.41016151377545,200.0
47315,,0.0,306322,200.0,1.0084303257739498,0.0462111216698042,0.0,346.41016151377545,200.0
47315,,0.0,831878,200.0,1.2440918256334423,0.1868092059121509,0.9224137931034483,346.41016151377545,200.0
47315,,0.0,686016,200.0,0.9547113000194332,0.03693856443224853,0.0,346.41016151377545,200.0
47315,,0.0,583899,200.0,0.9483067635655967,0.12053070890732945,0.0,346.41016151377545,200.0
47315,,5.0,942529,200.0,0.3408074747255453,0.18533410901418632,0.2782608695652174,346.41016151377545,200.0
47315,,5.0,564649,200.0,0.0,0.39458668952557513,0.12173913043478261,346.41016151377545,200.0
47315,,5.0,1017066,200.0,0.8392892851429675,0.17931298782977098,0.0,346.41016151377545,200.0
47315,,5.0,129831,200.0,0.7271761177304449,0.1731789557419579,0.2413793103448276,346.41016151377545,200.0
47315,,5.0,852999,200.0,1.2685639001872533,0.34823646945220665,0.6991150442477876,346.41016151377545,200.0
47315,,5.0,418822,200.0,0.9437100236049832,0.1548663737279442,0.0,346.41016151377545,200.0
47315,,5.0,204243,200.0,0.0012674314115669932,0.30013470330304426,0.09649122807017543,346.41016151377545,200.0
47315,,5.0,635008,200.0,0.17231168430897528,0.030424908601234604,0.7521367521367521,286.7648710916713,200.0
47315,,5.0,440098,200.0,0.9971762926347071,0.2832144809553871,0.0,346.41016151377545,200.0
47315,,5.0,554527,200.0,0.8407934566595332,0.11094410357845241,0.0,346.41016151377545,200.0
47315,,10.0,780995,200.0,1.048665972355261,0.22760809042120253,0.0,346.41016151377545,200.0
47315,,10.0,133548,200.0,0.0903249163012297,0.21971169995333087,0.7657657657657657,297.3957522231196,200.0
47315,,10.0,137572,200.0,0.0,0.054664070529417505,0.940677966101695,282.90333993655497,200.0
47315,,10.0,402242,200.0,1.0007118019433237,0.22961622974411217,0.0,346.41016151377545,200.0
47315,,10.0,130340,200.0,0.8191836740927926,0.516524647505883,0.0,346.41016151377545,200.0
47315,,10.0,672159,200.0,0.9670719954088566,0.2962018346121869,0.0,346.41016151377545,200.0
47315,,10.0,290077,200.0,0.7547942489007012,0.19096170609252536,0.0,346.41016151377545,200.0
47315,,10.0,445428,200.0,1.1962610948620733,0.1525385935589259,0.0,346.41016151377545,200.0
47315,,10.0,705812,200.0,1.149741129157171,0.3138448854147993,0.0,346.41016151377545,200.0
47315,,10.0,639751,200.0,1.1889268803994155,0.14640189701379147,0.9363636363636364,346.41016151377545,200.0
47315,,15.0,376843,200.0,1.6,0.28977764323695304,0.33043478260869563,334.0243180472945,200.0
47315,,15.0,614033,200.0,0.06284003369338596,0.13546031137067158,0.8596491228070176,346.41016151377545,200.0
47315,,15.0,414140,200.0,0.04438597899334715,0.20718278688213887,0.9145299145299145,284.0779406197858,200.0
47315,,15.0,783591,200.0,1.1201452117280806,0.18689437933416347,0.0,346.41016151377545,200.0
47315,,15.0,663362,200.0,0.03600142316383295,0.17407719234618632,0.8620689655172413,288.6250047006552,200.0
47315,,15.0,1076271,200.0,0.6851294695772236,0.1858480461146339,0.2972972972972973,346.41016151377545,200.0
47315,,15.0,824971,200.0,0.06383649167452332,0.025443676704231206,0.8362068965517241,284.14012511994986,200.0
47315,,15.0,661336,200.0,0.03553569812398973,0.2085084994312297,0.9145299145299145,297.56032259529906,200.0
47315,,15.0,992703,200.0,0.6842729634645577,0.3003387824284347,0.0,346.41016151377545,200.0
47315,,15.0,930647,200.0,1.1214383849891885,0.17466057282221772,0.0,346.41016151377545,200.0
47315,,20.0,611978,200.0,0.025272945652265066,0.25915491131900725,0.6403508771929824,323.95587639345763,200.0
47315,,20.0,135915,200.0,0.05353582336917311,0.1882756967710116,0.8181818181818182,346.41016151377545,200.0
47315,,20.0,478683,200.0,1.053243370818283,0.4305189259044062,0.0,346.41016151377545,200.0
47315,,20.0,267677,200.0,0.12756556501706431,0.2616987641903349,0.8558558558558559,297.8103565507849,200.0
47315,,20.0,605224,200.0,1.390976389906402,0.1498291995444305,0.0,346.41016151377545,200.0
47315,,20.0,949476,200.0,1.385728680744613,0.15841001731918408,0.963963963963964,346.41016151377545,200.0
47315,,20.0,151943,200.0,0.0033685420041799545,0.2496060282051641,0.940677966101695,346.41016151377545,200.0
47315,,20.0,755453,200.0,0.04518197269076193,0.03690306535242126,0.9159663865546218,346.41016151377545,200.0
47315,,20.0,536433,200.0,0.0,0.18880346572937493,0.8909090909090909,316.93917061916954,200.0
47315,,20.0,795444,200.0,0.07206733206543689,0.15238599696844657,0.7913043478260869,287.0675722844258,200.0
47315,,30.0,822524,200.0,1.6,0.16828714901645814,0.9459459459459459,346.41016151377545,200.0
47315,,30.0,370205,200.0,0.8230758564128332,0.7729510239353092,0.0,346.41016151377545,200.0
47315,,30.0,324122,200.0,0.003414783462915797,0.21189481499998386,0.8362068965517241,346.41016151377545,200.0
47315,,30.0,472280,200.0,1.6,0.9251880337130238,0.32727272727272727,346.41016151377545,200.0
47315,,30.0,165080,200.0,0.4247535105378167,0.20170479048454584,0.0,305.54176346452,200.0
47315,,30.0,173319,200.0,0.04591415157770955,0.34243115615728226,0.773109243697479,297.5180458181102,200.0
47315,,30.0,789407,200.0,1.6,0.0009245987762545251,0.9826086956521739,9.016405911476179,200.0
47315,,30.0,108880,200.0,0.1076038199503233,0.7342589902510938,0.5221238938053098,346.41016151377545,200.0
47315,,30.0,383618,200.0,0.1293981690222607,0.5336570455037211,0.0,346.41016151377545,200.0
47315,,30.0,304810,200.0,0.6118565825644723,0.6574127463316821,0.0,346.41016151377545,200.0
47315,,45.0,1060863,200.0,0.698874104555602,1.1528934674066749,0.0,346.41016151377545,200.0
47315,,45.0,137796,200.0,0.04974803805314227,0.4956374792824247,0.36752136752136755,302.9695765064259,200.0
47315,,45.0,628588,200.0,1.526257027776709,0.28240649503066584,0.8738738738738738,346.41016151377545,200.0
47315,,45.0,508026,200.0,0.0,1.0407251854989896,0.0,295.3480262413759,200.0
47315,,45.0,840820,200.0,0.5361438090477383,0.8293107712534938,0.0,346.41016151377545,200.0
47315,,45.0,531494,200.0,0.8896362265522001,0.7475144962888961,0.0,346.41016151377545,200.0
47315,,45.0,499899,200.0,0.9220465691733373,0.7191243469589097,0.0,346.41016151377545,200.0
47315,,45.0,849895,200.0,1.6,0.4864769012087754,0.7627118644067796,346.41016151377545,200.0
47315,,45.0,756912,200.0,0.7055278596607245,1.1232725440777083,0.0,346.41016151377545,200.0
47315,,45.0,954191,200.0,0.6200227057121009,0.4011013447538982,0.4473684210526316,346.41016151377545,200.0
48271,,0.0,459337,200.0,0.06179058662595536,0.14925502231863366,0.48214285714285715,346.41016151377545,200.0
48271,,0.0,910740,200.0,1.1792549846490439,0.16509895059497734,0.5932203389830508,346.41016151377545,200.0
48271,,0.0,414892,200.0,1.0335433565721728,0.15660888559405475,0.0,346.41016151377545,200.0
48271,,0.0,242597,200.0,0.9168933075509413,0.12226934367144905,0.0,346.41016151377545,200.0
48271,,0.0,421225,200.0,1.065099916041182,0.20326942382445154,0.0,346.41016151377545,200.0
48271,,0.0,861354,200.0,0.9097289375638666,0.17435421763137102,0.0,346.41016151377545,200.0
48271,,0.0,486349,200.0,1.1010492799855345,0.3438920041422483,0.0,346.41016151377545,200.0
48271,,0.0,910223,200.0,1.0064650049470636,0.12236730384279379,0.0,346.41016151377545,200.0
48271,,0.0,1072277,200.0,0.9231299121573152,0.14877344734032225,0.0,346.41016151377545,200.0
48271,,0.0,344947,200.0,0.006532355631146725,0.03997122320274355,0.5169491525423728,346.41016151377545,200.0
48271,,5.0,145290,200.0,0.0,0.1557066949301035,0.5042735042735043,346.41016151377545,200.0
48271,,5.0,125370,200.0,0.8752947335059337,0.14913475651987138,0.0,346.41016151377545,200.0
48271,,5.0,658926,200.0,1.1629193090115602,0.11860718465874198,0.0,346.41016151377545,200.0
48271,,5.0,109253,200.0,0.003056459879995157,0.27485774754056735,0.34234234234234234,346.41016151377545,200.0
48271,,5.0,234390,200.0,1.0238201321419673,0.14950042104910297,0.0,346.41016151377545,200.0
48271,,5.0,701290,200.0,0.9857173835514974,0.1151421490737742,0.0,346.41016151377545,200.0
48271,,5.0,805524,200.0,0.958779098928612,0.16297369850260848,0.0,346.41016151377545,200.0
48271,,5.0,462055,200.0,1.0377270625326604,0.1903740444468585,0.0,346.41016151377545,200.0
48271,,5.0,631899,200.0,1.1431060082231437,0.16050468094689896,0.7413793103448276,346.41016151377545,200.0
48271,,5.0,157145,200.0,1.072704862535647,0.1869574817038409,0.0,346.41016151377545,200.0
48271,,10.0,551571,200.0,1.1417645734780568,0.2384733000958735,0.7368421052631579,346.41016151377545,200.0
48271,,10.0,96325,200.0,1.1377195574538552,0.28673769212503536,0.0,346.41016151377545,200.0
48271,,10.0,575396,200.0,0.9449337311720105,0.1681649858769203,0.0,346.41016151377545,200.0
48271,,10.0,144503,200.0,1.1096837154814567,0.06099608789464689,0.0,346.41016151377545,200.0
48271,,10.0,270405,200.0,0.00034982701818297296,0.19534963990050963,0.5267857142857143,346.41016151377545,200.0
48271,,10.0,1068392,200.0,0.8296193084839663,0.18493114653977014,0.0,346.41016151377545,200.0
48271,,10.0,116263,200.0,0.8688301423915887,0.11695916792616863,0.0,346.41016151377545,200.0
48271,,10.0,689692,200.0,0.9248052566160442,0.1279797916783897,0.0,346.41016151377545,200.0
48271,,10.0,1049064,200.0,1.058025578046114,0.17407052475220505,0.0,346.41016151377545,200.0
48271,,10.0,373678,200.0,0.18132500541438396,0.1763411530460753,0.5932203389830508,346.41016151377545,200.0
48271,,15.0,489807,200.0,1.0714749574866058,0.07881096196979624,0.0,346.41016151377545,200.0
48271,,15.0,156800,200.0,0.9574930020433803,0.27362724277018813,0.0,346.41016151377545,200.0
48271,,15.0,448930,200.0,0.24224718586671481,0.14684263196918634,0.4336283185840708,346.41016151377545,200.0
48271,,15.0,1011187,200.0,0.0,0.1601519499052754,0.7027027027027027,346.41016151377545,200.0
48271,,15.0,542171,200.0,1.0666078085590263,0.34486329751575334,0.0,346.41016151377545,200.0
48271,,15.0,873800,200.0,0.05410075178848765,0.09537261898835153,0.5,327.5141124726151,200.0
48271,,15.0,147299,200.0,0.016481222513656597,0.2090098908390609,0.591304347826087,346.41016151377545,200.0
48271,,15.0,607985,200.0,0.9089409406696671,0.12657090911053878,0.0,346.41016151377545,200.0
48271,,15.0,460769,200.0,1.093414251434539,0.2414716898065604,0.0,346.41016151377545,200.0
48271,,15.0,654833,200.0,0.05916739240353875,0.22855035846433783,0.3644067796610169,346.41016151377545,200.0
48271,,20.0,463092,200.0,0.9151737505396976,0.24193722130394107,0.0,346.41016151377545,200.0
48271,,20.0,1055658,200.0,1.1135018967811383,0.23393778084664704,0.0,346.41016151377545,200.0
48271,,20.0,293632,200.0,0.8020402778635985,0.2002184387865982,0.0,346.41016151377545,200.0
48271,,20.0,120773,200.0,0.8516891368879724,0.14794557444456313,0.0,346.41016151377545,200.0
48271,,20.0,1004298,200.0,0.8987702449712671,0.39775492198637485,0.008849557522123894,346.41016151377545,200.0
48271,,20.0,1058231,200.0,0.6705117140586472,0.3847601773775967,0.0,346.41016151377545,200.0
48271,,20.0,1081323,200.0,0.8317401540503581,0.17159588404688486,0.0,346.41016151377545,200.0
48271,,20.0,223280,200.0,0.4992284263306271,0.03356802114205531,0.4608695652173913,346.41016151377545,200.0
48271,,20.0,674556,200.0,0.0,0.18358069209744685,0.7192982456140351,346.41016151377545,200.0
48271,,20.0,435396,200.0,0.7579782212307494,0.1474523664844011,0.0,346.41016151377545,200.0
48271,,30.0,427827,200.0,1.0401179856687595,0.4346856138576379,0.0,346.41016151377545,200.0
48271,,30.0,963505,200.0,0.22031899228759044,0.13806640135569986,0.47368421052631576,346.41016151377545,200.0
48271,,30.0,773498,200.0,0.9697176961683244,0.4028997328644221,0.0,346.41016151377545,200.0
48271,,30.0,875088,200.0,0.3241974008664335,0.2704887592251179,0.02608695652173913,346.41016151377545,200.0
48271,,30.0,943702,200.0,1.4176200769429252,0.33066399284796055,0.1864406779661017,346.41016151377545,200.0
48271,,30.0,407265,200.0,1.1199529541816369,0.18986487711593253,0.0,346.41016151377545,200.0
48271,,30.0,374796,200.0,0.0,0.21442788206494462,0.6017699115044248,346.41016151377545,200.0
48271,,30.0,792634,200.0,0.5465706037044742,0.1509044135173527,0.0,315.2485571899711,200.0
48271,,30.0,920368,200.0,0.4668002846990957,0.14649811499578752,0.4188034188034188,346.41016151377545,200.0
48271,,30.0,432158,200.0,0.83144947321301,0.39448697137879585,0.0,346.41016151377545,200.0
48271,,45.0,204611,200.0,0.6900660460943608,0.4294920455918105,0.0,346.41016151377545,200.0
48271,,45.0,163362,200.0,0.0,0.7829090717507126,0.026785714285714284,346.41016151377545,200.0
48271,,45.0,812198,200.0,0.7731442930653422,0.29669367053218576,0.059322033898305086,346.41016151377545,200.0
48271,,45.0,238198,200.0,0.7014623973535027,0.3673613520530557,0.0,346.41016151377545,200.0
48271,,45.0,147137,200.0,0.6031784814149017,0.527773380129154,0.0,346.41016151377545,200.0
48271,,45.0,963913,200.0,0.05023869780205807,0.24011087063712436,0.5299145299145299,346.41016151377545,200.0
48271,,45.0,413008,200.0,0.873870696090108,0.4060716854590664,0.36283185840707965,346.41016151377545,200.0
48271,,45.0,245417,200.0,0.6892619113954837,0.3929841597457857,0.0,346.41016151377545,200.0
48271,,45.0,513523,200.0,0.0,0.26541522588511307,0.36936936936936937,346.41016151377545,200.0
48271,,45.0,582894,200.0,0.0,0.17784462598055617,0.5128205128205128,346.41016151377545,200.0
7119,,0.0,909130,200.0,1.0064816606239382,0.01866105805276737,0.0,346.41016151377545,200.0
7119,,0.0,1064933,200.0,1.0356882662385067,0.09002663478382773,0.0,346.41016151377545,200.0
7119,,0.0,914538,200.0,0.9525946246711929,0.05968044570895929,0.0,331.4247852662081,200.0
7119,,0.0,139599,200.0,1.0162904282776317,0.01921061501897169,0.0,346.41016151377545,200.0
7119,,0.0,833674,200.0,1.0173095982091125,0.029382636235461588,0.0,346.0254183045011,200.0
7119,,0.0,662570,200.0,1.0170033232721283,0.009208429844627981,0.0,343.55430756309204,200.0
7119,,0.0,1024527,200.0,1.0201413303454638,0.0067622348230592785,0.0,323.38022767644196,200.0
7119,,0.0,1010307,200.0,1.0139884961328165,0.010642726287628163,0.0,341.6235753987535,200.0
7119,,0.0,866735,200.0,1.0175021791437755,0.007614306734965789,0.0,343.35279711681187,200.0
7119,,0.0,575425,200.0,1.0156638979489956,0.0218561601296577,0.0,346.41016151377545,200.0
7119,,5.0,193288,200.0,1.0019410427928668,0.08692765301640526,0.0,346.41016151377545,200.0
7119,,5.0,963135,200.0,1.0290021437802401,0.08582063937785557,0.0,341.8056376926523,200.0
7119,,5.0,157303,200.0,1.0103735063126607,0.07140740749333996,0.0,346.41016151377545,200.0
7119,,5.0,1089463,200.0,0.18366089554566936,0.06783500446484089,0.6846846846846847,287.6570485858901,200.0
7119,,5.0,850100,200.0,0.968956107393723,0.041137139367049894,0.0,346.05338048580467,200.0
7119,,5.0,190489,200.0,0.7387878361104803,0.04555326411197581,0.18018018018018017,287.1236276045976,200.0
7119,,5.0,472227,200.0,1.0102433111106788,0.07688160721156613,0.0,346.41016151377545,200.0
7119,,5.0,782053,200.0,0.4220145718490847,0.0556012240909486,0.5,287.2551217111672,200.0
7119,,5.0,462994,200.0,1.023412476819587,0.054292921247721164,0.0,346.41016151377545,200.0
7119,,5.0,889362,200.0,1.0365628252928434,0.11960323481435581,0.0,346.41016151377545,200.0
7119,,10.0,885125,200.0,0.9392523070159522,0.06607253116034788,0.0,346.41016151377545,200.0
7119,,10.0,313924,200.0,0.9661475409391289,0.06956058497580721,0.0,346.41016151377545,200.0
7119,,10.0,1062873,200.0,1.0827663273915824,0.08271553512328308,0.0,346.41016151377545,200.0
7119,,10.0,792434,200.0,1.067834210094715,0.22310295546320366,0.0,346.41016151377545,200.0
7119,,10.0,630444,200.0,0.28909270361050676,0.03982683550366986,0.5181818181818182,313.06702402518346,200.0
7119,,10.0,851132,200.0,1.0447270871388037,0.19254232594275023,0.0,346.41016151377545,200.0
7119,,10.0,426128,200.0,0.0,0.04525980968449204,0.9821428571428571,247.32264167097145,200.0
7119,,10.0,277153,200.0,1.0184205232353323,0.14838340779552517,0.0,346.41016151377545,200.0
7119,,10.0,388606,200.0,1.078226036042321,0.13213923392893606,0.0,346.41016151377545,200.0
7119,,10.0,294080,200.0,0.04940827058277841,0.03878002528177621,0.6454545454545455,231.7062575723714,200.0
7119,,15.0,583819,200.0,0.9499869427839573,0.21780567994399863,0.0,346.41016151377545,200.0
7119,,15.0,1010364,200.0,1.0118216981777404,0.07786630914387035,0.0,309.0969131508074,200.0
7119,,15.0,706168,200.0,1.0080391466448406,0.2451236467222999,0.0,346.41016151377545,200.0
7119,,15.0,612531,200.0,1.01840392563002,0.32207391179809747,0.0,346.41016151377545,200.0
7119,,15.0,861643,200.0,1.090380590763429,0.2940177397862031,0.0,346.41016151377545,200.0
7119,,15.0,326609,200.0,1.084173975715832,0.052865664268664375,0.0,346.41016151377545,200.0
7119,,15.0,196859,200.0,0.9270220617400452,0.12324604195988119,0.0,346.41016151377545,200.0
7119,,15.0,498043,200.0,0.6887206174364722,0.23397661201919157,0.0,346.41016151377545,200.0
7119,,15.0,543816,200.0,0.18128350030721319,0.06330834571749544,0.7589285714285714,285.8924244200061,200.0
7119,,15.0,750676,200.0,0.8822106606820946,0.04343719480968687,0.0,346.41016151377545,200.0
7119,,20.0,1058165,200.0,0.9930905032151072,0.2492182243252108,0.0,346.41016151377545,200.0
7119,,20.0,756137,200.0,0.8759864026016745,0.09231325305164242,0.0,346.41016151377545,200.0
7119,,20.0,769874,200.0,0.8242861909106922,0.1291826441154611,0.0,346.41016151377545,200.0
7119,,20.0,614324,200.0,0.4968290730949347,0.05552595174848597,0.4636363636363636,313.449951537881,200.0
7119,,20.0,314287,200.0,1.1085175175193989,0.22604768086585222,0.0,346.41016151377545,200.0
7119,,20.0,668590,200.0,1.1117101338624016,0.13669805331445192,0.0,346.41016151377545,200.0
7119,,20.0,122667,200.0,1.1024662663035276,0.37478247982233037,0.0,346.41016151377545,200.0
7119,,20.0,208778,200.0,1.0978125756712385,0.3769148330853427,0.0,346.41016151377545,200.0
7119,,20.0,336408,200.0,0.0,0.16050720931803325,0.5315315315315315,298.71059775165,200.0
7119,,20.0,737257,200.0,0.8744889852685137,0.32366728615116575,0.0,346.41016151377545,200.0
7119,,30.0,140442,200.0,1.1511957882250887,0.5385408670169348,0.0,346.41016151377545,200.0
7119,,30.0,218462,200.0,1.1263290180914216,0.5428187143283553,0.0,346.41016151377545,200.0
7119,,30.0,336211,200.0,0.728963860236754,0.28184555825411284,0.0,346.41016151377545,200.0
7119,,30.0,589139,200.0,0.6169620847109129,0.4588910204730328,0.19491525423728814,346.41016151377545,200.0
7119,,30.0,742069,200.0,1.1094069513675393,0.10550195408339968,0.0,346.41016151377545,200.0
7119,,30.0,636333,200.0,1.1610799633806774,0.25033250097727366,0.0,346.41016151377545,200.0
7119,,30.0,530532,200.0,0.9682217172692285,0.5535847973599012,0.0,346.41016151377545,200.0
7119,,30.0,335641,200.0,0.0,0.4088652465946,0.21238938053097345,346.41016151377545,200.0
7119,,30.0,1057538,200.0,1.159021116996317,0.2878609570843006,0.0,346.41016151377545,200.0
7119,,30.0,452080,200.0,0.020485627632843444,0.04425468721171103,0.8636363636363636,284.2018670351327,200.0
7119,,45.0,751025,200.0,0.87936217343556,0.6308434743031293,0.0,346.41016151377545,200.0
7119,,45.0,724114,200.0,0.019700991996051364,0.49086462237398715,0.10619469026548672,346.41016151377545,200.0
7119,,45.0,532708,200.0,1.0008994905457924,0.11318877471463368,0.336283185840708,334.70977223210883,200.0
7119,,45.0,1086620,200.0,0.6575191736513425,0.6957410879174027,0.0,346.41016151377545,200.0
7119,,45.0,676226,200.0,1.008322738267813,0.2189762922805248,0.0,329.6781299086543,200.0
7119,,45.0,641812,200.0,0.27452416122859713,0.8298681237544192,0.0,334.7317558208391,200.0
7119,,45.0,559027,200.0,0.9207004329480167,0.3739384321252633,0.0,346.41016151377545,200.0
7119,,45.0,937437,200.0,1.3309039471925614,0.47440597533722717,0.24561403508771928,346.41016151377545,200.0
7119,,45.0,588019,200.0,0.4539634391880434,0.7553895592570915,0.0,332.674869828031,200.0
7119,,45.0,735415,200.0,0.0,0.25666841962240217,0.6486486486486487,289.21900867224724,200.0
41004,,0.0,753193,200.0,1.0181812597913702,0.024614025062941348,0.0,346.41016151377545,200.0
41004,,0.0,367146,200.0,1.520997063826217,0.17819201788198313,0.0,346.41016151377545,200.0
41004,,0.0,406179,200.0,1.0826923600212228,0.08575757753164795,0.0,346.41016151377545,200.0
41004,,0.0,801331,200.0,0.31791633821651266,0.06718152741775456,0.1504424778761062,346.41016151377545,200.0
41004,,0.0,1076385,200.0,1.0892745184539094,0.036993327677847326,0.0,346.41016151377545,200.0
41004,,0.0,922058,200.0,1.306421521215323,0.06393058210028901,0.0,346.41016151377545,200.0
41004,,0.0,844281,200.0,1.0989768469261252,0.03645627712375746,0.0,346.41016151377545,200.0
41004,,0.0,1083504,200.0,0.479133884662878,0.08183659847921419,0.0,346.41016151377545,200.0
41004,,0.0,692217,200.0,1.4322982197718417,0.2531190017897774,0.0,346.41016151377545,200.0
41004,,0.0,868559,200.0,1.2467085285520842,0.07713253113028981,0.0,346.41016151377545,200.0
41004,,5.0,423334,200.0,1.540157406152431,0.11502565240620295,0.0,346.41016151377545,200.0
41004,,5.0,517863,200.0,1.075286549234931,0.05005047279003986,0.0,346.41016151377545,200.0
41004,,5.0,809308,200.0,1.0362998515268753,0.02105289807019763,0.0,346.41016151377545,200.0
41004,,5.0,299779,200.0,1.1059435687786863,0.044989047812677325,0.0,346.41016151377545,200.0
41004,,5.0,657166,200.0,1.0978736463181402,0.07624824085557484,0.0,346.41016151377545,200.0
41004,,5.0,365139,200.0,1.291748971988215,0.06625001339052881,0.0,346.41016151377545,200.0
41004,,5.0,143816,200.0,0.9456075758825341,0.08999717223055585,0.0,346.41016151377545,200.0
41004,,5.0,400777,200.0,0.8472743909355884,0.04804100144526897,0.0,346.41016151377545,200.0
41004,,5.0,548966,200.0,0.5224871289319919,0.11571243812615238,0.0,346.41016151377545,200.0
41004,,5.0,741227,200.0,1.1172514027596079,0.05344788343055362,0.0,346.41016151377545,200.0
41004,,10.0,646512,200.0,0.2619415765938188,0.0728887755818154,0.4107142857142857,346.41016151377545,200.0
41004,,10.0,531926,200.0,1.13112246822285,0.06448920635835198,0.0,346.41016151377545,200.0
41004,,10.0,437228,200.0,1.1417928551012693,0.05075344833802254,0.0,346.41016151377545,200.0
41004,,10.0,887437,200.0,0.8580394111911916,0.2041887995965204,0.0,346.41016151377545,200.0
41004,,10.0,528143,200.0,1.2354555763215214,0.20139269040184105,0.0,346.41016151377545,200.0
41004,,10.0,904169,200.0,0.6928736762149494,0.18520376183487663,0.0,346.41016151377545,200.0
41004,,10.0,524721,200.0,1.1569470664795574,0.09770006801348476,0.0,346.41016151377545,200.0
41004,,10.0,738695,200.0,0.9249404438210997,0.09278368389112779,0.0,346.41016151377545,200.0
41004,,10.0,263990,200.0,0.20337858544433376,0.1444349344538602,0.24369747899159663,346.41016151377545,200.0
41004,,10.0,964213,200.0,1.1146559605806439,0.04189725074402913,0.0,346.41016151377545,200.0
41004,,15.0,923648,200.0,0.9020592001949366,0.07725670370745581,0.0,346.41016151377545,200.0
41004,,15.0,512053,200.0,1.5137005333562308,0.17671991138722826,0.0,346.41016151377545,200.0
41004,,15.0,541630,200.0,1.0290014650565635,0.049782515341107295,0.0,346.41016151377545,200.0
41004,,15.0,769086,200.0,0.3379198369228547,0.08917271317850865,0.02727272727272727,346.41016151377545,200.0
41004,,15.0,430653,200.0,0.9724031591465677,0.086350966046518,0.0,346.41016151377545,200.0
41004,,15.0,267312,200.0,1.0113310092119454,0.062752139913232,0.0,346.41016151377545,200.0
41004,,15.0,743260,200.0,1.1159494571848114,0.05505999196480338,0.0,346.41016151377545,200.0
41004,,15.0,878225,200.0,0.5354040453220262,0.16699922603529085,0.08620689655172414,346.41016151377545,200.0
41004,,15.0,815784,200.0,0.8893803800521715,0.16411182346540273,0.0,346.41016151377545,200.0
41004,,15.0,659696,200.0,0.0,0.24508680861086152,0.4247787610619469,346.41016151377545,200.0
41004,,20.0,182909,200.0,0.8223369569474656,0.23917746560933453,0.0,346.41016151377545,200.0
41004,,20.0,1085035,200.0,0.9253610433782602,0.0986007120522522,0.0,346.41016151377545,200.0
41004,,20.0,608940,200.0,0.6228548129039049,0.0786167925369661,0.0,346.41016151377545,200.0
41004,,20.0,134460,200.0,0.0,0.2525249699773267,0.5315315315315315,346.41016151377545,200.0
41004,,20.0,787333,200.0,0.0,0.19234328371406714,0.23423423423423423,346.41016151377545,200.0
41004,,20.0,777356,200.0,0.6163050953418712,0.12727726992054372,0.0,346.41016151377545,200.0
41004,,20.0,462743,200.0,1.5304787509039754,0.18592084016804386,0.0,346.41016151377545,200.0
41004,,20.0,704768,200.0,0.05728979194198148,0.26969558206897115,0.06086956521739131,346.41016151377545,200.0
41004,,20.0,422779,200.0,1.0646754797591738,0.17682769633468065,0.0,346.41016151377545,200.0
41004,,20.0,112718,200.0,0.9970614210819433,0.0338299988535551,0.0,345.1098071591353,200.0
41004,,30.0,491017,200.0,0.7802242254356373,0.1353972092486708,0.0,346.41016151377545,200.0
41004,,30.0,527294,200.0,0.0,0.21738168739944672,0.0,346.41016151377545,200.0
41004,,30.0,620249,200.0,0.0,0.06821882973125575,0.3893805309734513,346.41016151377545,200.0
41004,,30.0,455041,200.0,0.0,0.2589016564662457,0.38596491228070173,346.41016151377545,200.0
41004,,30.0,1035564,200.0,1.5377745439492465,0.16687690737872307,0.0,346.41016151377545,200.0
41004,,30.0,563204,200.0,0.69443677642469,0.12203587077508507,0.0,346.41016151377545,200.0
41004,,30.0,688720,200.0,1.2071424648893303,0.17616406011085306,0.0,346.41016151377545,200.0
41004,,30.0,482971,200.0,1.4896810854999254,0.2622399362853787,0.0,346.41016151377545,200.0
41004,,30.0,1044879,200.0,0.8816487401456977,0.26955828130407516,0.0,346.41016151377545,200.0
41004,,30.0,151748,200.0,0.9433728538168846,0.20985842724611273,0.0,346.41016151377545,200.0
41004,,45.0,546071,200.0,0.9122869532936467,0.15791216479917408,0.0,346.41016151377545,200.0
41004,,45.0,685935,200.0,0.6957589054432005,0.26934301011672074,0.0,346.41016151377545,200.0
41004,,45.0,594738,200.0,1.5171788054620232,0.27797617566153243,0.0,346.41016151377545,200.0
41004,,45.0,241857,200.0,0.6257707185914743,0.26025029782717485,0.0,346.41016151377545,200.0
41004,,45.0,1026715,200.0,0.8433708784912015,0.07772668392187505,0.0,346.41016151377545,200.0
41004,,45.0,947944,200.0,0.0,0.22360342945370262,0.0,346.41016151377545,200.0
41004,,45.0,658192,200.0,1.4322747937962852,0.28966215735099843,0.0,346.41016151377545,200.0
41004,,45.0,234774,200.0,1.2675337970030258,0.25305990221266705,0.0,346.41016151377545,200.0
41004,,45.0,130031,200.0,0.8012555532343454,0.032116183973084356,0.0,346.41016151377545,200.0
41004,,45.0,776300,200.0,1.160815988469774,0.11502651513858074,0.0,346.41016151377545,200.0
46889,,0.0,726958,300.0,1.041021367589185,0.06691205540725932,0.0,511.4656401425293,300.0
46889,,0.0,1075621,300.0,0.9557446205416777,0.07414953326177516,0.0,488.04884901286187,300.0
46889,,0.0,587108,300.0,0.9724963630249591,0.0625253848647564,0.0,519.6152422706632,300.0
46889,,0.0,507375,300.0,1.0088620052646649,0.0981312136289549,0.0,519.6152422706632,300.0
46889,,0.0,257132,300.0,1.0105632065356733,0.07909400302935844,0.0,519.6152422706632,300.0
46889,,0.0,292274,300.0,1.0006785754592085,0.07088499614207937,0.0,519.6152422706632,300.0
46889,,0.0,830820,300.0,1.0517574942281216,0.06697003707852875,0.0,509.2486536048644,300.0
46889,,0.0,850688,300.0,1.0087044518039738,0.0654902898958858,0.0,506.7679417170875,300.0
46889,,0.0,126293,300.0,0.9942113918040759,0.038724969814164505,0.0,501.9544060630124,300.0
46889,,0.0,278920,300.0,1.0066255773873884,0.06020647055333682,0.0,519.6152422706632,300.0
46889,,5.0,630894,300.0,1.0414848069493434,0.1052187715022289,0.0,512.1396672051741,300.0
46889,,5.0,99497,300.0,1.0542558519166707,0.11658186968272852,0.0,519.6152422706632,300.0
46889,,5.0,1012947,300.0,1.061892961893324,0.17880380599919704,0.0,519.6152422706632,300.0
46889,,5.0,632786,300.0,1.0467647124237889,0.09844286177420469,0.0,519.6152422706632,300.0
46889,,5.0,347360,300.0,0.9092490898760569,0.04008591761457159,0.0,519.6152422706632,300.0
46889,,5.0,991670,300.0,1.050996350563955,0.17444565644156146,0.0,519.6152422706632,300.0
46889,,5.0,876834,300.0,0.9519347375404985,0.0975707535895513,0.0,519.6152422706632,300.0
46889,,5.0,473067,300.0,0.957644973460694,0.08018134639856155,0.0,502.70690021627786,300.0
46889,,5.0,798913,300.0,0.9510217069992378,0.03386511147119919,0.0,519.6152422706632,300.0
46889,,5.0,750773,300.0,1.0581781281485627,0.12175438145212916,0.0,519.6152422706632,300.0
46889,,10.0,825020,300.0,0.9702837191033032,0.07650620731738245,0.0,518.1381048405858,300.0
46889,,10.0,594317,300.0,1.0793112032728176,0.060391541269782835,0.0,513.8231529564467,300.0
46889,,10.0,315374,300.0,0.8629597081695386,0.07334707280622935,0.0,517.6649814129925,300.0
46889,,10.0,350824,300.0,0.9273517358420226,0.058669806411850586,0.0,519.6152422706632,300.0
46889,,10.0,215114,300.0,1.1275253707128539,0.09383846127433751,0.0,519.6152422706632,300.0
46889,,10.0,965214,300.0,0.9449518680601209,0.05225173185284343,0.0,496.2048926496194,300.0
46889,,10.0,581281,300.0,1.078276781505354,0.07623942896475427,0.0,519.6152422706632,300.0
46889,,10.0,931270,300.0,0.0,0.018087094469635377,0.8907563025210085,519.6152422706632,300.0
46889,,10.0,601372,300.0,1.0512500841749717,0.22534635592078506,0.0,519.6152422706632,300.0
46889,,10.0,1052973,300.0,0.7984145431152199,0.0410983558297007,0.0,519.6152422706632,300.0
46889,,15.0,667849,300.0,1.1677068034558808,0.12231463545800159,0.0,519.6152422706632,300.0
46889,,15.0,1079544,300.0,0.5146122286621164,0.24856621162350945,0.0,519.6152422706632,300.0
46889,,15.0,153501,300.0,1.031117250620213,0.21241502139230622,0.0,519.6152422706632,300.0
46889,,15.0,750995,300.0,0.8271169676236474,0.19186947753348216,0.0,519.6152422706632,300.0
46889,,15.0,695054,300.0,0.9144878140699877,0.19458795408514803,0.0,519.6152422706632,300.0
46889,,15.0,544510,300.0,1.1086161839481348,0.088158269377668,0.0,519.6152422706632,300.0
46889,,15.0,799319,300.0,1.1970891350905855,0.24630174885821668,0.0,519.6152422706632,300.0
46889,,15.0,433017,300.0,0.24071557294805626,0.10591599591143087,0.30357142857142855,519.6152422706632,300.0
46889,,15.0,862981,300.0,0.0,0.01714405810633587,0.8907563025210085,519.6152422706632,300.0
46889,,15.0,398017,300.0,1.0981176339151806,0.07648758558352413,0.05405405405405406,519.6152422706632,300.0
46889,,20.0,215838,300.0,1.258897038298698,0.13426660435064502,0.0,519.6152422706632,300.0
46889,,20.0,161264,300.0,0.38817166542203696,0.36906718528151045,0.0,486.55015228261414,300.0
46889,,20.0,367123,300.0,1.0444655354740866,0.05951462451459962,0.0,519.6152422706632,300.0
46889,,20.0,178541,300.0,0.778802332230511,0.1770035193676385,0.0,519.6152422706632,300.0
46889,,20.0,325421,300.0,0.7085094370417698,0.11233587809520366,0.0,519.6152422706632,300.0
46889,,20.0,451473,300.0,0.4952311622449786,0.1303655709737309,0.0,505.5575905870071,300.0
46889,,20.0,793016,300.0,0.9058956695646107,0.235424008601965,0.02564102564102564,519.6152422706632,300.0
46889,,20.0,572819,300.0,0.41314556327532526,0.21305811299405295,0.0,477.0437671966542,300.0
46889,,20.0,953012,300.0,1.2680512725352167,0.2936358597572352,0.0,519.6152422706632,300.0
46889,,20.0,980427,300.0,0.7058735512560869,0.04778953528606778,0.0,519.6152422706632,300.0
46889,,30.0,97232,300.0,0.21544163243981876,0.21766685558206522,0.0,467.2086063108729,300.0
46889,,30.0,586546,300.0,1.3165372056525197,0.18328869126355415,0.0,519.6152422706632,300.0
46889,,30.0,125976,300.0,0.36835104956552134,0.0953727069458727,0.46956521739130436,478.6291731048148,300.0
46889,,30.0,312347,300.0,0.46687980024520553,0.14238881535234105,0.504424778761062,472.9739854516394,300.0
46889,,30.0,1064982,300.0,1.2924004054897438,0.4391564003465741,0.0,519.6152422706632,300.0
46889,,30.0,696536,300.0,0.6207940435790875,0.14442668725799973,0.02727272727272727,519.6152422706632,300.0
46889,,30.0,781878,300.0,0.16192644262754174,0.45386090930914136,0.0,458.87368644151377,300.0
46889,,30.0,361917,300.0,0.11277835459693322,0.25423961338836304,0.09090909090909091,463.4609548035937,300.0
46889,,30.0,807137,300.0,0.30092565471675364,0.0911915907814826,0.4745762711864407,519.6152422706632,300.0
46889,,30.0,1001394,300.0,0.5533075317331749,0.22655759468487174,0.0,519.6152422706632,300.0
46889,,45.0,565995,300.0,0.0,0.4146553858969309,0.0,519.6152422706632,300.0
46889,,45.0,751490,300.0,0.0,0.26841643429372253,0.0,519.6152422706632,300.0
46889,,45.0,890496,300.0,0.6782555351681117,0.4876508331508429,0.0,519.6152422706632,300.0
46889,,45.0,891486,300.0,0.6873600624566198,0.1947932315822558,0.3559322033898305,519.6152422706632,300.0
46889,,45.0,997794,300.0,0.04255918599728872,0.309952277266252,0.4247787610619469,500.87852648591274,300.0
46889,,45.0,1057411,300.0,1.0813065511482596,0.19991297438389602,0.0,519.6152422706632,300.0
46889,,45.0,854232,300.0,0.0,0.24150185481055825,0.5565217391304348,464.0692412719001,300.0
46889,,45.0,1069224,300.0,0.010115055213456063,0.6410395176356385,0.0,442.7599106278205,300.0
46889,,45.0,1080536,300.0,0.10018008101941793,0.07229995051985703,0.25217391304347825,447.7605359731056,300.0
46889,,45.0,260577,300.0,0.2521419527560668,0.07197766309154913,0.0,519.6152422706632,300.0
47315,,0.0,877605,300.0,0.9627560807818444,0.1691785664419868,0.0,512.5300544220071,300.0
47315,,0.0,357520,300.0,0.9573917715163498,0.17627818738669465,0.0,519.6152422706632,300.0
47315,,0.0,1034055,300.0,0.9555474040063453,0.105222960552975,0.0,519.6152422706632,300.0
47315,,0.0,179887,300.0,0.0,0.16269345007411723,0.5897435897435898,471.0089166676857,300.0
47315,,0.0,1027144,300.0,0.9600240245068475,0.19226411029333637,0.0,496.3720277285062,300.0
47315,,0.0,907459,300.0,0.36124610104068655,0.053698357942185554,0.48739495798319327,480.2740190322386,300.0
47315,,0.0,306322,300.0,0.9509459202042113,0.04267067231562004,0.0,519.6152422706632,300.0
47315,,0.0,831878,300.0,0.9547188991333226,0.0399097186294237,0.0,519.6152422706632,300.0
47315,,0.0,686016,300.0,0.9577731537007936,0.03613922195907227,0.0,519.6152422706632,300.0
47315,,0.0,583899,300.0,0.9539476852113109,0.03960810894480324,0.0,519.6152422706632,300.0
47315,,5.0,942529,300.0,0.8964326077467157,0.11932994912661922,0.0,519.6152422706632,300.0
47315,,5.0,564649,300.0,0.9516971537601217,0.19498278682815914,0.0,519.6152422706632,300.0
47315,,5.0,1017066,300.0,0.8448883963802932,0.07773985734048362,0.0,519.6152422706632,300.0
47315,,5.0,129831,300.0,0.0,0.10337693407796403,0.9482758620689655,519.6152422706632,300.0
47315,,5.0,852999,300.0,1.0378631616828715,0.09438925936537196,0.0,519.6152422706632,300.0
47315,,5.0,418822,300.0,0.9441444518507922,0.15231102710004726,0.0,519.6152422706632,300.0
47315,,5.0,204243,300.0,0.20772505528180638,0.017642270065751094,0.7456140350877193,432.93326702236664,300.0
47315,,5.0,635008,300.0,1.1010441925269343,0.27085503839450287,0.0,519.6152422706632,300.0
47315,,5.0,440098,300.0,1.0086094102284477,0.09996984263415451,0.0,519.6152422706632,300.0
47315,,5.0,554527,300.0,0.8400019136055803,0.18790350664399275,0.0,519.6152422706632,300.0
47315,,10.0,780995,300.0,1.0481776169986714,0.1954722229354913,0.0,519.6152422706632,300.0
47315,,10.0,133548,300.0,0.0,0.04720892621291301,0.45045045045045046,476.89469836963,300.0
47315,,10.0,137572,300.0,0.8180165545912771,0.3456232742277576,0.0,519.6152422706632,300.0
47315,,10.0,402242,300.0,1.0022020125280553,0.24522243507840133,0.0,519.6152422706632,300.0
47315,,10.0,130340,300.0,0.8688142825674362,0.3464345707714804,0.0,519.6152422706632,300.0
47315,,10.0,672159,300.0,0.8234134482883115,0.3065601519438625,0.0,519.6152422706632,300.0
47315,,10.0,290077,300.0,0.7542566133965679,0.049983654093646634,0.0,461.2105398735598,300.0
47315,,10.0,445428,300.0,0.045655702628760564,0.09318869295543915,0.7433628318584071,501.87907857456406,300.0
47315,,10.0,705812,300.0,1.0574994885202929,0.21342925699404133,0.0,519.6152422706632,300.0
47315,,10.0,639751,300.0,0.3345680206371483,0.07680631091985242,0.509090909090909,442.0597448703293,300.0
47315,,15.0,376843,300.0,0.5930501111332163,0.4796111668477756,0.0,489.18254258803665,300.0
47315,,15.0,614033,300.0,0.5924740106550832,0.34006336653785985,0.0,500.2291944718295,300.0
47315,,15.0,414140,300.0,0.05824757246390575,0.020617954364333647,0.9316239316239316,435.3626515070555,300.0
47315,,15.0,783591,300.0,1.1096951409014015,0.21351992932140781,0.0,519.6152422706632,300.0
47315,,15.0,663362,300.0,0.03854288301860761,0.021881688160468968,0.896551724137931,424.92989686839593,300.0
47315,,15.0,1076271,300.0,1.0771837265855009,0.3535482529410264,0.0,519.6152422706632,300.0
47315,,15.0,824971,300.0,0.35018828290089216,0.2837562466926241,0.16379310344827586,486.08893047384043,300.0
47315,,15.0,661336,300.0,0.045545209514357476,0.015040488628306363,0.9145299145299145,424.56350707331825,300.0
47315,,15.0,992703,300.0,0.6839983695986888,0.30731789831019873,0.0,519.6152422706632,300.0
47315,,15.0,930647,300.0,0.807446221868407,0.09570580749564961,0.2564102564102564,519.6152422706632,300.0
47315,,20.0,611978,300.0,0.009091431802103492,0.022152995460057733,0.9035087719298246,425.835856611514,300.0
47315,,20.0,135915,300.0,0.0,0.3546319849558726,0.3181818181818182,519.6152422706632,300.0
47315,,20.0,478683,300.0,1.0525019431042908,0.3996987415170457,0.0,519.6152422706632,300.0
47315,,20.0,267677,300.0,0.2439126506890343,0.030177230559522313,0.7657657657657657,429.59530964027596,300.0
47315,,20.0,605224,300.0,1.327832470667975,0.4115308758404206,0.0,519.6152422706632,300.0
47315,,20.0,949476,300.0,1.1644946765495858,0.2432327993593864,0.0,519.6152422706632,300.0
47315,,20.0,151943,300.0,0.06820794287824883,0.2405292607497452,0.9322033898305084,436.01256038666327,300.0
47315,,20.0,755453,300.0,1.3543195495130202,0.3087299218896148,0.0,519.6152422706632,300.0
47315,,20.0,536433,300.0,0.0,0.023430940236600462,0.9363636363636364,426.5367102246816,300.0
47315,,20.0,795444,300.0,0.07057018939477477,0.21428994467742762,0.5304347826086957,453.5092510165862,300.0
47315,,30.0,822524,300.0,0.0,0.21647997014195755,0.6216216216216216,445.3692027335464,300.0
47315,,30.0,370205,300.0,0.8392709601955513,0.75615704246564,0.0,519.6152422706632,300.0
47315,,30.0,324122,300.0,0.0,0.0220828638512402,0.8448275862068966,434.1083042470154,300.0
47315,,30.0,472280,300.0,0.72487324347951,0.8065237611365532,0.0,519.6152422706632,300.0
47315,,30.0,165080,300.0,0.42003142414395434,0.2150708526471118,0.0,456.09835389348837,300.0
47315,,30.0,173319,300.0,0.7051951228261011,0.7220691477276971,0.0,519.6152422706632,300.0
47315,,30.0,789407,300.0,1.6,0.27531851852761324,0.7739130434782608,443.53594687154276,300.0
47315,,30.0,108880,300.0,0.6914873109052663,0.8576607927219241,0.0,519.6152422706632,300.0
47315,,30.0,383618,300.0,0.0,0.020158220452989723,0.9224137931034483,424.8149868359238,300.0
47315,,30.0,304810,300.0,0.6455241540099474,0.6603984387119359,0.0,519.6152422706632,300.0
47315,,45.0,1060863,300.0,0.7473932101678257,1.1309489050081356,0.0,519.6152422706632,300.0
47315,,45.0,137796,300.0,0.0,0.018977943674607856,0.9316239316239316,434.4699113452609,300.0
47315,,45.0,628588,300.0,0.3681759741862401,0.6401750772937072,0.0,451.26678037749326,300.0
47315,,45.0,508026,300.0,0.0,0.27425391929675075,0.7053571428571429,437.6350503038942,300.0
47315,,45.0,840820,300.0,0.5440085514622455,0.8204385090821361,0.0,480.89743933910177,300.0
47315,,45.0,531494,300.0,0.8909962297919992,0.7704038930127814,0.0,519.6152422706632,300.0
47315,,45.0,499899,300.0,0.6589206618289787,0.5271775397086375,0.24324324324324326,519.6152422706632,300.0
47315,,45.0,849895,300.0,0.714807927653673,1.1168700330170016,0.0,519.6152422706632,300.0
47315,,45.0,756912,300.0,0.7000815710907029,1.1421917780641053,0.0,519.6152422706632,300.0
47315,,45.0,954191,300.0,0.07924526316018897,0.11259799272015908,0.4298245614035088,453.5620009721205,300.0
48271,,0.0,459337,300.0,0.9029091919330996,0.06786527755312734,0.0,455.3460236580364,300.0
48271,,0.0,910740,300.0,1.1635018942208102,0.12492383051323948,0.0,497.4567739676036,300.0
48271,,0.0,414892,300.0,0.04355330912161144,0.14837358589291366,0.6991150442477876,519.6152422706632,300.0
48271,,0.0,242597,300.0,0.9132494386615257,0.11235429837774645,0.0,492.50650122377436,300.0
48271,,0.0,421225,300.0,0.9244666087701192,0.04060988508648913,0.0,482.1536733770799,300.0
48271,,0.0,861354,300.0,0.9231690329378053,0.11518485621029739,0.0,519.6152422706632,300.0
48271,,0.0,486349,300.0,1.0496535004439846,0.06632138337020364,0.0,519.6152422706632,300.0
48271,,0.0,910223,300.0,1.1180985479778494,0.1381013955854685,0.0,519.6152422706632,300.0
48271,,0.0,1072277,300.0,1.058025834396629,0.059295786437256845,0.0,519.6152422706632,300.0
48271,,0.0,344947,300.0,0.9252212433839266,0.05649975997763263,0.0,519.6152422706632,300.0
48271,,5.0,145290,300.0,0.8620324479324641,0.1082953025649238,0.0,519.6152422706632,300.0
48271,,5.0,125370,300.0,0.8706079940226095,0.04734458617178934,0.0,450.3415136203366,300.0
48271,,5.0,658926,300.0,0.9435712790431473,0.13740977014067743,0.0,519.6152422706632,300.0
48271,,5.0,109253,300.0,0.9349545514971319,0.045000604596980534,0.0,494.88894164384095,300.0
48271,,5.0,234390,300.0,1.0302944694107665,0.0929220292398212,0.0,519.6152422706632,300.0
48271,,5.0,701290,300.0,0.9938258126656506,0.11095693451571412,0.0,519.6152422706632,300.0
48271,,5.0,805524,300.0,1.212575436935453,0.12906335087252108,0.008695652173913044,517.7335327891525,300.0
48271,,5.0,462055,300.0,1.0289006878231644,0.06957715519873074,0.0,519.6152422706632,300.0
48271,,5.0,631899,300.0,0.8842673284786646,0.09358415503487481,0.0,494.8378120700425,300.0
48271,,5.0,157145,300.0,1.1711411997581294,0.1318640413605523,0.0,519.6152422706632,300.0
48271,,10.0,551571,300.0,0.84746908443937,0.16290371395563671,0.0,519.6152422706632,300.0
48271,,10.0,96325,300.0,0.0,0.23013866878778808,0.3418803418803419,519.6152422706632,300.0
48271,,10.0,575396,300.0,1.1156193992085466,0.02919079209725681,0.6991150442477876,475.1703693817495,300.0
48271,,10.0,144503,300.0,0.10641803227907772,0.15325468590334806,0.7796610169491526,519.6152422706632,300.0
48271,,10.0,270405,300.0,0.06274845640327076,0.10622054612799352,0.8214285714285714,519.6152422706632,300.0
48271,,10.0,1068392,300.0,0.8111123268128086,0.08578466562066722,0.0,519.6152422706632,300.0
48271,,10.0,116263,300.0,0.0,0.03370131745380574,0.9285714285714286,487.75635627389,300.0
48271,,10.0,689692,300.0,0.0,0.09879047338858586,0.8828828828828829,519.6152422706632,300.0
48271,,10.0,1049064,300.0,1.1109751426591634,0.03961278558505234,0.0,519.6152422706632,300.0
48271,,10.0,373678,300.0,1.2298699874810188,0.040621832582359914,0.3474576271186441,519.6152422706632,300.0
48271,,15.0,489807,300.0,1.0821035167529844,0.11282066850132824,0.0,519.6152422706632,300.0
48271,,15.0,156800,300.0,1.0044188134025034,0.030814712538851652,0.0,458.11316391983104,300.0
48271,,15.0,448930,300.0,0.32893872368830845,0.04672329022187167,0.6106194690265486,465.0760336926198,300.0
48271,,15.0,1011187,300.0,0.0,0.0356804534922783,0.9009009009009009,505.95762704856145,300.0
48271,,15.0,542171,300.0,0.38478217484834104,0.06680878306879272,0.4909090909090909,452.5852290160598,300.0
48271,,15.0,873800,300.0,0.35775266025968816,0.11495176205719917,0.11206896551724138,519.6152422706632,300.0
48271,,15.0,147299,300.0,1.0239669811298326,0.1700652315118895,0.0,519.6152422706632,300.0
48271,,15.0,607985,300.0,0.753013315672041,0.08710395346223108,0.0,519.6152422706632,300.0
48271,,15.0,460769,300.0,0.0,0.17989617321870255,0.9009009009009009,519.6152422706632,300.0
48271,,15.0,654833,300.0,0.23010131329079084,0.09572959004036402,0.6779661016949152,448.9790120551168,300.0
48271,,20.0,463092,300.0,0.7103495883977375,0.15637339078571216,0.0782608695652174,519.6152422706632,300.0
48271,,20.0,1055658,300.0,0.8276004007032459,0.2598732563212888,0.0,519.6152422706632,300.0
48271,,20.0,293632,300.0,0.9921834943910394,0.24360709998029473,0.0,519.6152422706632,300.0
48271,,20.0,120773,300.0,0.0,0.11355918839961163,0.3652173913043478,519.6152422706632,300.0
48271,,20.0,1004298,300.0,1.0019639108959115,0.2888032040071073,0.0,519.6152422706632,300.0
48271,,20.0,1058231,300.0,1.1092124096351408,0.20292188214268958,0.0,519.6152422706632,300.0
48271,,20.0,1081323,300.0,0.0,0.022539879275986167,0.9369369369369369,489.9950272334749,300.0
48271,,20.0,223280,300.0,0.3674490313654177,0.22937258011891323,0.5739130434782609,519.6152422706632,300.0
48271,,20.0,674556,300.0,1.1693614731632223,0.1445666467215507,0.0,519.6152422706632,300.0
48271,,20.0,435396,300.0,0.7252837534154573,0.06549532006257475,0.0,519.6152422706632,300.0
48271,,30.0,427827,300.0,0.746291883527449,0.3969193228175313,0.0,519.6152422706632,300.0
48271,,30.0,963505,300.0,0.08964622068915014,0.0802242957985014,0.7280701754385965,447.5136131270932,300.0
48271,,30.0,773498,300.0,0.10667207076168356,0.05410663844763005,0.7699115044247787,429.92508870216494,300.0
48271,,30.0,875088,300.0,1.2393177266879098,0.24670405627654937,0.0,519.6152422706632,300.0
48271,,30.0,943702,300.0,0.0,0.15107920818228573,0.7796610169491526,519.6152422706632,300.0
48271,,30.0,407265,300.0,0.9083519481746923,0.19904761158951706,0.0,519.6152422706632,300.0
48271,,30.0,374796,300.0,0.5704838327650948,0.3424755489583267,0.0,471.6931861462183,300.0
48271,,30.0,792634,300.0,1.411135835313053,0.18429140537423083,0.4247787610619469,519.6152422706632,300.0
48271,,30.0,920368,300.0,1.0311195106307496,0.36509929301599026,0.0,519.6152422706632,300.0
48271,,30.0,432158,300.0,0.7301148563698545,0.37379674709341654,0.0,519.6152422706632,300.0
48271,,45.0,204611,300.0,0.8058205517816368,0.5379279085796703,0.0,519.6152422706632,300.0
48271,,45.0,163362,300.0,0.03476000572866595,0.24378813593463497,0.75,519.6152422706632,300.0
48271,,45.0,812198,300.0,1.484561223755951,0.3227333259911507,0.059322033898305086,519.6152422706632,300.0
48271,,45.0,238198,300.0,0.9388552367918559,0.28156406707649356,0.0,519.6152422706632,300.0
48271,,45.0,147137,300.0,0.6829148489177257,0.5737962692175697,0.0,519.6152422706632,300.0
48271,,45.0,963913,300.0,0.6856914650097848,0.5266208063595015,0.0,519.6152422706632,300.0
48271,,45.0,413008,300.0,0.0617947086718568,0.04522316374519543,0.7433628318584071,434.79289959132825,300.0
48271,,45.0,245417,300.0,0.0,0.1292522580374289,0.646551724137931,519.6152422706632,300.0
48271,,45.0,513523,300.0,0.158778357668911,0.0895379360656505,0.7747747747747747,475.1450862569078,300.0
48271,,45.0,582894,300.0,0.006751406076250845,0.19071283357141888,0.5470085470085471,489.23928725584324,300.0
7119,,0.0,909130,300.0,1.0079640648980153,0.008752152795904881,0.0,505.97981225215807,300.0
7119,,0.0,1064933,300.0,1.0442112665879542,0.09936285982686778,0.0,518.0833583611575,300.0
7119,,0.0,914538,300.0,0.9985604759771918,0.05990814272827048,0.0,519.6152422706632,300.0
7119,,0.0,139599,300.0,1.0190325081521476,0.008455214818716045,0.0,501.3488215723159,300.0
7119,,0.0,833674,300.0,1.017713306190662,0.025265362542668177,0.0,515.2481686600373,300.0
7119,,0.0,662570,300.0,1.0159826195492512,0.007445998260798434,0.0,507.5493725204234,300.0
7119,,0.0,1024527,300.0,1.0232948327298628,0.00991387870548979,0.0,507.4992811799201,300.0
7119,,0.0,1010307,300.0,1.015366081793405,0.011836315491910486,0.0,472.5805302633021,300.0
7119,,0.0,866735,300.0,1.017189998316254,0.007032088567450632,0.0,516.9234387409041,300.0
7119,,0.0,575425,300.0,1.0147170989522116,0.018908964193988652,0.0,497.3999886776789,300.0
7119,,5.0,193288,300.0,1.0030923505256886,0.08778868156461991,0.0,519.6152422706632,300.0
7119,,5.0,963135,300.0,1.0185553832424272,0.10900230191607505,0.0,519.6152422706632,300.0
7119,,5.0,157303,300.0,1.0105225521004344,0.07667517314665831,0.0,519.6152422706632,300.0
7119,,5.0,1089463,300.0,0.9508279470404801,0.09117464821304712,0.0,519.6152422706632,300.0
7119,,5.0,850100,300.0,1.5328414160136674,0.04194076570428791,0.125,519.6152422706632,300.0
7119,,5.0,190489,300.0,0.9661399244275787,0.08768708396583656,0.0,519.6152422706632,300.0
7119,,5.0,472227,300.0,0.991365068631378,0.05579573385761511,0.0,517.6607949219423,300.0
7119,,5.0,782053,300.0,1.0322161396744198,0.24768363625586082,0.0,519.6152422706632,300.0
7119,,5.0,462994,300.0,1.0411919764801576,0.09545872319118126,0.0,513.7425213362661,300.0
7119,,5.0,889362,300.0,1.0537834364325154,0.1574418408314617,0.0,519.6152422706632,300.0
7119,,10.0,885125,300.0,0.93802922189683,0.06337236660137396,0.0,519.6152422706632,300.0
7119,,10.0,313924,300.0,0.9344749084521641,0.07530139996561182,0.0,519.6152422706632,300.0
7119,,10.0,1062873,300.0,1.0942058448357617,0.16579375169442226,0.0,519.6152422706632,300.0
7119,,10.0,792434,300.0,1.0467690910504002,0.1757418908212046,0.0,519.6152422706632,300.0
7119,,10.0,630444,300.0,0.22010746920885188,0.10894677464262127,0.34545454545454546,443.6109858620667,300.0
7119,,10.0,851132,300.0,1.0392304203032485,0.1762601279651553,0.0,519.6152422706632,300.0
7119,,10.0,426128,300.0,0.4711694789215201,0.08246407991699747,0.4642857142857143,451.2945516690123,300.0
7119,,10.0,277153,300.0,1.0154839933851385,0.14657021161998554,0.0,519.6152422706632,300.0
7119,,10.0,388606,300.0,1.0940530882210378,0.16932855754443277,0.0,519.6152422706632,300.0
7119,,10.0,294080,300.0,0.38869045471898667,0.05416295157592331,0.5181818181818182,470.0262049545651,300.0
7119,,15.0,583819,300.0,0.961704567910235,0.201191405204556,0.0,519.6152422706632,300.0
7119,,15.0,1010364,300.0,0.20406137438152294,0.016296923142314557,0.7232142857142857,433.4723871838273,300.0
7119,,15.0,706168,300.0,0.719872349173329,0.3628836890257801,0.0,511.06791463226403,300.0
7119,,15.0,612531,300.0,0.9935491748966885,0.2185341784564676,0.0,519.6152422706632,300.0
7119,,15.0,861643,300.0,1.0914399801468695,0.2830185745389114,0.0,519.6152422706632,300.0
7119,,15.0,326609,300.0,1.0943251816595627,0.05074809822108743,0.0,512.621442211978,300.0
7119,,15.0,196859,300.0,0.9268803559982866,0.09564238584829553,0.0,519.6152422706632,300.0
7119,,15.0,498043,300.0,0.0,0.023301517935257365,0.8468468468468469,436.4377605416922,300.0
7119,,15.0,543816,300.0,0.1623449290471114,0.045176122847478545,0.7589285714285714,425.35052091100687,300.0
7119,,15.0,750676,300.0,0.8838547552317209,0.039213946923223775,0.0,519.6152422706632,300.0
7119,,20.0,1058165,300.0,1.0306756682918994,0.20367315973568756,0.0,519.6152422706632,300.0
7119,,20.0,756137,300.0,0.8951558996030916,0.08745685216570323,0.0,510.9664671048801,300.0
7119,,20.0,769874,300.0,0.8751915987687929,0.15050201838639793,0.0,519.6152422706632,300.0
7119,,20.0,614324,300.0,1.1212202017936084,0.1684672737752438,0.0,519.6152422706632,300.0
7119,,20.0,314287,300.0,1.0903749859529281,0.41985952682689326,0.0,519.6152422706632,300.0
7119,,20.0,668590,300.0,1.1251717138552575,0.17683133986446783,0.0,519.6152422706632,300.0
7119,,20.0,122667,300.0,1.083054643467733,0.25183289502276934,0.0,519.6152422706632,300.0
7119,,20.0,208778,300.0,1.0824650384465508,0.30498515827065314,0.0,519.6152422706632,300.0
7119,,20.0,336408,300.0,0.0,0.09713256390556804,0.6216216216216216,442.6016464450763,300.0
7119,,20.0,737257,300.0,0.8658174676010931,0.26364607765375664,0.0,519.6152422706632,300.0
7119,,30.0,140442,300.0,0.6664569430029075,0.5439281792135878,0.0,519.6152422706632,300.0
7119,,30.0,218462,300.0,1.1151527303413293,0.47227956231249324,0.0,519.6152422706632,300.0
7119,,30.0,336211,300.0,0.7305024513216346,0.28482029388739366,0.0,519.6152422706632,300.0
7119,,30.0,589139,300.0,0.8414633646787057,0.6067317837794808,0.0,519.6152422706632,300.0
7119,,30.0,742069,300.0,1.1475704613384963,0.23356015661831633,0.0,519.6152422706632,300.0
7119,,30.0,636333,300.0,1.1622596599191677,0.2594817162463034,0.0,519.6152422706632,300.0
7119,,30.0,530532,300.0,0.5570099184265693,0.4178758317160415,0.0,519.6152422706632,300.0
7119,,30.0,335641,300.0,0.8441097045307472,0.07391966899819329,0.8407079646017699,429.63871440631976,300.0
7119,,30.0,1057538,300.0,1.1738707148441518,0.27936034972872703,0.0,519.6152422706632,300.0
7119,,30.0,452080,300.0,1.1131646742486219,0.4020491134496855,0.09090909090909091,517.4432505841501,300.0
7119,,45.0,751025,300.0,0.4550321682685095,0.8250287434089886,0.0,519.6152422706632,300.0
7119,,45.0,724114,300.0,1.146063427322742,0.3564312495756264,0.0,519.6152422706632,300.0
7119,,45.0,532708,300.0,0.955886507343074,0.1859652761822146,0.02654867256637168,459.50037257481347,300.0
7119,,45.0,1086620,300.0,0.6208499709311345,0.2803806526331544,0.21739130434782608,487.63345626146685,300.0
7119,,45.0,676226,300.0,0.9273120893337466,0.21655437309930306,0.0,519.6152422706632,300.0
7119,,45.0,641812,300.0,0.2702551179095998,0.7378960321975438,0.0,468.1582015082829,300.0
7119,,45.0,559027,300.0,0.9162819070944642,0.3650797221397672,0.0,519.6152422706632,300.0
7119,,45.0,937437,300.0,1.186062282235271,0.3938888516827933,0.0,519.6152422706632,300.0
7119,,45.0,588019,300.0,0.43503245342067415,0.7779919775642908,0.0,479.65897802673686,300.0
7119,,45.0,735415,300.0,0.3287992187013254,0.22439195365741046,0.6396396396396397,433.7772538614868,300.0
41004,,0.0,753193,300.0,1.5042213074534332,0.23347853819269165,0.0,519.6152422706632,300.0
41004,,0.0,367146,300.0,1.5193389987651305,0.11689202516441007,0.0,519.6152422706632,300.0
41004,,0.0,406179,300.0,0.8557064936374533,0.17747467734321112,0.0,519.6152422706632,300.0
41004,,0.0,801331,300.0,1.1913093809316044,0.032190776062365395,0.0,519.6152422706632,300.0
41004,,0.0,1076385,300.0,1.2668780717914014,0.08555668963914863,0.0,519.6152422706632,300.0
41004,,0.0,922058,300.0,1.5367400654202175,0.10851060359075013,0.0,519.6152422706632,300.0
41004,,0.0,844281,300.0,0.8913439282283777,0.1478871913153699,0.0,519.6152422706632,300.0
41004,,0.0,1083504,300.0,0.9419618541790732,0.2235156308252068,0.0,519.6152422706632,300.0
41004,,0.0,692217,300.0,1.2894799720655006,0.05646244477940465,0.0,519.6152422706632,300.0
41004,,0.0,868559,300.0,0.9758252588249794,0.047202137700711445,0.0,519.6152422706632,300.0
41004,,5.0,423334,300.0,1.391146694493265,0.10790056995383518,0.0,519.6152422706632,300.0
41004,,5.0,517863,300.0,0.6544221643112169,0.08170803815198302,0.0,519.6152422706632,300.0
41004,,5.0,809308,300.0,1.3217911670403253,0.062135673472734874,0.0,519.6152422706632,300.0
41004,,5.0,299779,300.0,1.0604068152598698,0.03209483504468414,0.0,519.6152422706632,300.0
41004,,5.0,657166,300.0,1.046612702498709,0.0298074044300594,0.0,519.6152422706632,300.0
41004,,5.0,365139,300.0,0.39556980628617516,0.09646646419349554,0.17647058823529413,519.6152422706632,300.0
41004,,5.0,143816,300.0,0.7272566020002341,0.10183135618380856,0.0,519.6152422706632,300.0
41004,,5.0,400777,300.0,1.1939534527876992,0.04349873161736121,0.0,519.6152422706632,300.0
41004,,5.0,548966,300.0,0.8854202472692918,0.04280558621114079,0.0,519.6152422706632,300.0
41004,,5.0,741227,300.0,1.5466946221738491,0.16522530215922918,0.0,519.6152422706632,300.0
41004,,10.0,646512,300.0,0.7929045950808465,0.07019663065323009,0.0,519.6152422706632,300.0
41004,,10.0,531926,300.0,1.0680371361478838,0.03217750015900888,0.0,519.6152422706632,300.0
41004,,10.0,437228,300.0,1.0445316287168174,0.04561293952255317,0.0,519.6152422706632,300.0
41004,,10.0,887437,300.0,0.7521518174151686,0.1493398873958113,0.0,519.6152422706632,300.0
41004,,10.0,528143,300.0,0.8477867169770116,0.11936699259337094,0.0,519.6152422706632,300.0
41004,,10.0,904169,300.0,0.4225705241653005,0.03521280220417028,0.05454545454545454,519.6152422706632,300.0
41004,,10.0,524721,300.0,1.132218442196597,0.17966032191946255,0.0,519.6152422706632,300.0
41004,,10.0,738695,300.0,0.7290715611618549,0.05585868366531188,0.0,519.6152422706632,300.0
41004,,10.0,263990,300.0,1.0910358315669613,0.045970178871080666,0.0,519.6152422706632,300.0
41004,,10.0,964213,300.0,1.1623411924479559,0.02837208632374737,0.0,519.6152422706632,300.0
41004,,15.0,923648,300.0,0.7246596133479495,0.15555687242338842,0.0,519.6152422706632,300.0
41004,,15.0,512053,300.0,0.8641938105690757,0.11783868444820816,0.0,519.6152422706632,300.0
41004,,15.0,541630,300.0,1.0451637190558765,0.04492575853717566,0.0,519.6152422706632,300.0
41004,,15.0,769086,300.0,0.8288006489356593,0.07895218137188567,0.0,519.6152422706632,300.0
41004,,15.0,430653,300.0,1.3979541686710582,0.2033370632076736,0.0,519.6152422706632,300.0
41004,,15.0,267312,300.0,0.0,0.10454427731485835,0.35964912280701755,519.6152422706632,300.0
41004,,15.0,743260,300.0,0.9552746529657048,0.07154575917080849,0.0,519.6152422706632,300.0
41004,,15.0,878225,300.0,0.6924324926685644,0.14198767642021426,0.0,519.6152422706632,300.0
41004,,15.0,815784,300.0,0.78846667122541,0.09361735504823389,0.0,519.6152422706632,300.0
41004,,15.0,659696,300.0,1.539695266358686,0.2146648210098128,0.0,519.6152422706632,300.0
41004,,20.0,182909,300.0,1.5152583876575085,0.1996576583261116,0.0,519.6152422706632,300.0
41004,,20.0,1085035,300.0,0.9863882742450587,0.2488784006103126,0.0,519.6152422706632,300.0
41004,,20.0,608940,300.0,0.0,0.281569352825916,0.18181818181818182,519.6152422706632,300.0
41004,,20.0,134460,300.0,0.7166853579593053,0.10322936461159107,0.0,519.6152422706632,300.0
41004,,20.0,787333,300.0,0.5977840355484331,0.05028342783801891,0.0,519.6152422706632,300.0
41004,,20.0,777356,300.0,0.7651429106281586,0.09118294217375682,0.0,519.6152422706632,300.0
41004,,20.0,462743,300.0,0.07636903438014322,0.09369020140880696,0.6434782608695652,519.6152422706632,300.0
41004,,20.0,704768,300.0,0.6991301646434598,0.18852574571002143,0.0,519.6152422706632,300.0
41004,,20.0,422779,300.0,0.7267655154459778,0.15128084773746364,0.0,519.6152422706632,300.0
41004,,20.0,112718,300.0,1.098388741079393,0.039371371634769003,0.0,519.6152422706632,300.0
41004,,30.0,491017,300.0,0.2368091933892273,0.16374994949817315,0.11764705882352941,519.6152422706632,300.0
41004,,30.0,527294,300.0,0.8623204496790953,0.06505944084007141,0.0,519.6152422706632,300.0
41004,,30.0,620249,300.0,0.9546157267986501,0.09882810430871405,0.0,519.6152422706632,300.0
41004,,30.0,455041,300.0,0.0,0.14257029062541823,0.19298245614035087,519.6152422706632,300.0
41004,,30.0,1035564,300.0,0.5201910692101832,0.10475280276705883,0.0,519.6152422706632,300.0
41004,,30.0,563204,300.0,1.5146279754171093,0.19038752529145686,0.0,519.6152422706632,300.0
41004,,30.0,688720,300.0,1.0686684644417643,0.11987841593900923,0.0,519.6152422706632,300.0
41004,,30.0,482971,300.0,0.7477853239968298,0.2462629972014317,0.0,519.6152422706632,300.0
41004,,30.0,1044879,300.0,0.7720291247098263,0.19182141577250683,0.0,519.6152422706632,300.0
41004,,30.0,151748,300.0,0.0,0.07687721323125363,0.0990990990990991,519.6152422706632,300.0
41004,,45.0,546071,300.0,1.0043473862582988,0.17661841536100098,0.0,519.6152422706632,300.0
41004,,45.0,685935,300.0,0.366604010328944,0.20513397698184843,0.0,519.6152422706632,300.0
41004,,45.0,594738,300.0,1.5179037406960665,0.2375810208429039,0.0,519.6152422706632,300.0
41004,,45.0,241857,300.0,0.8643054484813841,0.15391256925259886,0.0,519.6152422706632,300.0
41004,,45.0,1026715,300.0,0.3176720721563018,0.10448739313061214,0.0,519.6152422706632,300.0
41004,,45.0,947944,300.0,1.5407744993282697,0.22124741887457355,0.0,519.6152422706632,300.0
41004,,45.0,658192,300.0,0.6621282976653582,0.24558003343982507,0.0,519.6152422706632,300.0
41004,,45.0,234774,300.0,0.7237541945519773,0.1733987937410423,0.0,519.6152422706632,300.0
41004,,45.0,130031,300.0,0.2071699913370299,0.0877710196901405,0.4956521739130435,519.6152422706632,300.0
41004,,45.0,776300,300.0,0.0,0.050226247956471126,0.0,519.6152422706632,300.0
46889,,0.0,726958,450.0,1.003285145411752,0.06639154870237216,0.0,770.3110028575103,450.0
46889,,0.0,1075621,450.0,1.0047411890682931,0.07314933315998348,0.0,775.9951548213575,450.0
46889,,0.0,587108,450.0,0.9977242672401132,0.042984966578408335,0.0,779.4228634059948,450.0
46889,,0.0,507375,450.0,0.9361850069155654,0.06722710351272412,0.0,771.8378108733681,450.0
46889,,0.0,257132,450.0,0.9896517781457257,0.2129663410751924,0.0,769.0865721133814,450.0
46889,,0.0,292274,450.0,1.007749970881598,0.05704522889813368,0.0,768.685048506701,450.0
46889,,0.0,830820,450.0,0.9856071691713667,0.06711371326939017,0.0,773.1582604764125,450.0
46889,,0.0,850688,450.0,1.0110181555431574,0.06597632585478029,0.0,777.0319151575926,450.0
46889,,0.0,126293,450.0,0.9467302327236586,0.07308861380970805,0.0,716.4633874355401,450.0
46889,,0.0,278920,450.0,0.9847903009996792,0.07640399579737263,0.0,779.4228634059948,450.0
46889,,5.0,630894,450.0,1.0577772710359148,0.17316668900649484,0.0,779.4228634059948,450.0
46889,,5.0,99497,450.0,1.0614014524756379,0.10545375685510308,0.0,779.4228634059948,450.0
46889,,5.0,1012947,450.0,1.058022019257796,0.0982548419717934,0.0,779.4228634059948,450.0
46889,,5.0,632786,450.0,1.0614798475836213,0.0939301478180309,0.0,715.6963166277473,450.0
46889,,5.0,347360,450.0,0.9319843999645181,0.04007499707743932,0.0,779.4228634059948,450.0
46889,,5.0,991670,450.0,1.0086579600000365,0.05218535412163875,0.0,776.6541879555867,450.0
46889,,5.0,876834,450.0,0.97577959158802,0.08182821039288997,0.0,779.4228634059948,450.0
46889,,5.0,473067,450.0,0.9576730930263339,0.08120386673272922,0.0,766.3500924426879,450.0
46889,,5.0,798913,450.0,0.9490356996187415,0.0837708707832515,0.0,779.4228634059948,450.0
46889,,5.0,750773,450.0,1.0717639352480703,0.09587443751195941,0.0,779.4228634059948,450.0
46889,,10.0,825020,450.0,0.9702837191033002,0.051277736875876695,0.0,779.4228634059948,450.0
46889,,10.0,594317,450.0,1.0793445945126021,0.0796102863327223,0.0,779.4228634059948,450.0
46889,,10.0,315374,450.0,0.8490088894461437,0.050877590917600905,0.0,777.317807694879,450.0
46889,,10.0,350824,450.0,0.9273517358420226,0.05782867923063731,0.0,779.4228634059948,450.0
46889,,10.0,215114,450.0,1.1738317860622725,0.09343484460002383,0.0,770.0024699299402,450.0
46889,,10.0,965214,450.0,0.9449518680601209,0.05618261571790401,0.0,721.8312480694758,450.0
46889,,10.0,581281,450.0,1.0670052443403457,0.05625096031811072,0.0,779.4228634059948,450.0
46889,,10.0,931270,450.0,0.5196778574279775,0.037253370806693706,0.44537815126050423,711.5336831605792,450.0
46889,,10.0,601372,450.0,1.0529239301033257,0.21539089453601634,0.0,779.4228634059948,450.0
46889,,10.0,1052973,450.0,0.866017890419914,0.042747832613800746,0.0,774.0405557066335,450.0
46889,,15.0,667849,450.0,1.1690684016509416,0.1743214761020493,0.0,779.4228634059948,450.0
46889,,15.0,1079544,450.0,0.44948759134257116,0.256577384539278,0.0,779.4228634059948,450.0
46889,,15.0,153501,450.0,1.0468116581305258,0.15479279157313608,0.0,779.4228634059948,450.0
46889,,15.0,750995,450.0,0.8401784086531435,0.06450593842964869,0.03361344537815126,690.4429632739408,450.0
46889,,15.0,695054,450.0,0.9128770708932024,0.046726175982976396,0.06722689075630252,754.9434520085993,450.0
46889,,15.0,544510,450.0,1.112345256444136,0.08389855941927411,0.0,778.3238739142563,450.0
46889,,15.0,799319,450.0,1.1903891427400788,0.19398338728497178,0.0,779.4228634059948,450.0
46889,,15.0,433017,450.0,1.1997710732585698,0.09411630419250105,0.0,779.4228634059948,450.0
46889,,15.0,862981,450.0,1.1270934579326746,0.13399689049324914,0.0,779.4228634059948,450.0
46889,,15.0,398017,450.0,1.0339634790519978,0.21408173051812332,0.0,779.4228634059948,450.0
46889,,20.0,215838,450.0,1.2460978073590492,0.1217424872210454,0.0,779.4228634059948,450.0
46889,,20.0,161264,450.0,0.4261908138204085,0.3630755510743231,0.0,722.2080724879768,450.0
46889,,20.0,367123,450.0,1.1405757921448907,0.1023124893218223,0.0,774.704971607572,450.0
46889,,20.0,178541,450.0,0.720742638039065,0.05875134131691353,0.13392857142857142,675.5920340595459,450.0
46889,,20.0,325421,450.0,0.0,0.061547994168920046,0.08928571428571429,775.6441959881419,450.0
46889,,20.0,451473,450.0,0.5025347259829243,0.12165734808789747,0.0,779.4228634059948,450.0
46889,,20.0,793016,450.0,0.6384593630237585,0.046610062070989285,0.3162393162393162,779.4228634059948,450.0
46889,,20.0,572819,450.0,0.40359004838343154,0.2323973818246324,0.0,718.8600406182907,450.0
46889,,20.0,953012,450.0,1.2492454376954083,0.15089813681469239,0.0,779.4228634059948,450.0
46889,,20.0,980427,450.0,0.7016911898786726,0.03417885615254835,0.0,779.4228634059948,450.0
46889,,30.0,97232,450.0,0.09903251554056133,0.13463705547276217,0.32142857142857145,681.4049646915823,450.0
46889,,30.0,586546,450.0,1.3243864348322585,0.16797089360167927,0.0,779.4228634059948,450.0
46889,,30.0,125976,450.0,0.508785602330296,0.20576687899604126,0.10434782608695652,779.4228634059948,450.0
46889,,30.0,312347,450.0,0.42712924242046696,0.174738946625152,0.49557522123893805,742.1749388525942,450.0
46889,,30.0,1064982,450.0,0.527613561814989,0.4636249226898921,0.0,772.8131956246202,450.0
46889,,30.0,696536,450.0,0.17649401635201303,0.03866474945654358,0.2909090909090909,675.10315091557,450.0
46889,,30.0,781878,450.0,0.15269479099306577,0.44286113002400185,0.0,678.6218526536999,450.0
46889,,30.0,361917,450.0,0.20805660756627292,0.3001551140171574,0.0,674.8659581893611,450.0
46889,,30.0,807137,450.0,0.7392604527191914,0.18353571342560882,0.0,779.4228634059948,450.0
46889,,30.0,1001394,450.0,0.5564572480568877,0.21703715894767733,0.0,779.4228634059948,450.0
46889,,45.0,565995,450.0,0.0,0.4197244914486789,0.0,779.4228634059948,450.0
46889,,45.0,751490,450.0,0.0,0.2230874553037403,0.0,779.4228634059948,450.0
46889,,45.0,890496,450.0,0.6818631369711289,0.48607597300639815,0.0,779.4228634059948,450.0
46889,,45.0,891486,450.0,0.8611826762351523,0.383453501890063,0.0,779.4228634059948,450.0
46889,,45.0,997794,450.0,0.21005654405082413,0.14663867303927774,0.6106194690265486,673.8742838678319,450.0
46889,,45.0,1057411,450.0,1.0773081822843074,0.21109386426029864,0.0,779.4228634059948,450.0
46889,,45.0,854232,450.0,0.25336832312245366,0.12144475520437184,0.6695652173913044,662.3377879516552,450.0
46889,,45.0,1069224,450.0,0.050321109386349226,0.6561285201291851,0.0,659.8880097153734,450.0
46889,,45.0,1080536,450.0,0.3310707800132902,0.10857848345432423,0.0,676.7540208489519,450.0
46889,,45.0,260577,450.0,0.21442613200099184,0.0786939334447524,0.008547008547008548,779.4228634059948,450.0
47315,,0.0,877605,450.0,0.9592096732407122,0.04822148339785856,0.0,779.4228634059948,450.0
47315,,0.0,357520,450.0,0.9479145091228445,0.04671227815309806,0.0,779.4228634059948,450.0
47315,,0.0,1034055,450.0,0.9539421592347218,0.04426309040754697,0.0,779.4228634059948,450.0
47315,,0.0,179887,450.0,0.9419050973108779,0.04433343709793162,0.0,779.4228634059948,450.0
47315,,0.0,1027144,450.0,0.9451978297449796,0.04465364467725136,0.0,779.4228634059948,450.0
47315,,0.0,907459,450.0,0.9549382655127842,0.03858040166165057,0.0,717.0541759485219,450.0
47315,,0.0,306322,450.0,0.9394816301143399,0.04304811695982802,0.0,779.4228634059948,450.0
47315,,0.0,831878,450.0,0.9586164646475103,0.036992518216347296,0.0,746.8160263670211,450.0
47315,,0.0,686016,450.0,0.9515086227945431,0.06015963350569603,0.0,779.4228634059948,450.0
47315,,0.0,583899,450.0,0.9614117550530131,0.039464131163095,0.0,760.8760699071098,450.0
47315,,5.0,942529,450.0,0.8380038741450736,0.1259844819365761,0.0,779.4228634059948,450.0
47315,,5.0,564649,450.0,0.9526986662658207,0.16783800855039985,0.0,779.4228634059948,450.0
47315,,5.0,1017066,450.0,0.0,0.07095192982032647,0.16379310344827586,779.4228634059948,450.0
47315,,5.0,129831,450.0,0.3884207342362707,0.025880370664411977,0.5862068965517241,663.046346977353,450.0
47315,,5.0,852999,450.0,1.0175705275604257,0.04471623327732834,0.0,729.8683849597573,450.0
47315,,5.0,418822,450.0,0.940793797629512,0.1772999950169999,0.0,779.4228634059948,450.0
47315,,5.0,204243,450.0,0.2294993680870767,0.02192660282747266,0.7280701754385965,467.08811914379453,450.0
47315,,5.0,635008,450.0,0.20483302443680554,0.02589320058875443,0.7435897435897436,494.829052283175,450.0
47315,,5.0,440098,450.0,1.0002763993510426,0.11743149145737077,0.0,779.4228634059948,450.0
47315,,5.0,554527,450.0,0.8349243556919032,0.1221515388549501,0.0,779.4228634059948,450.0
47315,,10.0,780995,450.0,1.0530228814504197,0.19842638427989243,0.0,779.4228634059948,450.0
47315,,10.0,133548,450.0,0.15105167599232702,0.026845518347659563,0.7567567567567568,502.2095363128536,450.0
47315,,10.0,137572,450.0,0.9861085583469607,0.34738994629821796,0.0,779.4228634059948,450.0
47315,,10.0,402242,450.0,0.9809409329127938,0.24994004340608633,0.0,779.4228634059948,450.0
47315,,10.0,130340,450.0,0.8661528987645352,0.3311306975255799,0.0,779.4228634059948,450.0
47315,,10.0,672159,450.0,0.8186541330008786,0.33568858354908365,0.0,779.4228634059948,450.0
47315,,10.0,290077,450.0,0.7507402830616712,0.05738035166670871,0.0,779.4228634059948,450.0
47315,,10.0,445428,450.0,0.2939709165799473,0.023313577823146272,0.6814159292035398,491.4301576044635,450.0
47315,,10.0,705812,450.0,0.9915624814868038,0.23925097888206498,0.0,779.4228634059948,450.0
47315,,10.0,639751,450.0,0.2992426611449579,0.028264584618006405,0.5454545454545454,500.43060720279124,450.0
47315,,15.0,376843,450.0,0.049153223296266584,0.020855330054605006,0.8869565217391304,638.3758800901488,450.0
47315,,15.0,614033,450.0,0.0617269812995189,0.018379972354463592,0.8596491228070176,507.97469675607533,450.0
47315,,15.0,414140,450.0,0.021707266621888825,0.018735301994434087,0.9230769230769231,636.5298000300169,450.0
47315,,15.0,783591,450.0,0.29390583652765156,0.029011584242114637,0.7058823529411765,653.5445216833282,450.0
47315,,15.0,663362,450.0,0.03970853299348592,0.01824335782358765,0.896551724137931,464.3981600896871,450.0
47315,,15.0,1076271,450.0,1.0625591286265004,0.2928827753246233,0.0,779.4228634059948,450.0
47315,,15.0,824971,450.0,0.06958924931463972,0.0224479644868166,0.8362068965517241,530.6394950223062,450.0
47315,,15.0,661336,450.0,0.026805198205861407,0.023799871724361692,0.9145299145299145,500.20181018591353,450.0
47315,,15.0,992703,450.0,0.6983885001493623,0.2645986699232806,0.0,779.4228634059948,450.0
47315,,15.0,930647,450.0,1.116816469424086,0.20243699776841978,0.0,779.4228634059948,450.0
47315,,20.0,611978,450.0,0.011895526636193856,0.016022709705193552,0.9035087719298246,549.8252049745626,450.0
47315,,20.0,135915,450.0,0.04304752827923191,0.014049364702174329,0.9272727272727272,646.121403148801,450.0
47315,,20.0,478683,450.0,1.0525006879801637,0.4114835912145378,0.0,779.4228634059948,450.0
47315,,20.0,267677,450.0,0.2702211146435262,0.025628380175976136,0.7477477477477478,496.16133422645015,450.0
47315,,20.0,605224,450.0,0.011734879048194197,0.01575167326944661,0.923728813559322,486.20630847037035,450.0
47315,,20.0,949476,450.0,1.163133510659776,0.22714047885285665,0.0,779.4228634059948,450.0
47315,,20.0,151943,450.0,0.022014304296370996,0.02314889512370136,0.9322033898305084,463.28545514243825,450.0
47315,,20.0,755453,450.0,0.04300589742262048,0.015848819893936765,0.9243697478991597,641.709900478542,450.0
47315,,20.0,536433,450.0,0.0,0.013825607652780686,0.9363636363636364,645.3126924239043,450.0
47315,,20.0,795444,450.0,0.07370427254133605,0.02463365661119187,0.7913043478260869,484.7703428175246,450.0
47315,,30.0,822524,450.0,0.0,0.008873376910462052,0.954954954954955,640.4932056903689,450.0
47315,,30.0,370205,450.0,0.8513771481662685,0.7652330439681456,0.0,779.4228634059948,450.0
47315,,30.0,324122,450.0,0.0,0.024434988379122665,0.8448275862068966,512.7968648292849,450.0
47315,,30.0,472280,450.0,0.4329797773526163,0.8705517463835213,0.01818181818181818,779.4228634059948,450.0
47315,,30.0,165080,450.0,0.42713408934709424,0.2162986438738003,0.0,687.5192390720109,450.0
47315,,30.0,173319,450.0,0.6703859535169935,0.6556499365595261,0.0,779.4228634059948,450.0
47315,,30.0,789407,450.0,0.0,0.007238492580758056,0.9565217391304348,472.5424427897251,450.0
47315,,30.0,108880,450.0,0.6760424087000041,0.8527554544499287,0.0,779.4228634059948,450.0
47315,,30.0,383618,450.0,0.0,0.018505332816939116,0.9224137931034483,529.4018977102558,450.0
47315,,30.0,304810,450.0,0.7082909176525046,0.6862839907636199,0.0,779.4228634059948,450.0
47315,,45.0,1060863,450.0,0.7089714421676624,1.186474111884756,0.0,779.4228634059948,450.0
47315,,45.0,137796,450.0,0.0,0.010106695525192886,0.9316239316239316,464.7452691462179,450.0
47315,,45.0,628588,450.0,0.36614216759161855,0.6430031538709403,0.0,676.9293703687505,450.0
47315,,45.0,508026,450.0,0.0,0.016435956613918636,0.9642857142857143,641.90608581583,450.0
47315,,45.0,840820,450.0,0.5495231705935468,0.7849990767839781,0.0,649.9749333836589,450.0
47315,,45.0,531494,450.0,0.0,0.09337684514988336,0.7567567567567568,666.3899428088523,450.0
47315,,45.0,499899,450.0,0.0,0.08374704829193418,0.7657657657657657,664.8804496459336,450.0
47315,,45.0,849895,450.0,0.720027487637245,1.1587549110657716,0.0,779.4228634059948,450.0
47315,,45.0,756912,450.0,0.7169458365550915,1.119189006852072,0.0,779.4228634059948,450.0
47315,,45.0,954191,450.0,0.0,0.15860015850205028,0.17543859649122806,723.4484293680687,450.0
48271,,0.0,459337,450.0,0.9942413348161591,0.023790656393896183,0.0,779.4228634059948,450.0
48271,,0.0,910740,450.0,1.0536910310744172,0.058634017743328146,0.0,779.4228634059948,450.0
48271,,0.0,414892,450.0,0.9960811560744153,0.035191270525299724,0.0,779.4228634059948,450.0
48271,,0.0,242597,450.0,0.9270516856707781,0.07676786666186386,0.0,762.5000875131949,450.0
48271,,0.0,421225,450.0,0.09812977877107294,0.0690103654494964,0.5526315789473685,779.4228634059948,450.0
48271,,0.0,861354,450.0,0.902539993047021,0.043648898740738636,0.0,737.5786737377059,450.0
48271,,0.0,486349,450.0,0.9173727321533,0.04324840389405388,0.0,656.9117497353426,450.0
48271,,0.0,910223,450.0,1.0402975515640067,0.05799559657897182,0.0,779.4228634059948,450.0
48271,,0.0,1072277,450.0,0.8914260639715433,0.06668883123612841,0.0,722.5040917550455,450.0
48271,,0.0,344947,450.0,0.050995492679573984,0.05918831344714768,0.5508474576271186,779.4228634059948,450.0
48271,,5.0,145290,450.0,0.07797092345033757,0.043730316146196276,0.811965811965812,720.5342279509592,450.0
48271,,5.0,125370,450.0,0.11979382895628356,0.068096635010113,0.6036036036036037,779.4228634059948,450.0
48271,,5.0,658926,450.0,0.9525622343321505,0.07161381814683292,0.0,779.4228634059948,450.0
48271,,5.0,109253,450.0,0.9438926624659522,0.04182735795024582,0.0,676.7356365185426,450.0
48271,,5.0,234390,450.0,0.8545967691611449,0.02138635285244141,0.04201680672268908,676.0928570140753,450.0
48271,,5.0,701290,450.0,0.885242481793682,0.07295075249255095,0.0,779.4228634059948,450.0
48271,,5.0,805524,450.0,1.0883721542311224,0.0711264004843059,0.0,779.4228634059948,450.0
48271,,5.0,462055,450.0,0.8871171545940354,0.04730889601453358,0.0,665.6564134774178,450.0
48271,,5.0,631899,450.0,0.8679476112741915,0.04798947468156194,0.0,779.4228634059948,450.0
48271,,5.0,157145,450.0,0.9539798233505573,0.065070311069442,0.0,779.4228634059948,450.0
48271,,10.0,551571,450.0,0.7933510031264742,0.13258384491700576,0.0,779.4228634059948,450.0
48271,,10.0,96325,450.0,1.0752272398390526,0.14620908420435794,0.0,774.3653308799052,450.0
48271,,10.0,575396,450.0,0.8555559157897712,0.036275284663074316,0.0,652.3231657985892,450.0
48271,,10.0,144503,450.0,0.1185026749597805,0.07116968982942364,0.2966101694915254,775.4045586180255,450.0
48271,,10.0,270405,450.0,0.0,0.11117751156802154,0.26785714285714285,776.6441599627461,450.0
48271,,10.0,1068392,450.0,0.8066267509398731,0.10201962288290303,0.00847457627118644,779.4228634059948,450.0
48271,,10.0,116263,450.0,0.9716389349115603,0.09271931928053756,0.0,779.4228634059948,450.0
48271,,10.0,689692,450.0,1.226780304350825,0.25427665597112586,0.0,779.4228634059948,450.0
48271,,10.0,1049064,450.0,1.0585095295239058,0.059054796208745916,0.0,779.4228634059948,450.0
48271,,10.0,373678,450.0,0.21953664124087557,0.05053663573996439,0.6694915254237288,779.4228634059948,450.0
48271,,15.0,489807,450.0,0.9495840467546078,0.05943286897600568,0.0,779.4228634059948,450.0
48271,,15.0,156800,450.0,0.9996225512764624,0.04714066118774441,0.0,779.4228634059948,450.0
48271,,15.0,448930,450.0,1.1114953570534223,0.13436041264685297,0.0,779.4228634059948,450.0
48271,,15.0,1011187,450.0,1.0246839975151651,0.19840873947460647,0.0,779.4228634059948,450.0
48271,,15.0,542171,450.0,0.4112954368628299,0.028933825065594117,0.4636363636363636,673.1785015651946,450.0
48271,,15.0,873800,450.0,1.0261214194428243,0.14098568652219792,0.0,779.4228634059948,450.0
48271,,15.0,147299,450.0,0.11309689790793344,0.03967216282179197,0.782608695652174,660.1722470347044,450.0
48271,,15.0,607985,450.0,0.8864680833744085,0.11160700718775754,0.0,779.4228634059948,450.0
48271,,15.0,460769,450.0,1.1079729869222037,0.1992454023435039,0.0,779.4228634059948,450.0
48271,,15.0,654833,450.0,0.0,0.12422517295374012,0.635593220338983,779.4228634059948,450.0
48271,,20.0,463092,450.0,0.812225835094263,0.30880786339632105,0.0,779.4228634059948,450.0
48271,,20.0,1055658,450.0,0.03742887344577029,0.038063576944084444,0.8103448275862069,699.136551766371,450.0
48271,,20.0,293632,450.0,0.8293240910113162,0.2897645418953728,0.0,779.4228634059948,450.0
48271,,20.0,120773,450.0,0.8438458764310117,0.047046818428589,0.0,779.4228634059948,450.0
48271,,20.0,1004298,450.0,0.033234477433551894,0.17936913912446528,0.6283185840707964,763.6838569141825,450.0
48271,,20.0,1058231,450.0,1.1338452926355858,0.22478499267778282,0.0,779.4228634059948,450.0
48271,,20.0,1081323,450.0,0.0,0.07442119639671711,0.8828828828828829,760.4599072148036,450.0
48271,,20.0,223280,450.0,0.0691572694358994,0.15998778373050193,0.5130434782608696,779.4228634059948,450.0
48271,,20.0,674556,450.0,0.4168392626317231,0.10808168089482391,0.2807017543859649,779.4228634059948,450.0
48271,,20.0,435396,450.0,0.7068766572844808,0.038097374617373315,0.0,680.7699624606979,450.0
48271,,30.0,427827,450.0,1.0713511682050894,0.380593429871024,0.0,779.4228634059948,450.0
48271,,30.0,963505,450.0,0.0,0.07506133623147049,0.8245614035087719,779.4228634059948,450.0
48271,,30.0,773498,450.0,0.0,0.0716170831130485,0.8053097345132744,759.8283434120278,450.0
48271,,30.0,875088,450.0,1.2597453971765704,0.23389046249733067,0.0,779.4228634059948,450.0
48271,,30.0,943702,450.0,0.03212634277839653,0.1487305702592394,0.6779661016949152,659.6061695322412,450.0
48271,,30.0,407265,450.0,0.9064078014350349,0.09713275321947454,0.0,779.4228634059948,450.0
48271,,30.0,374796,450.0,0.12115570221668931,0.06097584110131991,0.7522123893805309,644.8488230732562,450.0
48271,,30.0,792634,450.0,0.7950360086637605,0.22254713910360205,0.0,779.4228634059948,450.0
48271,,30.0,920368,450.0,0.8913328731042593,0.4207845277896841,0.0,779.4228634059948,450.0
48271,,30.0,432158,450.0,0.7411531574485333,0.4537586157830024,0.0,779.4228634059948,450.0
48271,,45.0,204611,450.0,0.018512918112276483,0.03592767498444845,0.8596491228070176,686.4448359231067,450.0
48271,,45.0,163362,450.0,0.0,0.047818381340592214,0.9464285714285714,726.7559405867503,450.0
48271,,45.0,812198,450.0,0.9441302486933724,0.27143674487654174,0.0,773.8790481453868,450.0
48271,,45.0,238198,450.0,0.8426911866543447,0.26854722067452147,0.0,779.4228634059948,450.0
48271,,45.0,147137,450.0,0.7524244770181049,0.540869959988243,0.0,779.4228634059948,450.0
48271,,45.0,963913,450.0,0.6932783095902444,0.4640595112502135,0.0,779.4228634059948,450.0
48271,,45.0,413008,450.0,0.21776965102551427,0.27445851990324754,0.20353982300884957,779.4228634059948,450.0
48271,,45.0,245417,450.0,0.0912659518012625,0.26420614262251024,0.28448275862068967,779.4228634059948,450.0
48271,,45.0,513523,450.0,1.1396961872436773,0.11783794738285853,0.0,779.4228634059948,450.0
48271,,45.0,582894,450.0,0.005681685951163684,0.37131329554941594,0.09401709401709402,779.4228634059948,450.0
7119,,0.0,909130,450.0,1.0080815474566132,0.009077998140296095,0.0,762.2311333958037,450.0
7119,,0.0,1064933,450.0,0.946520015544212,0.054396545550440906,0.0,642.9798965639009,450.0
7119,,0.0,914538,450.0,0.9462676276247856,0.05207609904700502,0.0,689.1165348971901,450.0
7119,,0.0,139599,450.0,1.0384144064242629,0.13056355028900318,0.0,779.4228634059948,450.0
7119,,0.0,833674,450.0,0.9090088148571918,0.05543927876435807,0.0,647.3110739638221,450.0
7119,,0.0,662570,450.0,1.016390451241055,0.009510932358551959,0.0,637.2506410017352,450.0
7119,,0.0,1024527,450.0,0.0,0.015328536811257213,0.9310344827586207,642.8454330674682,450.0
7119,,0.0,1010307,450.0,0.03707507954860553,0.08010132046419058,0.8803418803418803,779.4228634059948,450.0
7119,,0.0,866735,450.0,1.0170822363767456,0.006606737063542177,0.0,716.1229834259698,450.0
7119,,0.0,575425,450.0,1.0086063359560002,0.043858082030091304,0.0,779.4228634059948,450.0
7119,,5.0,193288,450.0,0.996681075032012,0.06618363101392416,0.0,779.4228634059948,450.0
7119,,5.0,963135,450.0,1.0923708426481116,0.028666801503110514,0.7522123893805309,643.112555763498,450.0
7119,,5.0,157303,450.0,1.0089531625703787,0.08157862900009251,0.0,779.4228634059948,450.0
7119,,5.0,1089463,450.0,1.0164886794708892,0.09147116357117333,0.0,772.9211328599722,450.0
7119,,5.0,850100,450.0,1.0003302943079349,0.08210019888156078,0.0,779.4228634059948,450.0
7119,,5.0,190489,450.0,0.0,0.04152483968467154,0.6756756756756757,669.8670190271082,450.0
7119,,5.0,472227,450.0,0.9843638455211852,0.07294154819603704,0.0,779.4228634059948,450.0
7119,,5.0,782053,450.0,0.9938780388181367,0.0800970801184005,0.0,771.0958842695825,450.0
7119,,5.0,462994,450.0,1.0412473103167408,0.09292041067020282,0.0,779.4228634059948,450.0
7119,,5.0,889362,450.0,1.0386006839089164,0.09427271462538027,0.0,779.4228634059948,450.0
7119,,10.0,885125,450.0,0.9352982892757423,0.06597610271404408,0.0,779.4228634059948,450.0
7119,,10.0,313924,450.0,0.9247994672993214,0.09422582999014477,0.0,779.4228634059948,450.0
7119,,10.0,1062873,450.0,1.1004855982455404,0.18528979714740598,0.0,779.4228634059948,450.0
7119,,10.0,792434,450.0,0.0,0.0543408890129642,0.9322033898305084,550.5783018239586,450.0
7119,,10.0,630444,450.0,0.9332148665781653,0.08909728225204501,0.0,779.4228634059948,450.0
7119,,10.0,851132,450.0,1.0421761489348196,0.1969773174456422,0.0,779.4228634059948,450.0
7119,,10.0,426128,450.0,0.26843371577835984,0.08415371547832716,0.5535714285714286,674.0757541623025,450.0
7119,,10.0,277153,450.0,1.0175376400229317,0.15214919427772292,0.0,779.4228634059948,450.0
7119,,10.0,388606,450.0,0.0,0.053813991585955255,0.9322033898305084,525.2470876029682,450.0
7119,,10.0,294080,450.0,0.0,0.028130768198463548,0.8818181818181818,644.0380986502333,450.0
7119,,15.0,583819,450.0,1.031821775655657,0.06399554253105139,0.17857142857142858,706.3464765785999,450.0
7119,,15.0,1010364,450.0,0.0,0.023416737791582192,0.9017857142857143,646.677928831413,450.0
7119,,15.0,706168,450.0,0.9767715264447085,0.287715048176331,0.0,779.4228634059948,450.0
7119,,15.0,612531,450.0,0.0,0.10658975074101149,0.5132743362831859,738.7887929740494,450.0
7119,,15.0,861643,450.0,1.0832208677481723,0.2632606122764282,0.0,779.4228634059948,450.0
7119,,15.0,326609,450.0,1.0833581673689106,0.05461139279741836,0.0,777.5923239393296,450.0
7119,,15.0,196859,450.0,0.5182613106669435,0.04636613436433408,0.3277310924369748,679.6652595458987,450.0
7119,,15.0,498043,450.0,0.044817354627518645,0.023306609244734086,0.7657657657657657,653.0387875624361,450.0
7119,,15.0,543816,450.0,0.20051099008486414,0.0319658419170651,0.75,642.5132664669892,450.0
7119,,15.0,750676,450.0,0.8879349490647062,0.06373390507860892,0.0,779.4228634059948,450.0
7119,,20.0,1058165,450.0,1.1442455694302052,0.030356894022099866,0.8918918918918919,646.336346871922,450.0
7119,,20.0,756137,450.0,0.8624699155040524,0.0925399929866468,0.0,775.4978931179984,450.0
7119,,20.0,769874,450.0,0.07354175630621008,0.20416563050600559,0.20168067226890757,779.4228634059948,450.0
7119,,20.0,614324,450.0,1.1069933855804543,0.08185606594370406,0.0,779.4228634059948,450.0
7119,,20.0,314287,450.0,1.1223226392397803,0.3325285209552554,0.0,779.4228634059948,450.0
7119,,20.0,668590,450.0,0.004838079249819124,0.07467460289697668,0.8974358974358975,774.2240710315399,450.0
7119,,20.0,122667,450.0,1.0622672937752786,0.16300602619975063,0.0,774.1640821528989,450.0
7119,,20.0,208778,450.0,0.9341837546801589,0.1933596982315294,0.02608695652173913,777.2373551972071,450.0
7119,,20.0,336408,450.0,0.0,0.0898654073107481,0.8558558558558559,646.5489047854228,450.0
7119,,20.0,737257,450.0,0.8672018184400231,0.2673010827670696,0.0,779.4228634059948,450.0
7119,,30.0,140442,450.0,0.0,0.055336043679568486,0.8907563025210085,655.2302324317476,450.0
7119,,30.0,218462,450.0,0.6567082402847879,0.5203652307301816,0.0,772.2371354334352,450.0
7119,,30.0,336211,450.0,0.8294707504736987,0.3333212714423787,0.0,779.4228634059948,450.0
7119,,30.0,589139,450.0,0.023835979595476942,0.1768894427163136,0.6779661016949152,660.1754586664824,450.0
7119,,30.0,742069,450.0,1.1142776872544804,0.17149386720675475,0.0,779.4228634059948,450.0
7119,,30.0,636333,450.0,0.0,0.19631755899135522,0.5175438596491229,779.4228634059948,450.0
7119,,30.0,530532,450.0,0.05440447660138453,0.05216890872741483,0.8728813559322034,651.0551216515919,450.0
7119,,30.0,335641,450.0,1.5104016222460983,0.5115851212211946,0.02654867256637168,779.4228634059948,450.0
7119,,30.0,1057538,450.0,1.165328594036916,0.24778655176250167,0.0,773.6985228523147,450.0
7119,,30.0,452080,450.0,0.7573051306153746,0.2519962811852464,0.36363636363636365,727.3403184552452,450.0
7119,,45.0,751025,450.0,0.45976629609435693,0.8098627787957464,0.0,779.4228634059948,450.0
7119,,45.0,724114,450.0,0.0,0.042918555694988245,0.9469026548672567,637.7070256488983,450.0
7119,,45.0,532708,450.0,1.345440936653727,0.17813753961940268,0.05309734513274336,682.5127517405327,450.0
7119,,45.0,1086620,450.0,0.7365430055825432,0.7372837699694587,0.0,779.4228634059948,450.0
7119,,45.0,676226,450.0,0.8603610746565751,0.22615036657981047,0.0,779.4228634059948,450.0
7119,,45.0,641812,450.0,0.2702518965078854,0.7130911349040676,0.0,675.5880172221755,450.0
7119,,45.0,559027,450.0,0.0012705087176333616,0.061582226405312114,0.8813559322033898,642.6685824384299,450.0
7119,,45.0,937437,450.0,1.1428421256579877,0.32051013669781164,0.0,779.4228634059948,450.0
7119,,45.0,588019,450.0,0.40576364805472764,0.78997979214564,0.0,712.8211810073891,450.0
7119,,45.0,735415,450.0,0.6849668877461175,0.6267858546268114,0.0,779.4228634059948,450.0
41004,,0.0,753193,450.0,1.5044211786317763,0.08208283981233581,0.0,779.4228634059948,450.0
41004,,0.0,367146,450.0,1.0585347786738144,0.0322172939596497,0.0,779.4228634059948,450.0
41004,,0.0,406179,450.0,1.0915770037250647,0.01811944864351702,0.0,779.4228634059948,450.0
41004,,0.0,801331,450.0,1.1582477667789466,0.01662592013784557,0.0,779.4228634059948,450.0
41004,,0.0,1076385,450.0,1.108377333579184,0.019123527618053714,0.0,779.4228634059948,450.0
41004,,0.0,922058,450.0,1.068528558452433,0.02013368099730663,0.0,779.4228634059948,450.0
41004,,0.0,844281,450.0,0.8423109744435412,0.08796840085804014,0.0,779.4228634059948,450.0
41004,,0.0,1083504,450.0,1.100778744472237,0.04296493090595943,0.0,778.2852042423049,450.0
41004,,0.0,692217,450.0,0.2763217017112179,0.07282828757667652,0.25892857142857145,779.4228634059948,450.0
41004,,0.0,868559,450.0,1.1971512115091274,0.02277943055571165,0.0,779.4228634059948,450.0
41004,,5.0,423334,450.0,0.3473035499183405,0.07303537934399117,0.13392857142857142,779.4228634059948,450.0
41004,,5.0,517863,450.0,1.06572452943042,0.1601473488045143,0.0,779.4228634059948,450.0
41004,,5.0,809308,450.0,1.1876172024657456,0.054299993988129826,0.0,779.4228634059948,450.0
41004,,5.0,299779,450.0,1.1767046563893804,0.05034569815652366,0.0,779.4228634059948,450.0
41004,,5.0,657166,450.0,0.7320002854429968,0.10299443697592803,0.0,779.4228634059948,450.0
41004,,5.0,365139,450.0,1.124394802446877,0.039579336887256976,0.0,773.1987700913768,450.0
41004,,5.0,143816,450.0,0.30645632263971334,0.13887745561821618,0.0,779.4228634059948,450.0
41004,,5.0,400777,450.0,1.061057659637786,0.04058977929664545,0.0,779.4228634059948,450.0
41004,,5.0,548966,450.0,1.1450725284561734,0.05140824374623239,0.0,779.4228634059948,450.0
41004,,5.0,741227,450.0,1.0146229020335016,0.023381775744019263,0.0,779.4228634059948,450.0
41004,,10.0,646512,450.0,0.1804424253892205,0.05694335312891702,0.49107142857142855,779.4228634059948,450.0
41004,,10.0,531926,450.0,0.8981723603207128,0.059732275078960305,0.0,779.4228634059948,450.0
41004,,10.0,437228,450.0,1.0843150425347994,0.048817524766147105,0.0,779.4228634059948,450.0
41004,,10.0,887437,450.0,0.8183713867526662,0.06830661463770499,0.0,779.4228634059948,450.0
41004,,10.0,528143,450.0,1.0589470311096856,0.10389020116912052,0.0,779.4228634059948,450.0
41004,,10.0,904169,450.0,0.9912134079069788,0.0352945062405538,0.0,779.4228634059948,450.0
41004,,10.0,524721,450.0,1.1476950087848867,0.04056169204812924,0.0,779.4228634059948,450.0
41004,,10.0,738695,450.0,0.2998959532835625,0.062306775641945346,0.18421052631578946,779.4228634059948,450.0
41004,,10.0,263990,450.0,1.0276192659558614,0.05855257509984988,0.0,779.4228634059948,450.0
41004,,10.0,964213,450.0,1.5496203012064622,0.20357672518760894,0.0,779.4228634059948,450.0
41004,,15.0,923648,450.0,0.4562055366323606,0.268212826442025,0.008849557522123894,779.4228634059948,450.0
41004,,15.0,512053,450.0,0.6249301599845033,0.10178984939776434,0.0,779.4228634059948,450.0
41004,,15.0,541630,450.0,1.4870383454578213,0.16704500616162674,0.0,779.4228634059948,450.0
41004,,15.0,769086,450.0,0.34199722384175496,0.08783138199806058,0.07272727272727272,779.4228634059948,450.0
41004,,15.0,430653,450.0,1.332158013191354,0.17159198039050635,0.0,779.4228634059948,450.0
41004,,15.0,267312,450.0,0.998152415902023,0.06641505380737071,0.0,772.1905041038401,450.0
41004,,15.0,743260,450.0,0.804218643633048,0.13527939682608653,0.0,779.4228634059948,450.0
41004,,15.0,878225,450.0,0.9411258971891545,0.06749476136993175,0.0,779.4228634059948,450.0
41004,,15.0,815784,450.0,1.501157952235428,0.07548792088822802,0.23529411764705882,779.4228634059948,450.0
41004,,15.0,659696,450.0,1.1412550053233599,0.08840363386343297,0.0,779.4228634059948,450.0
41004,,20.0,182909,450.0,0.8913073008555097,0.20285919723074525,0.0,779.4228634059948,450.0
41004,,20.0,1085035,450.0,1.0269852870279066,0.08090978156012026,0.0,779.4228634059948,450.0
41004,,20.0,608940,450.0,0.7648395716380961,0.08454650274374265,0.0,751.8169640132564,450.0
41004,,20.0,134460,450.0,1.0971203631334883,0.12073781950007449,0.0,779.4228634059948,450.0
41004,,20.0,787333,450.0,0.5711277961774428,0.036698664474219905,0.0,779.4228634059948,450.0
41004,,20.0,777356,450.0,0.7884184852442503,0.09364882145941571,0.0,779.4228634059948,450.0
41004,,20.0,462743,450.0,0.9907039477592641,0.0647151244618781,0.0,779.4228634059948,450.0
41004,,20.0,704768,450.0,0.5170913572940053,0.07449535360269736,0.0,779.4228634059948,450.0
41004,,20.0,422779,450.0,0.0,0.08689693926683217,0.7043478260869566,779.4228634059948,450.0
41004,,20.0,112718,450.0,1.1433267287145101,0.04057995033781186,0.0,779.4228634059948,450.0
41004,,30.0,491017,450.0,0.0,0.07763470497683583,0.6302521008403361,779.4228634059948,450.0
41004,,30.0,527294,450.0,1.0730732637722045,0.04784807980007205,0.0,779.4228634059948,450.0
41004,,30.0,620249,450.0,0.0,0.2559075888707445,0.415929203539823,779.4228634059948,450.0
41004,,30.0,455041,450.0,0.04053027609372247,0.16802419782355263,0.0,779.4228634059948,450.0
41004,,30.0,1035564,450.0,1.1337856392432117,0.1281474843691319,0.0,779.4228634059948,450.0
41004,,30.0,563204,450.0,1.1459884280283776,0.036787631790555254,0.0,779.4228634059948,450.0
41004,,30.0,688720,450.0,1.0126580644921184,0.10884074949344123,0.0,728.1982902456507,450.0
41004,,30.0,482971,450.0,0.7938495585904554,0.13860328205992992,0.0,756.1609924701368,450.0
41004,,30.0,1044879,450.0,0.7088601632476089,0.1370078959086183,0.0,763.9216241689859,450.0
41004,,30.0,151748,450.0,0.04204015649489688,0.05715285901667885,0.7207207207207207,779.4228634059948,450.0
41004,,45.0,546071,450.0,1.5125830031485572,0.20947065225172184,0.0,779.4228634059948,450.0
41004,,45.0,685935,450.0,0.3829482190198857,0.09551727894231095,0.18584070796460178,779.4228634059948,450.0
41004,,45.0,594738,450.0,0.466864317214418,0.1105650043604934,0.0,779.4228634059948,450.0
41004,,45.0,241857,450.0,0.8506250543386148,0.13575243317318622,0.0,779.4228634059948,450.0
41004,,45.0,1026715,450.0,0.5091109001480493,0.13412220508869724,0.0,779.4228634059948,450.0
41004,,45.0,947944,450.0,1.5402252491856396,0.2128368845687659,0.0,779.4228634059948,450.0
41004,,45.0,658192,450.0,1.508297569047067,0.25403632059970876,0.0,779.4228634059948,450.0
41004,,45.0,234774,450.0,0.9108876442666206,0.16616989345289462,0.0,779.4228634059948,450.0
41004,,45.0,130031,450.0,0.3383715083077753,0.2466865843297887,0.0,705.3410603114736,450.0
41004,,45.0,776300,450.0,0.6165240078515057,0.10771543505888026,0.0,779.4228634059948,450.0
46889,,0.0,726958,600.0,1.0044584827852605,0.17908379708794492,0.0,1031.4364366764732,600.0
46889,,0.0,1075621,600.0,1.0171518233710324,0.04136634536321473,0.0,1039.2304845413264,600.0
46889,,0.0,587108,600.0,0.9855110872438008,0.06101156025568057,0.0,1038.167608286701,600.0
46889,,0.0,507375,600.0,0.9404606597332377,0.08423991826811741,0.0,985.0938161849328,600.0
46889,,0.0,257132,600.0,1.0087967549653143,0.06984331100258159,0.0,984.4234590429246,600.0
46889,,0.0,292274,600.0,1.0064655374196307,0.15411836025452538,0.0,1028.9796757148454,600.0
46889,,0.0,830820,600.0,1.0202591101589795,0.04044988222191355,0.0,1038.6945342023923,600.0
46889,,0.0,850688,600.0,1.0115776379209442,0.16446517195554164,0.0,1027.282303596709,600.0
46889,,0.0,126293,600.0,1.0155788285412302,0.07056317249476059,0.0,1035.0202666830135,600.0
46889,,0.0,278920,600.0,1.0008947139903708,0.07052361205357544,0.0,1035.8550959612248,600.0
46889,,5.0,630894,600.0,1.0571732445505906,0.18389489848169335,0.0,1036.2079898177296,600.0
46889,,5.0,99497,600.0,1.0511556614777346,0.14697949184499878,0.0,1039.2304845413264,600.0
46889,,5.0,1012947,600.0,1.0576785458484304,0.11122135305295547,0.0,1014.0811745281194,600.0
46889,,5.0,632786,600.0,0.982930516406961,0.04528901804980024,0.0,1024.633986252183,600.0
46889,,5.0,347360,600.0,0.9156802503899832,0.038729308520128035,0.0,1036.7510615971285,600.0
46889,,5.0,991670,600.0,0.9761793065366132,0.05527589136162272,0.0,925.0115327724614,600.0
46889,,5.0,876834,600.0,0.9754854924061661,0.18020923890131935,0.0,1039.2304845413264,600.0
46889,,5.0,473067,600.0,0.964033647895943,0.08075637401819363,0.0,970.0882566054931,600.0
46889,,5.0,798913,600.0,0.9597335216053452,0.08860343349575298,0.0,991.281701747644,600.0
46889,,5.0,750773,600.0,1.1048822832952527,0.11509261644198153,0.0,981.507911585481,600.0
46889,,10.0,825020,600.0,0.9702837191033035,0.04397558921815892,0.0,923.3644692338381,600.0
46889,,10.0,594317,600.0,1.0789884339700575,0.05723039904336532,0.0,1032.5724219858362,600.0
46889,,10.0,315374,600.0,0.8467415088046866,0.05278411018604792,0.0,1016.1974732066614,600.0
46889,,10.0,350824,600.0,0.9273517358420227,0.05864937557217669,0.0,942.746763446891,600.0
46889,,10.0,215114,600.0,1.090359508598631,0.09125263871847934,0.0,928.2723001228385,600.0
46889,,10.0,965214,600.0,0.955290196008187,0.08197882582208012,0.0,897.8146063562504,600.0
46889,,10.0,581281,600.0,1.06761750013065,0.04592949549379313,0.0,1039.2304845413264,600.0
46889,,10.0,931270,600.0,0.5187644744019771,0.04008107160293429,0.44537815126050423,932.6212635815032,600.0
46889,,10.0,601372,600.0,1.0656517721967254,0.14940480626881972,0.0,1039.2304845413264,600.0
46889,,10.0,1052973,600.0,0.8847121259120855,0.032588092239581805,0.0,1008.3223229391616,600.0
46889,,15.0,667849,600.0,1.1854258344983546,0.15745165878085093,0.0,1039.2304845413264,600.0
46889,,15.0,1079544,600.0,0.5158530058878219,0.2482335071140416,0.0,1039.2304845413264,600.0
46889,,15.0,153501,600.0,1.046722854662534,0.1484996163486882,0.0,1039.2304845413264,600.0
46889,,15.0,750995,600.0,0.8388989240690841,0.04919066198065584,0.025210084033613446,910.4738687188556,600.0
46889,,15.0,695054,600.0,0.9049029890523694,0.04894435865913923,0.06722689075630252,1013.004850796036,600.0
46889,,15.0,544510,600.0,1.0996781548604855,0.07107710995917901,0.0,1039.2304845413264,600.0
46889,,15.0,799319,600.0,1.1936292464689433,0.21648818964113192,0.0,1039.2304845413264,600.0
46889,,15.0,433017,600.0,1.1874464948899206,0.09722702709831335,0.0,1032.8398043377094,600.0
46889,,15.0,862981,600.0,0.07764230087354908,0.05384328396162544,0.7647058823529411,941.6810515584066,600.0
46889,,15.0,398017,600.0,0.982586361427696,0.07060099196687862,0.05405405405405406,1031.7495221333972,600.0
46889,,20.0,215838,600.0,0.481788145367463,0.11382967966400065,0.25862068965517243,991.7525445763541,600.0
46889,,20.0,161264,600.0,0.34060282949075515,0.35709100323846105,0.0,931.6273426312121,600.0
46889,,20.0,367123,600.0,1.1567668320311755,0.06560311031704388,0.0,1036.3590865837245,600.0
46889,,20.0,178541,600.0,0.6597058919467453,0.050895029888371614,0.1875,896.9429967915029,600.0
46889,,20.0,325421,600.0,0.7019130572855926,0.030604176950106345,0.0,1038.4762693395332,600.0
46889,,20.0,451473,600.0,0.5198553413012543,0.12488762845710452,0.0,1028.4793551641214,600.0
46889,,20.0,793016,600.0,0.840121175626297,0.05857624963600639,0.20512820512820512,915.5630705840227,600.0
46889,,20.0,572819,600.0,0.4134042299643223,0.2134975233151882,0.0,954.3307588039125,600.0
46889,,20.0,953012,600.0,1.2669396024993953,0.1550880776051509,0.0,1039.2304845413264,600.0
46889,,20.0,980427,600.0,0.7061767638299257,0.03010228339165839,0.0,1024.5427060268512,600.0
46889,,30.0,97232,600.0,0.10914960386833049,0.13316783942485114,0.33035714285714285,903.3915122100482,600.0
46889,,30.0,586546,600.0,0.54847038676133,0.15798560589001343,0.40350877192982454,1039.2304845413264,600.0
46889,,30.0,125976,600.0,0.754880759933693,0.15622868648162402,0.008695652173913044,1039.2304845413264,600.0
46889,,30.0,312347,600.0,0.44991256322657647,0.08671005062892825,0.504424778761062,902.3629017193552,600.0
46889,,30.0,1064982,600.0,0.5251517099799523,0.46355086419716024,0.0,1025.7825931122607,600.0
46889,,30.0,696536,600.0,0.553944630657947,0.03135481754170474,0.10909090909090909,892.0709809075458,600.0
46889,,30.0,781878,600.0,0.13596374005742756,0.44210763526077007,0.0,908.9155540204823,600.0
46889,,30.0,361917,600.0,0.15793917191929363,0.3235371215835307,0.0,905.2401606222548,600.0
46889,,30.0,807137,600.0,0.366353206157555,0.10556970990022647,0.5,902.6676027603245,600.0
46889,,30.0,1001394,600.0,0.42536834473127105,0.050321505174399116,0.3620689655172414,932.4801341798766,600.0
46889,,45.0,565995,600.0,0.0,0.20764509127100766,0.4818181818181818,873.7271762625636,600.0
46889,,45.0,751490,600.0,0.0,0.24869052860362237,0.0,1039.2304845413264,600.0
46889,,45.0,890496,600.0,0.5610778715698719,0.2870060216501683,0.24778761061946902,1039.2304845413264,600.0
46889,,45.0,891486,600.0,0.8719044489471486,0.3830347373833164,0.0,1039.2304845413264,600.0
46889,,45.0,997794,600.0,0.2289613730633724,0.10797231959386613,0.6106194690265486,885.7564986365732,600.0
46889,,45.0,1057411,600.0,1.0709979522220063,0.2265846799037153,0.0,1039.2304845413264,600.0
46889,,45.0,854232,600.0,0.15894497864901383,0.23641221286124017,0.5478260869565217,934.690824930032,600.0
46889,,45.0,1069224,600.0,0.05252199527969552,0.6567155193736426,0.0,879.2406603457928,600.0
46889,,45.0,1080536,600.0,0.08037592284186057,0.03328942014110842,0.28695652173913044,871.9341445974195,600.0
46889,,45.0,260577,600.0,0.26658461156147856,0.08528911076331165,0.0,917.1774174124831,600.0
47315,,0.0,877605,600.0,0.9628067755098685,0.05004905572518542,0.0,1039.2304845413264,600.0
47315,,0.0,357520,600.0,0.9550395094094926,0.03733964929540207,0.0,898.0124463410889,600.0
47315,,0.0,1034055,600.0,0.9476051850701347,0.040312439332509824,0.0,895.3996941588107,600.0
47315,,0.0,179887,600.0,0.9427769970601316,0.04044618595723394,0.0,898.1766502265224,600.0
47315,,0.0,1027144,600.0,0.9477260513014988,0.03797645246159197,0.0,879.5207227956781,600.0
47315,,0.0,907459,600.0,0.9448186255696671,0.03890083247928537,0.0,867.6240547560566,600.0
47315,,0.0,306322,600.0,0.9447562506669154,0.03634770201004456,0.0,875.2917055109298,600.0
47315,,0.0,831878,600.0,1.002754503164653,0.05423944664189126,0.0,1039.2304845413264,600.0
47315,,0.0,686016,600.0,0.9237618426766419,0.05574230441860722,0.0,878.8643808093232,600.0
47315,,0.0,583899,600.0,0.944079787863388,0.03818396706677257,0.0,887.7633946720765,600.0
47315,,5.0,942529,600.0,0.8349582717652042,0.1131128867321881,0.0,886.1916733797368,600.0
47315,,5.0,564649,600.0,1.0043113330988611,0.12425345582801652,0.0,1039.2304845413264,600.0
47315,,5.0,1017066,600.0,0.9006355909576942,0.05346221527778423,0.0,1033.718301346073,600.0
47315,,5.0,129831,600.0,0.31858059825066254,0.025623216027725233,0.646551724137931,647.3525459861461,600.0
47315,,5.0,852999,600.0,1.0399712810137594,0.06110414907579926,0.0,1039.2304845413264,600.0
47315,,5.0,418822,600.0,0.9425601085077315,0.17883640391076655,0.0,1039.2304845413264,600.0
47315,,5.0,204243,600.0,1.1082026869682096,0.13499248859918234,0.0,1031.8759759043685,600.0
47315,,5.0,635008,600.0,0.14571962638649366,0.025928687924035344,0.7692307692307693,873.675180968448,600.0
47315,,5.0,440098,600.0,0.9809438797320544,0.08279868990513208,0.0,934.2541743249519,600.0
47315,,5.0,554527,600.0,0.888020017150835,0.06959632517612407,0.0,1039.2304845413264,600.0
47315,,10.0,780995,600.0,1.0927027559036946,0.13636280578330923,0.0,1039.2304845413264,600.0
47315,,10.0,133548,600.0,0.11987138280679405,0.02430447559259529,0.7747747747747747,748.2265579270519,600.0
47315,,10.0,137572,600.0,0.8160166357718409,0.3083229151508839,0.0,1039.2304845413264,600.0
47315,,10.0,402242,600.0,1.0367690078445608,0.21698307467502856,0.0,1039.2304845413264,600.0
47315,,10.0,130340,600.0,0.8720423439366812,0.29977148277387683,0.0,1039.2304845413264,600.0
47315,,10.0,672159,600.0,0.824510919347168,0.347219256718981,0.0,1039.2304845413264,600.0
47315,,10.0,290077,600.0,0.7501594240797599,0.06090401696496649,0.0,909.9217540809033,600.0
47315,,10.0,445428,600.0,0.40570917582272864,0.036895156617030446,0.6017699115044248,866.3844927116573,600.0
47315,,10.0,705812,600.0,0.9890732646820537,0.2390839295812518,0.0,1039.2304845413264,600.0
47315,,10.0,639751,600.0,0.34514952366076745,0.025557845476031307,0.509090909090909,665.4766059443714,600.0
47315,,15.0,376843,600.0,0.021842436191487447,0.021655972141516773,0.8956521739130435,708.8049761970681,600.0
47315,,15.0,614033,600.0,0.03659245611993699,0.01861720166616691,0.868421052631579,852.6379936384496,600.0
47315,,15.0,414140,600.0,0.012249694877585426,0.016421536423217215,0.9230769230769231,720.580496264892,600.0
47315,,15.0,783591,600.0,0.29136542906045626,0.07272668637114574,0.7058823529411765,922.720983867079,600.0
47315,,15.0,663362,600.0,0.0035256758092331443,0.019800018383281513,0.9137931034482759,645.0014769332871,600.0
47315,,15.0,1076271,600.0,1.0585867160840832,0.2876539121964639,0.0,1039.2304845413264,600.0
47315,,15.0,824971,600.0,0.057149806441651574,0.034041057410343994,0.8362068965517241,852.778331767704,600.0
47315,,15.0,661336,600.0,0.007624412382431584,0.015031465510262172,0.9145299145299145,610.1495328783068,600.0
47315,,15.0,992703,600.0,0.0,0.11877947546130019,0.6396396396396397,877.4851766795782,600.0
47315,,15.0,930647,600.0,1.01471466936507,0.11106042527081053,0.10256410256410256,904.8000684862801,600.0
47315,,20.0,611978,600.0,0.006576569689514236,0.016510706306987307,0.9035087719298246,727.9289342726888,600.0
47315,,20.0,135915,600.0,0.041445492695398246,0.02045428986382944,0.9272727272727272,857.7220391525415,600.0
47315,,20.0,478683,600.0,0.08105399276205785,0.14237089196104996,0.4789915966386555,888.8588712194579,600.0
47315,,20.0,267677,600.0,0.376898179675811,0.026905981774688347,0.6756756756756757,642.4692244157109,600.0
47315,,20.0,605224,600.0,0.0,0.012120842886967463,0.923728813559322,655.621023815011,600.0
47315,,20.0,949476,600.0,0.8859449870194253,0.11825697268910805,0.1891891891891892,974.0455970163671,600.0
47315,,20.0,151943,600.0,0.0,0.015153905529096241,0.9322033898305084,643.5401313123671,600.0
47315,,20.0,755453,600.0,0.0020891971564434724,0.0087133585398774,0.9327731092436975,850.1406053509695,600.0
47315,,20.0,536433,600.0,0.0,0.012582854552861605,0.9363636363636364,787.8367292054232,600.0
47315,,20.0,795444,600.0,0.07084206857135253,0.025330159543722346,0.7913043478260869,632.7624278793784,600.0
47315,,30.0,822524,600.0,0.0,0.009087037463910368,0.954954954954955,856.2628874002461,600.0
47315,,30.0,370205,600.0,0.8398843787549827,0.7789739656806719,0.0,1039.2304845413264,600.0
47315,,30.0,324122,600.0,0.0,0.02405528794484935,0.8448275862068966,639.0019356513126,600.0
47315,,30.0,472280,600.0,0.6997913463345039,0.7823226503114087,0.0,1039.2304845413264,600.0
47315,,30.0,165080,600.0,0.4222722147669635,0.21091973911033274,0.0,912.8985636365012,600.0
47315,,30.0,173319,600.0,0.8390911478065364,0.660689979618436,0.0,1039.2304845413264,600.0
47315,,30.0,789407,600.0,0.006825681774439989,0.012373130550576006,0.9478260869565217,853.3208085782179,600.0
47315,,30.0,108880,600.0,0.7107744027036562,0.8293528106070414,0.0,1039.2304845413264,600.0
47315,,30.0,383618,600.0,0.0,0.016766882219445153,0.9137931034482759,645.04837998272,600.0
47315,,30.0,304810,600.0,0.6982839112300214,0.6966993725981222,0.0,1039.2304845413264,600.0
47315,,45.0,1060863,600.0,0.8271134135628918,1.0799931622693255,0.0,1039.2304845413264,600.0
47315,,45.0,137796,600.0,0.023788316384294995,0.17574623960210622,0.7948717948717948,877.8152416015481,600.0
47315,,45.0,628588,600.0,0.36894766556380026,0.6860059074846305,0.0,904.0168459238487,600.0
47315,,45.0,508026,600.0,0.0,0.01621004552842857,0.9642857142857143,853.5974535192801,600.0
47315,,45.0,840820,600.0,0.5526221893654134,0.831601793268265,0.0,965.2042387220213,600.0
47315,,45.0,531494,600.0,0.0,0.0886509480803028,0.7567567567567568,886.1571360311847,600.0
47315,,45.0,499899,600.0,0.9468896609028326,0.7807668064481872,0.0,1039.2304845413264,600.0
47315,,45.0,849895,600.0,0.7125007804731485,1.096923759359097,0.0,1039.2304845413264,600.0
47315,,45.0,756912,600.0,0.7114442819078804,1.1454675576062248,0.0,1039.2304845413264,600.0
47315,,45.0,954191,600.0,0.13635797185537044,0.14559967230028234,0.3684210526315789,864.4223195727258,600.0
48271,,0.0,459337,600.0,0.0,0.04538110524386004,0.44642857142857145,1039.2304845413264,600.0
48271,,0.0,910740,600.0,0.022370400025880033,0.09367126719675693,0.3644067796610169,1039.2304845413264,600.0
48271,,0.0,414892,600.0,0.8774837247337887,0.06456996544640328,0.0,857.2873175513053,600.0
48271,,0.0,242597,600.0,0.9178851826566095,0.044972799258160556,0.0,856.9736083742513,600.0
48271,,0.0,421225,600.0,0.9217963841981996,0.04098137284898115,0.0,890.693744067244,600.0
48271,,0.0,861354,600.0,1.040306239103919,0.04355316738614359,0.0,1039.2304845413264,600.0
48271,,0.0,486349,600.0,1.1958594265114753,0.06573702039496582,0.4,1019.5397865744217,600.0
48271,,0.0,910223,600.0,0.12229035690052185,0.10141704014985423,0.5175438596491229,1039.2304845413264,600.0
48271,,0.0,1072277,600.0,1.0424277002969335,0.039135820485152836,0.0,1039.2304845413264,600.0
48271,,0.0,344947,600.0,1.0028684548570608,0.0261723455897003,0.0,1039.2304845413264,600.0
48271,,5.0,145290,600.0,0.858354617804415,0.08373555132687129,0.0,1039.2304845413264,600.0
48271,,5.0,125370,600.0,0.9890513226338423,0.038698754345965196,0.0,1039.2304845413264,600.0
48271,,5.0,658926,600.0,1.0599823728467457,0.07594088656781582,0.0,1016.406315830472,600.0
48271,,5.0,109253,600.0,0.954384999083087,0.03370219533504343,0.0,893.5168149980748,600.0
48271,,5.0,234390,600.0,1.1103186745986744,0.11351960327294576,0.0,1039.2304845413264,600.0
48271,,5.0,701290,600.0,0.0,0.0504655475310964,0.3684210526315789,1011.9422902116883,600.0
48271,,5.0,805524,600.0,0.9366777222880798,0.04354491880504522,0.0,907.9502978803146,600.0
48271,,5.0,462055,600.0,0.8860075680971944,0.050278402070235005,0.0,889.3544940625721,600.0
48271,,5.0,631899,600.0,0.8922516732822626,0.04409432392100936,0.0,1039.2304845413264,600.0
48271,,5.0,157145,600.0,1.0740805300384677,0.042691181776699914,0.0,1039.2304845413264,600.0
48271,,10.0,551571,600.0,0.48071512387996773,0.12551665519512592,0.2631578947368421,1039.2304845413264,600.0
48271,,10.0,96325,600.0,1.0342050178927042,0.15188979386520488,0.0,1032.1346588962451,600.0
48271,,10.0,575396,600.0,0.9735534126242193,0.13753365273876217,0.0,1039.2304845413264,600.0
48271,,10.0,144503,600.0,0.9647470538915468,0.06638487675288185,0.0,1039.2304845413264,600.0
48271,,10.0,270405,600.0,0.4832623758851087,0.030919274323062306,0.41964285714285715,694.5146128305113,600.0
48271,,10.0,1068392,600.0,0.8088044412701815,0.0776613236238391,0.0,878.526992410776,600.0
48271,,10.0,116263,600.0,0.7921767804850799,0.030576838351845784,0.044642857142857144,852.4044835273812,600.0
48271,,10.0,689692,600.0,0.8232096196365947,0.14259446397200246,0.0,1039.2304845413264,600.0
48271,,10.0,1049064,600.0,0.2252562358340111,0.08845999105034293,0.6896551724137931,967.4079530198833,600.0
48271,,10.0,373678,600.0,0.9773736762722522,0.04426626261379526,0.0,1039.2304845413264,600.0
48271,,15.0,489807,600.0,1.0769053865483795,0.044787383045938836,0.0,1031.61035453867,600.0
48271,,15.0,156800,600.0,1.0106805100555938,0.14819919299839554,0.0,1039.2304845413264,600.0
48271,,15.0,448930,600.0,0.052740681955357825,0.048688470856724134,0.7964601769911505,1039.2304845413264,600.0
48271,,15.0,1011187,600.0,1.0223350361233225,0.1686334081792528,0.0,1039.2304845413264,600.0
48271,,15.0,542171,600.0,0.28991708807043276,0.030393166340887068,0.5636363636363636,658.0469510842306,600.0
48271,,15.0,873800,600.0,1.0743131719277133,0.06618450134745772,0.0,1039.2304845413264,600.0
48271,,15.0,147299,600.0,1.055308023871202,0.09676051080187116,0.0,1039.2304845413264,600.0
48271,,15.0,607985,600.0,0.7416121687523026,0.0871466886607048,0.0,944.5857136426339,600.0
48271,,15.0,460769,600.0,0.18864377559900253,0.028772517325532678,0.7027027027027027,849.4220882564281,600.0
48271,,15.0,654833,600.0,0.24658951067269652,0.12278760897257059,0.576271186440678,1039.2304845413264,600.0
48271,,20.0,463092,600.0,0.061892836479322574,0.17418695087348912,0.34782608695652173,1039.2304845413264,600.0
48271,,20.0,1055658,600.0,0.036539717705194596,0.08669975803438297,0.5,947.0912520774264,600.0
48271,,20.0,293632,600.0,0.9231067963726446,0.22725891270217197,0.0,1039.2304845413264,600.0
48271,,20.0,120773,600.0,0.8821549959042077,0.08081876415239163,0.0,1030.7475589319097,600.0
48271,,20.0,1004298,600.0,1.3055292154572027,0.0998721715742349,0.6194690265486725,901.3102760557499,600.0
48271,,20.0,1058231,600.0,0.1591922949418491,0.14252389831464532,0.5892857142857143,1039.2304845413264,600.0
48271,,20.0,1081323,600.0,0.7260433051812839,0.0362434673251066,0.0,852.2122826508765,600.0
48271,,20.0,223280,600.0,0.3025235209998496,0.11858609089807129,0.45217391304347826,976.2495406219898,600.0
48271,,20.0,674556,600.0,0.0,0.17786702677206676,0.06140350877192982,1039.2304845413264,600.0
48271,,20.0,435396,600.0,0.7381996875298236,0.06926368857877109,0.0,1028.4451678554933,600.0
48271,,30.0,427827,600.0,0.7786016845169775,0.3962981617087811,0.0,1039.2304845413264,600.0
48271,,30.0,963505,600.0,0.1409788965468949,0.05025793219861077,0.7280701754385965,875.2610811832877,600.0
48271,,30.0,773498,600.0,0.5483150434124381,0.41222767072494615,0.0,983.0381806516701,600.0
48271,,30.0,875088,600.0,1.3240228103406502,0.21376607735270925,0.08695652173913043,1039.2304845413264,600.0
48271,,30.0,943702,600.0,0.5627809115656695,0.28954693232175527,0.2288135593220339,1034.729563210574,600.0
48271,,30.0,407265,600.0,0.9093647763072017,0.08255479767025353,0.00909090909090909,937.0106589872566,600.0
48271,,30.0,374796,600.0,0.026002414454897534,0.029636083440168916,0.8053097345132744,665.0595493469323,600.0
48271,,30.0,792634,600.0,0.21673170833072275,0.02524362829941714,0.5486725663716814,874.7442280289387,600.0
48271,,30.0,920368,600.0,0.7516343155562776,0.41268807888020065,0.0,1039.2304845413264,600.0
48271,,30.0,432158,600.0,0.7313625944890767,0.40012122300165276,0.0,1039.2304845413264,600.0
48271,,45.0,204611,600.0,0.6837232387893685,0.4993225877698913,0.0,1039.2304845413264,600.0
48271,,45.0,163362,600.0,0.0,0.5342231993209862,0.044642857142857144,1039.2304845413264,600.0
48271,,45.0,812198,600.0,0.7174619249307571,0.19439477321312,0.0,1039.2304845413264,600.0
48271,,45.0,238198,600.0,0.5532956936043887,0.3519388618633974,0.02727272727272727,1039.2304845413264,600.0
48271,,45.0,147137,600.0,0.7503944832534316,0.4895837882744039,0.0,1039.2304845413264,600.0
48271,,45.0,963913,600.0,0.6627477775821152,0.41243653706107025,0.0,1039.2304845413264,600.0
48271,,45.0,413008,600.0,0.8181479186060789,0.4535192042871107,0.0,1036.4202666219048,600.0
48271,,45.0,245417,600.0,0.016800479320250344,0.1095993697510841,0.35344827586206895,923.7651419556331,600.0
48271,,45.0,513523,600.0,1.1616817454348598,0.07706967413006972,0.0,1039.2304845413264,600.0
48271,,45.0,582894,600.0,0.8578867003246667,0.49710716869859745,0.0,1039.2304845413264,600.0
7119,,0.0,909130,600.0,1.0081800222684953,0.00920882055051997,0.0,838.7096016218803,600.0
7119,,0.0,1064933,600.0,0.915123740826397,0.054774923236564695,0.0,871.0104679040693,600.0
7119,,0.0,914538,600.0,1.0157353885024243,0.05991404440719193,0.0,1039.2304845413264,600.0
7119,,0.0,139599,600.0,1.0179123134285997,0.012331373998433141,0.0,915.0680624207733,600.0
7119,,0.0,833674,600.0,0.9121347528507547,0.05583750461813655,0.0,860.704171080383,600.0
7119,,0.0,662570,600.0,1.016448433250744,0.008644908320818136,0.0,843.6820933751945,600.0
7119,,0.0,1024527,600.0,0.9251238818651281,0.055832476274721037,0.0,849.9527880696805,600.0
7119,,0.0,1010307,600.0,0.9092887548204451,0.05590745583285895,0.0,873.3799425755444,600.0
7119,,0.0,866735,600.0,1.0170080821488283,0.006675189436171196,0.0,847.8258115742493,600.0
7119,,0.0,575425,600.0,0.9130667567394029,0.05259854055750142,0.0,853.3542272433276,600.0
7119,,5.0,193288,600.0,1.000135682166562,0.09263930845088587,0.0,1039.2304845413264,600.0
7119,,5.0,963135,600.0,1.1121590372594017,0.026862801062397437,0.7433628318584071,738.1623375039422,600.0
7119,,5.0,157303,600.0,1.4744420132654554,0.05267158796173953,0.5652173913043478,921.8399029252508,600.0
7119,,5.0,1089463,600.0,1.0037862451230515,0.0909083061313181,0.0,1039.2304845413264,600.0
7119,,5.0,850100,600.0,0.9821877988563379,0.0895775569219212,0.0,977.8198193549082,600.0
7119,,5.0,190489,600.0,0.9892493436042618,0.0872817926594515,0.0,1032.7176497186313,600.0
7119,,5.0,472227,600.0,1.0109636416056766,0.06568806129387791,0.0,1031.4976374381054,600.0
7119,,5.0,782053,600.0,0.9942677283368981,0.08782047113768278,0.0,1033.1778870008857,600.0
7119,,5.0,462994,600.0,1.040984663247705,0.09208858740959276,0.0,1030.5659662867288,600.0
7119,,5.0,889362,600.0,1.0389180481325564,0.09859525125818469,0.0,1039.2304845413264,600.0
7119,,10.0,885125,600.0,0.9359464575217221,0.06514384301137165,0.0,1039.2304845413264,600.0
7119,,10.0,313924,600.0,0.4689502474177412,0.057564813985741974,0.05128205128205128,1039.2304845413264,600.0
7119,,10.0,1062873,600.0,1.0808217814593872,0.0845928647267891,0.0,1030.9551413249542,600.0
7119,,10.0,792434,600.0,0.0,0.05652392843568326,0.9322033898305084,674.5534166307534,600.0
7119,,10.0,630444,600.0,0.937804548989188,0.08007519982997935,0.0,1039.2304845413264,600.0
7119,,10.0,851132,600.0,1.038341275228692,0.1732325611558688,0.0,1024.2331429712267,600.0
7119,,10.0,426128,600.0,1.0604940347490583,0.1881269296153768,0.0,1031.6926866443378,600.0
7119,,10.0,277153,600.0,1.018623820891989,0.14594331554834786,0.0,1039.2304845413264,600.0
7119,,10.0,388606,600.0,0.0,0.05386393008555804,0.9322033898305084,659.0194428968443,600.0
7119,,10.0,294080,600.0,0.0,0.02537532660562122,0.9,858.2633750851475,600.0
7119,,15.0,583819,600.0,1.0105608157057178,0.17863659066369375,0.0,1039.2304845413264,600.0
7119,,15.0,1010364,600.0,1.0696268601071206,0.02175853026579388,0.0,989.9964690238447,600.0
7119,,15.0,706168,600.0,1.1154904552940215,0.3255815652747128,0.0,1039.2304845413264,600.0
7119,,15.0,612531,600.0,0.9496435999923316,0.2092635460830659,0.0,1039.2304845413264,600.0
7119,,15.0,861643,600.0,0.05647238385094426,0.04540109819111522,0.8571428571428571,866.6239896080685,600.0
7119,,15.0,326609,600.0,1.0847558205783834,0.05560566111490739,0.0,1033.9280494397995,600.0
7119,,15.0,196859,600.0,0.5112873098866884,0.05646654880435034,0.33613445378151263,893.7434773937748,600.0
7119,,15.0,498043,600.0,0.9296732323988425,0.19169592632570923,0.0,1039.2304845413264,600.0
7119,,15.0,543816,600.0,0.05345018479005413,0.031539360601322564,0.7678571428571429,872.7039259478871,600.0
7119,,15.0,750676,600.0,1.433519597543866,0.06755023609172661,0.13274336283185842,1039.2304845413264,600.0
7119,,20.0,1058165,600.0,0.9862154348121385,0.23028850949066684,0.0,936.1849769914512,600.0
7119,,20.0,756137,600.0,0.34701718199989384,0.08782556674416273,0.4789915966386555,1039.2304845413264,600.0
7119,,20.0,769874,600.0,0.8741903599273246,0.15120327921238186,0.01680672268907563,1033.7739631937209,600.0
7119,,20.0,614324,600.0,1.0550462077985423,0.07795848699167308,0.0,1039.2304845413264,600.0
7119,,20.0,314287,600.0,1.1385728008233629,0.44016844288326057,0.0,1039.2304845413264,600.0
7119,,20.0,668590,600.0,0.0,0.013199340392385791,0.9401709401709402,848.8290430395783,600.0
7119,,20.0,122667,600.0,1.0296950426186549,0.28401438411843427,0.0,1036.5223919964594,600.0
7119,,20.0,208778,600.0,0.9322323883744964,0.1844868700212881,0.008695652173913044,1011.2731194460684,600.0
7119,,20.0,336408,600.0,0.0,0.050707277174624726,0.8288288288288288,855.9468033120285,600.0
7119,,20.0,737257,600.0,0.8663629902723087,0.2619580771681963,0.0,1039.2304845413264,600.0
7119,,30.0,140442,600.0,0.007764622627878806,0.0560826084248018,0.9159663865546218,851.3814269590837,600.0
7119,,30.0,218462,600.0,0.8677397117136145,0.37529185849458047,0.30701754385964913,956.515343773357,600.0
7119,,30.0,336211,600.0,0.7560402246713419,0.32325784221961507,0.0,1039.2304845413264,600.0
7119,,30.0,589139,600.0,0.0,0.05326417782984883,0.9152542372881356,855.9904583922842,600.0
7119,,30.0,742069,600.0,1.1352775703707796,0.17235268503438844,0.0,1031.0460445023832,600.0
7119,,30.0,636333,600.0,1.1324524622063439,0.11878297548035033,0.0,1032.566650464282,600.0
7119,,30.0,530532,600.0,0.05148211699409554,0.05330984456608083,0.8813559322033898,866.8927550154696,600.0
7119,,30.0,335641,600.0,1.3062398160912194,0.37057625772378705,0.35398230088495575,1039.2304845413264,600.0
7119,,30.0,1057538,600.0,1.1636738762178536,0.23844919668504402,0.0,1036.5767100252115,600.0
7119,,30.0,452080,600.0,0.8855835882749717,0.4972907095936893,0.0,1039.2304845413264,600.0
7119,,45.0,751025,600.0,0.45931681726903734,0.8104190901652437,0.0,1039.2304845413264,600.0
7119,,45.0,724114,600.0,0.0,0.03813101036142411,0.9734513274336283,632.9320957459445,600.0
7119,,45.0,532708,600.0,0.0,0.04103375761517461,0.6637168141592921,878.581978294707,600.0
7119,,45.0,1086620,600.0,1.2025558487242332,0.7032386490817798,0.008695652173913044,1039.2304845413264,600.0
7119,,45.0,676226,600.0,0.8659159251829595,0.20539813079101318,0.0,1039.2304845413264,600.0
7119,,45.0,641812,600.0,0.26707587771120317,0.699572741397445,0.0,914.7003497286163,600.0
7119,,45.0,559027,600.0,0.0,0.0383280682095949,0.9322033898305084,883.4890336807057,600.0
7119,,45.0,937437,600.0,1.1349256941373163,0.28905270322297566,0.0,1039.2304845413264,600.0
7119,,45.0,588019,600.0,0.4507170119483079,0.769891925407713,0.0,932.3675284890538,600.0
7119,,45.0,735415,600.0,0.2810131365107194,0.3470392360982827,0.5225225225225225,887.7807383444461,600.0
41004,,0.0,753193,600.0,1.0485538866784327,0.018933675801243933,0.0,1039.2304845413264,600.0
41004,,0.0,367146,600.0,1.1017473423823125,0.03198997584931283,0.0,1007.1969158359724,600.0
41004,,0.0,406179,600.0,1.1610023011163888,0.04214872391040452,0.0,1039.2304845413264,600.0
41004,,0.0,801331,600.0,1.5318582262985068,0.27109392981111724,0.0,1039.2304845413264,600.0
41004,,0.0,1076385,600.0,0.3100039366638216,0.09631322377671188,0.33620689655172414,992.9843920074261,600.0
41004,,0.0,922058,600.0,1.08289707481267,0.03611447285991155,0.0,1039.2304845413264,600.0
41004,,0.0,844281,600.0,0.9027899630528088,0.04761273361732007,0.0,1016.2910223635048,600.0
41004,,0.0,1083504,600.0,0.813507032857432,0.1093895070218166,0.0,1035.120669668281,600.0
41004,,0.0,692217,600.0,1.0956944096533945,0.017280675106465075,0.0,985.4346975431595,600.0
41004,,0.0,868559,600.0,1.085889204941098,0.03464369475659952,0.0,1033.4314853076835,600.0
41004,,5.0,423334,600.0,1.0797622430062663,0.028090388541496102,0.0,1034.4694113621833,600.0
41004,,5.0,517863,600.0,1.0314710046088214,0.03442900455405878,0.0,1030.001562762293,600.0
41004,,5.0,809308,600.0,0.0,0.0935742679046802,0.6727272727272727,1039.2304845413264,600.0
41004,,5.0,299779,600.0,1.084822555337545,0.028418083163169978,0.0,1039.2304845413264,600.0
41004,,5.0,657166,600.0,0.8368502272882365,0.11078782743564966,0.0,978.5277573607035,600.0
41004,,5.0,365139,600.0,1.1088270909672626,0.021991594903468123,0.0,1039.2304845413264,600.0
41004,,5.0,143816,600.0,0.9010671255888962,0.049066757446260725,0.0,1039.2304845413264,600.0
41004,,5.0,400777,600.0,1.1707617398210741,0.03257311502148478,0.0,997.8639387118418,600.0
41004,,5.0,548966,600.0,1.0912881558762786,0.12982866361158416,0.0,1039.2304845413264,600.0
41004,,5.0,741227,600.0,0.2792818910816378,0.09202174585556978,0.10909090909090909,1039.2304845413264,600.0
41004,,10.0,646512,600.0,1.006403153163155,0.046980199344977484,0.0,1031.5259382537806,600.0
41004,,10.0,531926,600.0,1.5468745084440725,0.08785821344115259,0.0,1039.2304845413264,600.0
41004,,10.0,437228,600.0,1.0705008339719342,0.04384499654929778,0.0,1033.6704325633941,600.0
41004,,10.0,887437,600.0,0.9931234003169327,0.05085977017735053,0.0,1039.2304845413264,600.0
41004,,10.0,528143,600.0,0.0,0.07120147787523749,0.6754385964912281,1039.2304845413264,600.0
41004,,10.0,904169,600.0,0.2623401492539335,0.04181495946595182,0.19090909090909092,1029.3440796307648,600.0
41004,,10.0,524721,600.0,1.1702629303185326,0.03725056760736627,0.0,989.3508899763303,600.0
41004,,10.0,738695,600.0,0.7026561877958986,0.06864678426949901,0.0,1039.2304845413264,600.0
41004,,10.0,263990,600.0,1.1310190496080559,0.03706721026340628,0.0,1039.2304845413264,600.0
41004,,10.0,964213,600.0,1.1198171537397703,0.027395412265193916,0.0,1037.2896642152823,600.0
41004,,15.0,923648,600.0,0.8824162172794475,0.03826197150226909,0.0,1033.2462994348716,600.0
41004,,15.0,512053,600.0,1.2591788839662883,0.03778767229583747,0.0,1039.2304845413264,600.0
41004,,15.0,541630,600.0,1.1229066112324622,0.042262510688584796,0.0,1030.8633967192384,600.0
41004,,15.0,769086,600.0,0.46365183966261314,0.2652255058923466,0.1,1039.2304845413264,600.0
41004,,15.0,430653,600.0,0.8563099234399169,0.07388871885599722,0.0,1039.2304845413264,600.0
41004,,15.0,267312,600.0,0.9193909612391064,0.07523948357905455,0.0,1039.2304845413264,600.0
41004,,15.0,743260,600.0,0.9303788695631267,0.0674136621525096,0.0,954.1129020336649,600.0
41004,,15.0,878225,600.0,1.0381002497877128,0.06413250728737034,0.0,1023.8306142872119,600.0
41004,,15.0,815784,600.0,0.7769871037896467,0.1226627411200127,0.0,1039.2304845413264,600.0
41004,,15.0,659696,600.0,0.0,0.05187049908788894,0.3805309734513274,1010.0575901102309,600.0
41004,,20.0,182909,600.0,1.0748466028278163,0.08550103583198805,0.0,1039.2304845413264,600.0
41004,,20.0,1085035,600.0,0.8101742619576383,0.09594111662512592,0.0,1021.8226208891599,600.0
41004,,20.0,608940,600.0,1.003405432708381,0.05556752374853928,0.0,1039.2304845413264,600.0
41004,,20.0,134460,600.0,0.6989521337243889,0.08083009214800548,0.0,1039.2304845413264,600.0
41004,,20.0,787333,600.0,1.542667055820941,0.1495160916871066,0.0,1039.2304845413264,600.0
41004,,20.0,777356,600.0,1.0176473838311912,0.07624338092504912,0.0,1028.213486809469,600.0
41004,,20.0,462743,600.0,1.2992590175416483,0.07750394430952788,0.0,997.8285525913687,600.0
41004,,20.0,704768,600.0,0.3174296976102236,0.0612076694609822,0.1565217391304348,1039.2304845413264,600.0
41004,,20.0,422779,600.0,0.8462817395388395,0.05314570460238846,0.0,1039.2304845413264,600.0
41004,,20.0,112718,600.0,1.1314317365287339,0.0469092904404864,0.0,1039.2304845413264,600.0
41004,,30.0,491017,600.0,0.3211819858688623,0.14102307030913327,0.14285714285714285,1039.2304845413264,600.0
41004,,30.0,527294,600.0,0.3856088966180547,0.2658607048992317,0.0,1005.635760855627,600.0
41004,,30.0,620249,600.0,0.0,0.07099331273122104,0.13274336283185842,1036.3649433857415,600.0
41004,,30.0,455041,600.0,0.0,0.06689217735048422,0.5,1039.2304845413264,600.0
41004,,30.0,1035564,600.0,1.1122328485376005,0.10839163106426049,0.0,1039.2304845413264,600.0
41004,,30.0,563204,600.0,1.047619147575461,0.043809692877516244,0.0,1039.2304845413264,600.0
41004,,30.0,688720,600.0,0.9054676580880192,0.11728537932876644,0.0,1039.2304845413264,600.0
41004,,30.0,482971,600.0,0.7178396616563899,0.21193490567182757,0.0,1039.2304845413264,600.0
41004,,30.0,1044879,600.0,0.9662705433949205,0.11437788424512717,0.0,1039.2304845413264,600.0
41004,,30.0,151748,600.0,0.0,0.06982195258306316,0.7927927927927928,1039.2304845413264,600.0
41004,,45.0,546071,600.0,0.25463550639190174,0.10677848998617741,0.025423728813559324,930.212491453897,600.0
41004,,45.0,685935,600.0,1.5330410703342234,0.2272733392840323,0.0,1039.2304845413264,600.0
41004,,45.0,594738,600.0,0.36208770945800944,0.11325348158912119,0.0,1025.2636049465814,600.0
41004,,45.0,241857,600.0,1.0080345878629526,0.1507087467394525,0.0,971.4333143415387,600.0
41004,,45.0,1026715,600.0,0.19871618015162124,0.056585996210788574,0.0,1039.2304845413264,600.0
41004,,45.0,947944,600.0,0.7269411999494052,0.07884289095906552,0.0,1039.2304845413264,600.0
41004,,45.0,658192,600.0,0.8653285314490919,0.13745952355368085,0.0,1039.2304845413264,600.0
41004,,45.0,234774,600.0,0.7592031736893907,0.15825829801052957,0.0,1039.2304845413264,600.0
41004,,45.0,130031,600.0,1.0086344511700311,0.12176987431512293,0.0,1039.2304845413264,600.0
41004,,45.0,776300,600.0,0.0,0.050567577861935595,0.0,1032.6681486498221,600.0
