obj,delta_deg,seed,condition,progress,max_track_err,quality_frac,peak_force,f_max_used
46889,0.0,726958,gripper_matched_fmax,1.0759246735952377,0.2229239691071428,0.0,99.78798310321616,57.61261890653168
46889,0.0,1075621,gripper_matched_fmax,1.008184176708836,0.12070098771373808,0.0,99.78798310321616,57.61261890653168
46889,0.0,587108,gripper_matched_fmax,1.016865404916733,0.13888648790932467,0.0,99.78798310321616,57.61261890653168
46889,0.0,507375,gripper_matched_fmax,1.0145267528169795,0.12947032351863028,0.0,99.78798310321616,57.61261890653168
46889,0.0,257132,gripper_matched_fmax,1.0165288317632857,0.12866689839781445,0.0,99.78798310321616,57.61261890653168
46889,0.0,292274,gripper_matched_fmax,1.002208000176656,0.1486819948818135,0.0,99.78798310321616,57.61261890653168
46889,0.0,830820,gripper_matched_fmax,1.0141443137662933,0.1215448045428036,0.0,99.78798310321616,57.61261890653168
46889,0.0,850688,gripper_matched_fmax,1.0441927024354833,0.14062692702772828,0.0,99.78798310321616,57.61261890653168
46889,0.0,126293,gripper_matched_fmax,1.0141541888017345,0.13469253290652275,0.0,99.78798310321616,57.61261890653168
46889,0.0,278920,gripper_matched_fmax,1.0137396376014987,0.12433737409597463,0.0,99.78798310321616,57.61261890653168
46889,5.0,630894,gripper_matched_fmax,1.1278276897489437,0.19910492682052186,0.0,99.78798310321616,57.61261890653168
46889,5.0,99497,gripper_matched_fmax,1.1080878995428929,0.1651024757503112,0.0,99.78798310321616,57.61261890653168
46889,5.0,1012947,gripper_matched_fmax,1.0558480971565876,0.15673706980549545,0.0,99.78798310321616,57.61261890653168
46889,5.0,632786,gripper_matched_fmax,0.1588091595615019,0.3042648805739617,0.7394957983193278,99.78798310321616,57.61261890653168
46889,5.0,347360,gripper_matched_fmax,0.9487924377005016,0.11192803419712957,0.0,99.78798310321616,57.61261890653168
46889,5.0,991670,gripper_matched_fmax,1.038969839028945,0.11024196001516595,0.0,99.78798310321616,57.61261890653168
46889,5.0,876834,gripper_matched_fmax,0.9948231347741191,0.12369932078853489,0.0,99.78798310321616,57.61261890653168
46889,5.0,473067,gripper_matched_fmax,0.9733442348704812,0.11350598670908678,0.0,99.78798310321616,57.61261890653168
46889,5.0,798913,gripper_matched_fmax,0.977143212050326,0.11275293673346727,0.0,99.78798310321616,57.61261890653168
46889,5.0,750773,gripper_matched_fmax,1.0706813853390087,0.14410832792935496,0.0,99.78798310321616,57.61261890653168
46889,10.0,825020,gripper_matched_fmax,0.9834729597747286,0.24227163603247953,0.0,99.78798310321616,57.61261890653168
46889,10.0,594317,gripper_matched_fmax,1.0661227833150735,0.1690800541675905,0.0,99.78798310321616,57.61261890653168
46889,10.0,315374,gripper_matched_fmax,0.8716318158918712,0.09658032005875826,0.0,99.78798310321616,57.61261890653168
46889,10.0,350824,gripper_matched_fmax,0.9156162627256668,0.11995411911341383,0.0,99.78798310321616,57.61261890653168
46889,10.0,215114,gripper_matched_fmax,1.1282926104301716,0.14401935625010426,0.0,99.78798310321616,57.61261890653168
46889,10.0,965214,gripper_matched_fmax,0.9449522789828539,0.09679881107217701,0.0,99.78798310321616,57.61261890653168
46889,10.0,581281,gripper_matched_fmax,1.0653863866102373,0.17502828895274727,0.0,99.78798310321616,57.61261890653168
46889,10.0,931270,gripper_matched_fmax,0.5099951548327201,0.058166448710850686,0.453781512605042,99.78798310321616,57.61261890653168
46889,10.0,601372,gripper_matched_fmax,1.0645041714461536,0.2234913436683151,0.0,99.78798310321616,57.61261890653168
46889,10.0,1052973,gripper_matched_fmax,0.8815792415711596,0.0884876224185315,0.0,99.78798310321616,57.61261890653168
46889,15.0,667849,gripper_matched_fmax,1.1949089198923972,0.3113708237499767,0.0,99.78798310321616,57.61261890653168
46889,15.0,1079544,gripper_matched_fmax,0.49681197646032255,0.251820054219786,0.0,99.78798310321616,57.61261890653168
46889,15.0,153501,gripper_matched_fmax,1.0249302699227507,0.2624838827038961,0.0,99.78798310321616,57.61261890653168
46889,15.0,750995,gripper_matched_fmax,0.9079969819613883,0.09589321715660976,0.0,99.78798310321616,57.61261890653168
46889,15.0,695054,gripper_matched_fmax,0.9409715614266722,0.17734818708138553,0.0,99.78798310321616,57.61261890653168
46889,15.0,544510,gripper_matched_fmax,1.0683960748889407,0.09659353798442281,0.0,99.78798310321616,57.61261890653168
46889,15.0,799319,gripper_matched_fmax,1.1829972229275991,0.24003903296229637,0.0,99.78798310321616,57.61261890653168
46889,15.0,433017,gripper_matched_fmax,1.1620481794012703,0.14984041402162504,0.0,99.78798310321616,57.61261890653168
46889,15.0,862981,gripper_matched_fmax,1.143703655216672,0.07209363606806328,0.0,99.78798310321616,57.61261890653168
46889,15.0,398017,gripper_matched_fmax,1.0591872290158473,0.23596296356554874,0.05405405405405406,99.78798310321616,57.61261890653168
46889,20.0,215838,gripper_matched_fmax,1.2280951697158924,0.20695237171759837,0.0,99.78798310321616,57.61261890653168
46889,20.0,161264,gripper_matched_fmax,0.39048294360969743,0.38697819425307395,0.0,91.26873577613534,57.61261890653168
46889,20.0,367123,gripper_matched_fmax,1.0981023882773695,0.11168354479008957,0.0,99.78798310321616,57.61261890653168
46889,20.0,178541,gripper_matched_fmax,0.8080762274686443,0.14515839608342637,0.044642857142857144,99.78798310321616,57.61261890653168
46889,20.0,325421,gripper_matched_fmax,0.6365255197574822,0.2787166571882492,0.0,99.78798310321616,57.61261890653168
46889,20.0,451473,gripper_matched_fmax,0.7688327883253865,0.261160655437639,0.0,99.78798310321616,57.61261890653168
46889,20.0,793016,gripper_matched_fmax,0.9110404713601065,0.2742210928602677,0.0,99.78798310321616,57.61261890653168
46889,20.0,572819,gripper_matched_fmax,0.4044847508454927,0.2281033230079204,0.0,99.78798310321616,57.61261890653168
46889,20.0,953012,gripper_matched_fmax,1.170367368854282,0.23191409612096894,0.0,99.78798310321616,57.61261890653168
46889,20.0,980427,gripper_matched_fmax,0.7150001561654226,0.10569993634479692,0.0,99.78798310321616,57.61261890653168
46889,30.0,97232,gripper_matched_fmax,0.7215177178552447,0.30833525022069536,0.0,99.78798310321616,57.61261890653168
46889,30.0,586546,gripper_matched_fmax,1.2989889080452297,0.2788410373218974,0.0,99.78798310321616,57.61261890653168
46889,30.0,125976,gripper_matched_fmax,0.39214702338097523,0.03413109711373704,0.46956521739130436,92.95864199394752,57.61261890653168
46889,30.0,312347,gripper_matched_fmax,0.206114310980414,0.3567583492699154,0.1592920353982301,99.78798310321616,57.61261890653168
46889,30.0,1064982,gripper_matched_fmax,1.5000788189825525,0.43730635304522686,0.0,99.78798310321616,57.61261890653168
46889,30.0,696536,gripper_matched_fmax,0.4671166774456451,0.11081071244430726,0.10909090909090909,99.78798310321616,57.61261890653168
46889,30.0,781878,gripper_matched_fmax,0.1495138129516911,0.44133204620836364,0.0,93.4169218031539,57.61261890653168
46889,30.0,361917,gripper_matched_fmax,0.16405233878376224,0.31297662641641216,0.0,99.78798310321616,57.61261890653168
46889,30.0,807137,gripper_matched_fmax,0.39112424461995443,0.11718882339142316,0.4661016949152542,99.78798310321616,57.61261890653168
46889,30.0,1001394,gripper_matched_fmax,0.6434383730841566,0.08599077172297151,0.0,99.78798310321616,57.61261890653168
46889,45.0,565995,gripper_matched_fmax,0.0,0.24231455369006621,0.2727272727272727,99.78798310321616,57.61261890653168
46889,45.0,751490,gripper_matched_fmax,0.0,0.34586681608248027,0.0,99.78798310321616,57.61261890653168
46889,45.0,890496,gripper_matched_fmax,0.4757767696655855,0.6398563894604877,0.0,99.78798310321616,57.61261890653168
46889,45.0,891486,gripper_matched_fmax,0.8793202100302921,0.37948942080861625,0.0,99.78798310321616,57.61261890653168
46889,45.0,997794,gripper_matched_fmax,1.1100698909358808,0.6394383082467987,0.0,99.78798310321616,57.61261890653168
46889,45.0,1057411,gripper_matched_fmax,1.0914755755664607,0.1361298601287567,0.02608695652173913,99.78798310321616,57.61261890653168
46889,45.0,854232,gripper_matched_fmax,0.6051382729867727,0.5992125197315403,0.0,99.78798310321616,57.61261890653168
46889,45.0,1069224,gripper_matched_fmax,0.0033065026985375384,0.6421556066891944,0.0,99.78798310321616,57.61261890653168
46889,45.0,1080536,gripper_matched_fmax,0.3172783586415039,0.11688719459005732,0.0,99.78798310321616,57.61261890653168
46889,45.0,260577,gripper_matched_fmax,0.27113562804563096,0.11367893903928249,0.0,99.78798310321616,57.61261890653168
47315,0.0,877605,gripper_matched_fmax,0.0,0.00525991730432904,0.9727272727272728,169.15482700205874,119.03841102086213
47315,0.0,357520,gripper_matched_fmax,0.9434175567509896,0.03799221886604938,0.0,206.1805759404002,119.03841102086213
47315,0.0,1034055,gripper_matched_fmax,0.9579650205983589,0.03882392992591928,0.0,206.1805759404002,119.03841102086213
47315,0.0,179887,gripper_matched_fmax,0.007264356240147988,0.22109507887895627,0.48717948717948717,206.1805759404002,119.03841102086213
47315,0.0,1027144,gripper_matched_fmax,0.03955542854256684,0.19294133793010862,0.7017543859649122,206.1805759404002,119.03841102086213
47315,0.0,907459,gripper_matched_fmax,1.055782012850231,0.2430313799897539,0.0,206.1805759404002,119.03841102086213
47315,0.0,306322,gripper_matched_fmax,0.9366212979524209,0.04392958705018284,0.0,206.1805759404002,119.03841102086213
47315,0.0,831878,gripper_matched_fmax,0.9910756244530445,0.30120827116566123,0.0,206.1805759404002,119.03841102086213
47315,0.0,686016,gripper_matched_fmax,0.928816355511605,0.03852776970953142,0.0,206.1805759404002,119.03841102086213
47315,0.0,583899,gripper_matched_fmax,0.950411186734363,0.03764835735722069,0.0,206.1805759404002,119.03841102086213
47315,5.0,942529,gripper_matched_fmax,0.9290603265705834,0.148473377404543,0.0,206.1805759404002,119.03841102086213
47315,5.0,564649,gripper_matched_fmax,0.7627194689020865,0.20451066077619046,0.16521739130434782,206.1805759404002,119.03841102086213
47315,5.0,1017066,gripper_matched_fmax,0.8375794737214841,0.23235721012994517,0.0,206.1805759404002,119.03841102086213
47315,5.0,129831,gripper_matched_fmax,0.33098493453469885,0.02746651407623201,0.6379310344827587,175.5827820779117,119.03841102086213
47315,5.0,852999,gripper_matched_fmax,1.0054082639953033,0.044145530960707814,0.0,206.1805759404002,119.03841102086213
47315,5.0,418822,gripper_matched_fmax,0.800556206836115,0.20352649342471413,0.1452991452991453,206.1805759404002,119.03841102086213
47315,5.0,204243,gripper_matched_fmax,0.20847985207055228,0.026216172074121788,0.7456140350877193,172.1455683119021,119.03841102086213
47315,5.0,635008,gripper_matched_fmax,0.152833982202352,0.024201351838499936,0.7521367521367521,175.06979693289446,119.03841102086213
47315,5.0,440098,gripper_matched_fmax,0.9359849453353967,0.08698280348174825,0.04201680672268908,206.1805759404002,119.03841102086213
47315,5.0,554527,gripper_matched_fmax,0.034777216547528474,0.10513168559184677,0.9145299145299145,170.90493731726778,119.03841102086213
47315,10.0,780995,gripper_matched_fmax,0.7140386666164431,0.12330061290206004,0.2672413793103448,206.1805759404002,119.03841102086213
47315,10.0,133548,gripper_matched_fmax,0.15179097409205933,0.028214464093561955,0.7567567567567568,170.92348820146827,119.03841102086213
47315,10.0,137572,gripper_matched_fmax,0.8232410542140954,0.3080236681133988,0.0,206.1805759404002,119.03841102086213
47315,10.0,402242,gripper_matched_fmax,1.1174988617064052,0.13840109431254247,0.0,206.1805759404002,119.03841102086213
47315,10.0,130340,gripper_matched_fmax,0.5832356775026417,0.2502731586050226,0.39655172413793105,194.78605927343847,119.03841102086213
47315,10.0,672159,gripper_matched_fmax,1.6,0.2858157480147156,0.875,206.1805759404002,119.03841102086213
47315,10.0,290077,gripper_matched_fmax,0.7470734560381742,0.22750982701311334,0.0,206.1805759404002,119.03841102086213
47315,10.0,445428,gripper_matched_fmax,1.1077528054972547,0.04488929666191803,0.0,206.1805759404002,119.03841102086213
47315,10.0,705812,gripper_matched_fmax,0.06114324570463755,0.27205111048435743,0.954954954954955,193.00680450016398,119.03841102086213
47315,10.0,639751,gripper_matched_fmax,0.34126126777735505,0.19110521648768825,0.509090909090909,206.1805759404002,119.03841102086213
47315,15.0,376843,gripper_matched_fmax,0.04786061892388515,0.020213567102506144,0.8869565217391304,171.41352666683466,119.03841102086213
47315,15.0,614033,gripper_matched_fmax,0.0,0.1313560773923729,0.956140350877193,180.2318668643647,119.03841102086213
47315,15.0,414140,gripper_matched_fmax,0.043815763762328035,0.030190787111919398,0.9145299145299145,206.1805759404002,119.03841102086213
47315,15.0,783591,gripper_matched_fmax,0.054952683622561824,0.18470955615476625,0.680672268907563,206.1805759404002,119.03841102086213
47315,15.0,663362,gripper_matched_fmax,0.027491381167159625,0.22168681399284365,0.8879310344827587,202.0465344581913,119.03841102086213
47315,15.0,1076271,gripper_matched_fmax,1.040902716429091,0.2698025961619716,0.0,206.1805759404002,119.03841102086213
47315,15.0,824971,gripper_matched_fmax,0.8713207821044148,0.25221174629862675,0.0,206.1805759404002,119.03841102086213
47315,15.0,661336,gripper_matched_fmax,0.23780449160415967,0.27602541437135175,0.7350427350427351,206.1805759404002,119.03841102086213
47315,15.0,992703,gripper_matched_fmax,0.2779509968695445,0.12229033870778501,0.6126126126126126,175.6458295953803,119.03841102086213
47315,15.0,930647,gripper_matched_fmax,0.789263828713205,0.21157503058807062,0.27350427350427353,206.1805759404002,119.03841102086213
47315,20.0,611978,gripper_matched_fmax,0.02154476767232085,0.02319169514890474,0.8947368421052632,168.90442758762887,119.03841102086213
47315,20.0,135915,gripper_matched_fmax,0.03583096111404182,0.01640857174838508,0.9272727272727272,170.84757716717525,119.03841102086213
47315,20.0,478683,gripper_matched_fmax,1.1006522866501136,0.2940392020005818,0.0,206.1805759404002,119.03841102086213
47315,20.0,267677,gripper_matched_fmax,0.0,0.2724974771079804,0.5225225225225225,206.1805759404002,119.03841102086213
47315,20.0,605224,gripper_matched_fmax,1.3255974077713935,0.27811482915749575,0.0,206.1805759404002,119.03841102086213
47315,20.0,949476,gripper_matched_fmax,1.3019703781206666,0.20773963822513222,0.0,206.1805759404002,119.03841102086213
47315,20.0,151943,gripper_matched_fmax,0.035849656834385686,0.23675865038502003,0.7711864406779662,176.00349414653786,119.03841102086213
47315,20.0,755453,gripper_matched_fmax,1.3375192374825169,0.29180201466910527,0.0,206.1805759404002,119.03841102086213
47315,20.0,536433,gripper_matched_fmax,0.016319901807397685,0.016531430751515162,0.9272727272727272,171.1038105351228,119.03841102086213
47315,20.0,795444,gripper_matched_fmax,0.8419742020069036,0.6069883219015648,0.0,206.1805759404002,119.03841102086213
47315,30.0,822524,gripper_matched_fmax,0.0,0.02269947123919922,0.9459459459459459,178.2417638556008,119.03841102086213
47315,30.0,370205,gripper_matched_fmax,0.6006621319567811,0.4170769585071005,0.3025210084033613,206.1805759404002,119.03841102086213
47315,30.0,324122,gripper_matched_fmax,0.0,0.02421979814469774,0.8448275862068966,168.75347970482693,119.03841102086213
47315,30.0,472280,gripper_matched_fmax,0.0748704261173954,0.2878726121122258,0.9,206.1805759404002,119.03841102086213
47315,30.0,165080,gripper_matched_fmax,0.11415284471310877,0.18195255848326744,0.6578947368421053,206.1805759404002,119.03841102086213
47315,30.0,173319,gripper_matched_fmax,0.2549454897309795,0.23993408586902784,0.5966386554621849,206.1805759404002,119.03841102086213
47315,30.0,789407,gripper_matched_fmax,0.0,0.021151092018134435,0.9565217391304348,168.6206360688148,119.03841102086213
47315,30.0,108880,gripper_matched_fmax,0.8779260444193226,0.7111005409785399,0.0,206.1805759404002,119.03841102086213
47315,30.0,383618,gripper_matched_fmax,0.0,0.023870061553966045,0.9224137931034483,168.92970304292479,119.03841102086213
47315,30.0,304810,gripper_matched_fmax,0.0,0.22153921003355023,0.6779661016949152,198.5321595829438,119.03841102086213
47315,45.0,1060863,gripper_matched_fmax,0.7238258039868692,1.0632622223897588,0.0,206.1805759404002,119.03841102086213
47315,45.0,137796,gripper_matched_fmax,0.0,0.013033663962636133,0.9316239316239316,169.9776156469758,119.03841102086213
47315,45.0,628588,gripper_matched_fmax,0.3666428417535389,0.6532160095716175,0.0,179.52396469619723,119.03841102086213
47315,45.0,508026,gripper_matched_fmax,1.0394131540755394,0.1483840468641556,0.8928571428571429,206.1805759404002,119.03841102086213
47315,45.0,840820,gripper_matched_fmax,0.5508161394995498,0.8089626861741868,0.0,206.1805759404002,119.03841102086213
47315,45.0,531494,gripper_matched_fmax,0.0,0.22354307055355457,0.4594594594594595,206.1805759404002,119.03841102086213
47315,45.0,499899,gripper_matched_fmax,0.0,0.2716757051451966,0.5405405405405406,206.1805759404002,119.03841102086213
47315,45.0,849895,gripper_matched_fmax,0.0419290502854036,0.633924092627804,0.3559322033898305,195.42173859507355,119.03841102086213
47315,45.0,756912,gripper_matched_fmax,0.7074209299110814,1.1298133907594867,0.0,206.1805759404002,119.03841102086213
47315,45.0,954191,gripper_matched_fmax,0.0,0.13801984849700547,0.6666666666666666,206.1805759404002,119.03841102086213
48271,0.0,459337,gripper_matched_fmax,1.0974285728790716,0.5381061582714448,0.0,97.8093270686419,56.470241312336555
48271,0.0,910740,gripper_matched_fmax,1.121390109624428,0.5610949597962523,0.0,97.8093270686419,56.470241312336555
48271,0.0,414892,gripper_matched_fmax,1.0746819061979,0.16311417660771588,0.0,97.8093270686419,56.470241312336555
48271,0.0,242597,gripper_matched_fmax,1.1105868753768204,0.2901690018478466,0.0,97.8093270686419,56.470241312336555
48271,0.0,421225,gripper_matched_fmax,1.0339513263716813,0.3120298539354075,0.0,97.8093270686419,56.470241312336555
48271,0.0,861354,gripper_matched_fmax,0.9078792055418664,0.1655933786219557,0.0,97.8093270686419,56.470241312336555
48271,0.0,486349,gripper_matched_fmax,0.2359297529074549,0.39848669242136336,0.23478260869565218,97.8093270686419,56.470241312336555
48271,0.0,910223,gripper_matched_fmax,1.1768627807121819,0.3533250934255154,0.0,97.8093270686419,56.470241312336555
48271,0.0,1072277,gripper_matched_fmax,1.0213344370771413,0.49362779501124476,0.0,97.8093270686419,56.470241312336555
48271,0.0,344947,gripper_matched_fmax,1.040837026513518,0.2044388414629814,0.0,97.8093270686419,56.470241312336555
48271,5.0,145290,gripper_matched_fmax,1.0243158960478886,0.162706481804598,0.0,97.8093270686419,56.470241312336555
48271,5.0,125370,gripper_matched_fmax,0.865552389956596,0.20584599794679379,0.0,97.8093270686419,56.470241312336555
48271,5.0,658926,gripper_matched_fmax,1.1417247541985827,0.24025287526182348,0.0,97.8093270686419,56.470241312336555
48271,5.0,109253,gripper_matched_fmax,1.0917277903352118,0.37018625571248304,0.0,97.8093270686419,56.470241312336555
48271,5.0,234390,gripper_matched_fmax,1.4893427576619436,0.4261105203562966,0.0,97.8093270686419,56.470241312336555
48271,5.0,701290,gripper_matched_fmax,1.0875571948887879,0.3858472494405127,0.0,97.8093270686419,56.470241312336555
48271,5.0,805524,gripper_matched_fmax,1.2187753058491941,0.716258502761986,0.5391304347826087,97.8093270686419,56.470241312336555
48271,5.0,462055,gripper_matched_fmax,0.7354448369930996,0.23587501272717568,0.11607142857142858,97.8093270686419,56.470241312336555
48271,5.0,631899,gripper_matched_fmax,0.0,0.21147144416391075,0.3103448275862069,97.8093270686419,56.470241312336555
48271,5.0,157145,gripper_matched_fmax,1.0660983363921155,0.20928776940025234,0.0,97.8093270686419,56.470241312336555
48271,10.0,551571,gripper_matched_fmax,0.9664090656802315,0.14655837701124486,0.0,97.8093270686419,56.470241312336555
48271,10.0,96325,gripper_matched_fmax,1.0047223767667224,0.29868715907351634,0.0,97.8093270686419,56.470241312336555
48271,10.0,575396,gripper_matched_fmax,1.0485064357571239,0.5321750105453734,0.0,97.8093270686419,56.470241312336555
48271,10.0,144503,gripper_matched_fmax,1.1502211866128917,0.20929318052447832,0.0,97.8093270686419,56.470241312336555
48271,10.0,270405,gripper_matched_fmax,1.169506640127486,0.5319359031490627,0.0,97.8093270686419,56.470241312336555
48271,10.0,1068392,gripper_matched_fmax,0.9551211092066199,0.6050895292240731,0.0,97.8093270686419,56.470241312336555
48271,10.0,116263,gripper_matched_fmax,0.0,0.5643273283512793,0.11607142857142858,97.8093270686419,56.470241312336555
48271,10.0,689692,gripper_matched_fmax,1.419206885650407,0.5772554982722479,0.2972972972972973,97.8093270686419,56.470241312336555
48271,10.0,1049064,gripper_matched_fmax,1.1618262193841844,0.20767829008831643,0.0,97.8093270686419,56.470241312336555
48271,10.0,373678,gripper_matched_fmax,1.1539730452298382,0.2098506248316896,0.0,97.8093270686419,56.470241312336555
48271,15.0,489807,gripper_matched_fmax,1.1437737937710608,0.17728106811398575,0.0,97.8093270686419,56.470241312336555
48271,15.0,156800,gripper_matched_fmax,0.9868707300668839,0.5890272484876397,0.0,97.8093270686419,56.470241312336555
48271,15.0,448930,gripper_matched_fmax,0.49337751759783766,0.22748227512299504,0.23008849557522124,97.8093270686419,56.470241312336555
48271,15.0,1011187,gripper_matched_fmax,1.0793154906027471,0.547988145435245,0.0,97.8093270686419,56.470241312336555
48271,15.0,542171,gripper_matched_fmax,1.1107722402697398,0.3575261757154437,0.6727272727272727,97.8093270686419,56.470241312336555
48271,15.0,873800,gripper_matched_fmax,1.071314312041425,0.37831183870151724,0.0,97.8093270686419,56.470241312336555
48271,15.0,147299,gripper_matched_fmax,1.2018558615728092,0.19332373826747398,0.0,97.8093270686419,56.470241312336555
48271,15.0,607985,gripper_matched_fmax,0.9564361336257824,0.14287381833964433,0.0,97.8093270686419,56.470241312336555
48271,15.0,460769,gripper_matched_fmax,0.0,0.6593757443699299,0.14414414414414414,97.8093270686419,56.470241312336555
48271,15.0,654833,gripper_matched_fmax,1.508425253023307,0.38862235370293374,0.0,97.8093270686419,56.470241312336555
48271,20.0,463092,gripper_matched_fmax,1.4797317669591443,0.3809739539241691,0.5652173913043478,97.8093270686419,56.470241312336555
48271,20.0,1055658,gripper_matched_fmax,1.2305124166535129,0.32022960991151145,0.7413793103448276,97.8093270686419,56.470241312336555
48271,20.0,293632,gripper_matched_fmax,1.0154907926219077,0.61712470763847,0.0,97.8093270686419,56.470241312336555
48271,20.0,120773,gripper_matched_fmax,0.7453004114315547,0.3564196499105448,0.0,97.8093270686419,56.470241312336555
48271,20.0,1004298,gripper_matched_fmax,1.459430626760267,0.4526528005346066,0.0,97.8093270686419,56.470241312336555
48271,20.0,1058231,gripper_matched_fmax,1.5280763371283554,0.4228569642380559,0.11607142857142858,97.8093270686419,56.470241312336555
48271,20.0,1081323,gripper_matched_fmax,0.7274636107402781,0.23830992907792434,0.0,97.8093270686419,56.470241312336555
48271,20.0,223280,gripper_matched_fmax,1.4790262460714703,0.5465783140515892,0.0,97.8093270686419,56.470241312336555
48271,20.0,674556,gripper_matched_fmax,1.2556873945186797,0.593606130111183,0.0,97.8093270686419,56.470241312336555
48271,20.0,435396,gripper_matched_fmax,0.8053053853510782,0.21131610670318843,0.0,97.8093270686419,56.470241312336555
48271,30.0,427827,gripper_matched_fmax,0.8462602064232109,0.39033830329165203,0.0,97.8093270686419,56.470241312336555
48271,30.0,963505,gripper_matched_fmax,1.0935509421351264,0.6089375490800334,0.0,97.8093270686419,56.470241312336555
48271,30.0,773498,gripper_matched_fmax,0.9042557301969867,0.5268006854430204,0.0,97.8093270686419,56.470241312336555
48271,30.0,875088,gripper_matched_fmax,0.6918986784479989,0.43131789889136013,0.0,97.8093270686419,56.470241312336555
48271,30.0,943702,gripper_matched_fmax,0.018944866576393733,0.3722113358372859,0.288135593220339,97.8093270686419,56.470241312336555
48271,30.0,407265,gripper_matched_fmax,1.171797825242444,0.15039934771615107,0.0,97.8093270686419,56.470241312336555
48271,30.0,374796,gripper_matched_fmax,0.0,0.43567997954602045,0.18584070796460178,97.8093270686419,56.470241312336555
48271,30.0,792634,gripper_matched_fmax,0.6293544585917112,0.3168563117507777,0.008849557522123894,97.8093270686419,56.470241312336555
48271,30.0,920368,gripper_matched_fmax,0.9793148474962229,0.34983097438673627,0.0,97.8093270686419,56.470241312336555
48271,30.0,432158,gripper_matched_fmax,0.736637914500373,0.3775925654220614,0.0,97.8093270686419,56.470241312336555
48271,45.0,204611,gripper_matched_fmax,0.8877256364753304,0.4131447190998125,0.0,97.8093270686419,56.470241312336555
48271,45.0,163362,gripper_matched_fmax,1.5325318393988678,0.8559133499469924,0.0,97.8093270686419,56.470241312336555
48271,45.0,812198,gripper_matched_fmax,1.0466086344362138,0.27411385449212106,0.0,97.8093270686419,56.470241312336555
48271,45.0,238198,gripper_matched_fmax,0.0,0.2214747707224585,0.8454545454545455,97.8093270686419,56.470241312336555
48271,45.0,147137,gripper_matched_fmax,0.7907610337960467,0.48090823887328726,0.0,97.8093270686419,56.470241312336555
48271,45.0,963913,gripper_matched_fmax,0.7397744608465956,0.4116583872007414,0.0,97.8093270686419,56.470241312336555
48271,45.0,413008,gripper_matched_fmax,0.18545613538462805,0.5784085839916393,0.0,97.8093270686419,56.470241312336555
48271,45.0,245417,gripper_matched_fmax,0.8418533023069491,0.3535807810599233,0.0,97.8093270686419,56.470241312336555
48271,45.0,513523,gripper_matched_fmax,1.5393687571948926,0.4644818701199993,0.0,97.8093270686419,56.470241312336555
48271,45.0,582894,gripper_matched_fmax,0.020894741938495862,0.4773913930690731,0.2564102564102564,97.8093270686419,56.470241312336555
7119,0.0,909130,gripper_matched_fmax,1.01424052526525,0.03904871583660702,0.0,138.05863862731002,79.7081921754307
7119,0.0,1064933,gripper_matched_fmax,1.018839427599865,0.016590788848754666,0.0,138.05863862731002,79.7081921754307
7119,0.0,914538,gripper_matched_fmax,0.9401400238131431,0.04876166043288244,0.0,122.45449340721268,79.7081921754307
7119,0.0,139599,gripper_matched_fmax,1.016723982536675,0.009857560506346086,0.0,138.05863862731002,79.7081921754307
7119,0.0,833674,gripper_matched_fmax,1.0142982517550265,0.04345228307000867,0.0,138.05863862731002,79.7081921754307
7119,0.0,662570,gripper_matched_fmax,1.0142359979428566,0.009477526697339709,0.0,138.05863862731002,79.7081921754307
7119,0.0,1024527,gripper_matched_fmax,1.0806790180487396,0.0751788594066632,0.0,138.05863862731002,79.7081921754307
7119,0.0,1010307,gripper_matched_fmax,1.010017944299615,0.016038662712846357,0.0,138.05863862731002,79.7081921754307
7119,0.0,866735,gripper_matched_fmax,1.0125300484533328,0.02693894789445112,0.0,138.05863862731002,79.7081921754307
7119,0.0,575425,gripper_matched_fmax,1.0083265925696354,0.026846524582814085,0.0,138.05863862731002,79.7081921754307
7119,5.0,193288,gripper_matched_fmax,1.0016219361725351,0.09791153451201698,0.0,138.05863862731002,79.7081921754307
7119,5.0,963135,gripper_matched_fmax,1.0937129710176285,0.08964812324990916,0.04424778761061947,138.05863862731002,79.7081921754307
7119,5.0,157303,gripper_matched_fmax,1.0114003880784455,0.0800894433189213,0.0,138.05863862731002,79.7081921754307
7119,5.0,1089463,gripper_matched_fmax,0.0,0.11739347596260569,0.963963963963964,124.23940716724144,79.7081921754307
7119,5.0,850100,gripper_matched_fmax,0.980101878366764,0.04485021192035629,0.0,138.05863862731002,79.7081921754307
7119,5.0,190489,gripper_matched_fmax,0.0,0.04838893434242758,0.9369369369369369,117.45742560020773,79.7081921754307
7119,5.0,472227,gripper_matched_fmax,0.9028228768464791,0.2652916390852437,0.0,138.05863862731002,79.7081921754307
7119,5.0,782053,gripper_matched_fmax,0.0,3.2994615816811545e-06,1.0,8.831155190361732,79.7081921754307
7119,5.0,462994,gripper_matched_fmax,0.9744300292030403,0.2602014331977885,0.0,138.05863862731002,79.7081921754307
7119,5.0,889362,gripper_matched_fmax,1.0379793948259584,0.11317594333258271,0.0,138.05863862731002,79.7081921754307
7119,10.0,885125,gripper_matched_fmax,0.9354603720225136,0.08614788113012292,0.0,138.05863862731002,79.7081921754307
7119,10.0,313924,gripper_matched_fmax,0.9338484438945573,0.12035000706900309,0.0,138.05863862731002,79.7081921754307
7119,10.0,1062873,gripper_matched_fmax,1.0799971838762954,0.09981485278464812,0.0,138.05863862731002,79.7081921754307
7119,10.0,792434,gripper_matched_fmax,1.063483648382304,0.1841138534085791,0.0,138.05863862731002,79.7081921754307
7119,10.0,630444,gripper_matched_fmax,0.27078196365149154,0.04413093676445448,0.6454545454545455,116.71193467612282,79.7081921754307
7119,10.0,851132,gripper_matched_fmax,1.0361557342593903,0.16573654678717087,0.0,138.05863862731002,79.7081921754307
7119,10.0,426128,gripper_matched_fmax,0.0,0.04165765339179637,0.9553571428571429,116.44420514771117,79.7081921754307
7119,10.0,277153,gripper_matched_fmax,1.0207281013818241,0.1490502724100326,0.0,138.05863862731002,79.7081921754307
7119,10.0,388606,gripper_matched_fmax,1.0785527850601349,0.09872763801151394,0.0,138.05863862731002,79.7081921754307
7119,10.0,294080,gripper_matched_fmax,0.2881044676974318,0.10299777081985681,0.5636363636363636,126.27401251678675,79.7081921754307
7119,15.0,583819,gripper_matched_fmax,0.37841889368557136,0.14345420460341904,0.4017857142857143,138.05863862731002,79.7081921754307
7119,15.0,1010364,gripper_matched_fmax,1.018378350555023,0.2312290690784057,0.0,138.05863862731002,79.7081921754307
7119,15.0,706168,gripper_matched_fmax,1.0155152390983726,0.28961505710149965,0.0,138.05863862731002,79.7081921754307
7119,15.0,612531,gripper_matched_fmax,1.0090085573119563,0.2009006924464923,0.0,138.05863862731002,79.7081921754307
7119,15.0,861643,gripper_matched_fmax,1.1023148970007735,0.37111402140253913,0.0,138.05863862731002,79.7081921754307
7119,15.0,326609,gripper_matched_fmax,1.086987297527363,0.07640634733795845,0.0,138.05863862731002,79.7081921754307
7119,15.0,196859,gripper_matched_fmax,0.9163880179150454,0.05943745287328475,0.0,138.05863862731002,79.7081921754307
7119,15.0,498043,gripper_matched_fmax,0.44099273906707287,0.1789205328464825,0.2702702702702703,120.07565038878363,79.7081921754307
7119,15.0,543816,gripper_matched_fmax,0.0,0.049592373936237645,0.8839285714285714,115.57766656858469,79.7081921754307
7119,15.0,750676,gripper_matched_fmax,0.9220955891163969,0.3032874413499694,0.0,138.05863862731002,79.7081921754307
7119,20.0,1058165,gripper_matched_fmax,0.9788450121755411,0.36470270828363727,0.0,138.05863862731002,79.7081921754307
7119,20.0,756137,gripper_matched_fmax,0.9270779835920196,0.1815333209435079,0.0,138.05863862731002,79.7081921754307
7119,20.0,769874,gripper_matched_fmax,0.9473324594999137,0.2964167729574091,0.0,138.05863862731002,79.7081921754307
7119,20.0,614324,gripper_matched_fmax,0.0,0.10534829338457363,0.9727272727272728,138.05863862731002,79.7081921754307
7119,20.0,314287,gripper_matched_fmax,1.1358435167380958,0.3913147257064663,0.0,138.05863862731002,79.7081921754307
7119,20.0,668590,gripper_matched_fmax,1.1364168219894337,0.2259424930421435,0.0,138.05863862731002,79.7081921754307
7119,20.0,122667,gripper_matched_fmax,1.118488911394358,0.43023308698010104,0.0,138.05863862731002,79.7081921754307
7119,20.0,208778,gripper_matched_fmax,1.1104471426426086,0.41972672516117526,0.0,138.05863862731002,79.7081921754307
7119,20.0,336408,gripper_matched_fmax,0.773653461853214,0.3300174373500782,0.0,138.05863862731002,79.7081921754307
7119,20.0,737257,gripper_matched_fmax,0.8774431439900015,0.35803138797480527,0.0,138.05863862731002,79.7081921754307
7119,30.0,140442,gripper_matched_fmax,1.169621709873517,0.6219945158636683,0.0,138.05863862731002,79.7081921754307
7119,30.0,218462,gripper_matched_fmax,1.145465976315631,0.597766579469894,0.0,138.05863862731002,79.7081921754307
7119,30.0,336211,gripper_matched_fmax,0.8144800058251553,0.36097881068337023,0.0,138.05863862731002,79.7081921754307
7119,30.0,589139,gripper_matched_fmax,0.8456823919525548,0.616013899382989,0.0,138.05863862731002,79.7081921754307
7119,30.0,742069,gripper_matched_fmax,1.1455933879696178,0.2237780894328882,0.0,138.05863862731002,79.7081921754307
7119,30.0,636333,gripper_matched_fmax,1.1643096329138174,0.27648581450817833,0.0,138.05863862731002,79.7081921754307
7119,30.0,530532,gripper_matched_fmax,0.9726732076769496,0.5690267278477119,0.0,138.05863862731002,79.7081921754307
7119,30.0,335641,gripper_matched_fmax,0.9476564129353645,0.6352580466155748,0.0,138.05863862731002,79.7081921754307
7119,30.0,1057538,gripper_matched_fmax,1.1819493575472966,0.3225502498353556,0.0,138.05863862731002,79.7081921754307
7119,30.0,452080,gripper_matched_fmax,0.8404990674815603,0.49139135735596445,0.0,138.05863862731002,79.7081921754307
7119,45.0,751025,gripper_matched_fmax,1.2918933595001327,0.8660456273706438,0.0,138.05863862731002,79.7081921754307
7119,45.0,724114,gripper_matched_fmax,1.237538549312265,0.5481472226584917,0.0,138.05863862731002,79.7081921754307
7119,45.0,532708,gripper_matched_fmax,0.5500167098014572,0.1554929104243281,0.0,138.05863862731002,79.7081921754307
7119,45.0,1086620,gripper_matched_fmax,0.7806592880718355,0.8177202718485896,0.0,135.42681627689555,79.7081921754307
7119,45.0,676226,gripper_matched_fmax,1.0160967997462071,0.20867572329689582,0.0,138.05863862731002,79.7081921754307
7119,45.0,641812,gripper_matched_fmax,1.0716409211276174,0.8140853566157743,0.0,138.05863862731002,79.7081921754307
7119,45.0,559027,gripper_matched_fmax,1.2542538126254408,0.483520016317917,0.0,138.05863862731002,79.7081921754307
7119,45.0,937437,gripper_matched_fmax,1.2577750862880692,0.4934174596819004,0.0,138.05863862731002,79.7081921754307
7119,45.0,588019,gripper_matched_fmax,1.2478549208215155,0.861109485192535,0.0,138.05863862731002,79.7081921754307
7119,45.0,735415,gripper_matched_fmax,0.7747562503771317,0.8537364422164061,0.0,128.17523458711895,79.7081921754307
41004,0.0,753193,gripper_matched_fmax,0.5920558305937024,0.10727029725946594,0.0,86.60254037844386,50.0
41004,0.0,367146,gripper_matched_fmax,0.2119936600788819,0.22973024038477308,0.0,86.60254037844386,50.0
41004,0.0,406179,gripper_matched_fmax,1.022957540217099,0.12595055087553564,0.0,86.60254037844386,50.0
41004,0.0,801331,gripper_matched_fmax,0.6685880739079808,0.1941200913211113,0.008849557522123894,86.60254037844386,50.0
41004,0.0,1076385,gripper_matched_fmax,0.7884899994054473,0.13303489389565443,0.0,86.60254037844386,50.0
41004,0.0,922058,gripper_matched_fmax,1.1103093903975978,0.10252292523769825,0.0,86.60254037844386,50.0
41004,0.0,844281,gripper_matched_fmax,0.7908382931546956,0.14854931870027188,0.0,86.60254037844386,50.0
41004,0.0,1083504,gripper_matched_fmax,1.50140973478516,0.3092459535157301,0.0,86.60254037844386,50.0
41004,0.0,692217,gripper_matched_fmax,0.9905340036307994,0.11113970142190849,0.0,86.60254037844386,50.0
41004,0.0,868559,gripper_matched_fmax,0.0,0.11329581329698396,0.06306306306306306,86.60254037844386,50.0
41004,5.0,423334,gripper_matched_fmax,1.0072397538620488,0.1290948910841701,0.0,86.60254037844386,50.0
41004,5.0,517863,gripper_matched_fmax,1.2872198423742687,0.12995664205197338,0.0,86.60254037844386,50.0
41004,5.0,809308,gripper_matched_fmax,1.4225675852070268,0.1880312023689708,0.0,86.60254037844386,50.0
41004,5.0,299779,gripper_matched_fmax,0.8748678826174804,0.1227814706017332,0.0,86.60254037844386,50.0
41004,5.0,657166,gripper_matched_fmax,0.4364368470922344,0.3204010408691426,0.0,86.60254037844386,50.0
41004,5.0,365139,gripper_matched_fmax,0.493308919355468,0.334573167152968,0.0,86.60254037844386,50.0
41004,5.0,143816,gripper_matched_fmax,1.1524173233355333,0.10460165058526406,0.0,86.60254037844386,50.0
41004,5.0,400777,gripper_matched_fmax,1.2618423906242962,0.11464652812904966,0.0,86.60254037844386,50.0
41004,5.0,548966,gripper_matched_fmax,1.0676921991104955,0.22464208413651013,0.0,86.60254037844386,50.0
41004,5.0,741227,gripper_matched_fmax,1.1005035790028237,0.09745315452525082,0.0,86.60254037844386,50.0
41004,10.0,646512,gripper_matched_fmax,1.0587894850000867,0.18556772309276925,0.008928571428571428,86.60254037844386,50.0
41004,10.0,531926,gripper_matched_fmax,0.9143821436706255,0.09437221857795619,0.0,86.60254037844386,50.0
41004,10.0,437228,gripper_matched_fmax,1.0626930944917903,0.07638852110525834,0.0,86.60254037844386,50.0
41004,10.0,887437,gripper_matched_fmax,0.0,0.20061452726524318,0.4782608695652174,86.60254037844386,50.0
41004,10.0,528143,gripper_matched_fmax,1.5109939669285544,0.10810244211903765,0.0,86.60254037844386,50.0
41004,10.0,904169,gripper_matched_fmax,1.3025978030601353,0.11872106432564725,0.0,86.60254037844386,50.0
41004,10.0,524721,gripper_matched_fmax,0.8019940292355611,0.22041444531491114,0.0,86.60254037844386,50.0
41004,10.0,738695,gripper_matched_fmax,0.1518139265667558,0.1627459819996445,0.2982456140350877,86.60254037844386,50.0
41004,10.0,263990,gripper_matched_fmax,1.5015777230212883,0.27245141862785754,0.0,86.60254037844386,50.0
41004,10.0,964213,gripper_matched_fmax,1.4849695833615277,0.2500198314652493,0.0,86.60254037844386,50.0
41004,15.0,923648,gripper_matched_fmax,0.3651462467245704,0.24475837387348212,0.0,86.60254037844386,50.0
41004,15.0,512053,gripper_matched_fmax,1.2568652460774026,0.13676641185205166,0.0,86.60254037844386,50.0
41004,15.0,541630,gripper_matched_fmax,1.0300213290158584,0.13441536967001208,0.0,86.60254037844386,50.0
41004,15.0,769086,gripper_matched_fmax,1.0244110031542526,0.13394161176288516,0.0,86.60254037844386,50.0
41004,15.0,430653,gripper_matched_fmax,0.7247853745471204,0.12310751730334633,0.0,86.60254037844386,50.0
41004,15.0,267312,gripper_matched_fmax,0.029619479755805606,0.13603240394856084,0.4473684210526316,86.60254037844386,50.0
41004,15.0,743260,gripper_matched_fmax,0.7750901559998189,0.12014268815866544,0.0,86.60254037844386,50.0
41004,15.0,878225,gripper_matched_fmax,1.5174942863752487,0.2536611535149092,0.0,86.60254037844386,50.0
41004,15.0,815784,gripper_matched_fmax,1.292062748079131,0.2918223306826436,0.0,86.60254037844386,50.0
41004,15.0,659696,gripper_matched_fmax,1.3296912239839773,0.15996636728826677,0.0,86.60254037844386,50.0
41004,20.0,182909,gripper_matched_fmax,0.004739476470313231,0.1425189416500314,0.3418803418803419,86.60254037844386,50.0
41004,20.0,1085035,gripper_matched_fmax,1.6,0.3699531526883375,0.0,86.60254037844386,50.0
41004,20.0,608940,gripper_matched_fmax,1.544689213350085,0.3645819998144591,0.0,86.60254037844386,50.0
41004,20.0,134460,gripper_matched_fmax,1.5377316961433347,0.2098997570500389,0.0,86.60254037844386,50.0
41004,20.0,787333,gripper_matched_fmax,1.5365775874884309,0.1934524491190416,0.0,86.60254037844386,50.0
41004,20.0,777356,gripper_matched_fmax,0.9968304821873143,0.1522049823508733,0.0,86.60254037844386,50.0
41004,20.0,462743,gripper_matched_fmax,1.0897604769610976,0.16267822257806858,0.0,86.60254037844386,50.0
41004,20.0,704768,gripper_matched_fmax,0.01854276545353164,0.19984833993023549,0.08695652173913043,86.60254037844386,50.0
41004,20.0,422779,gripper_matched_fmax,1.5196949799844763,0.2542923439563911,0.0,86.60254037844386,50.0
41004,20.0,112718,gripper_matched_fmax,0.4847710923300501,0.23509617350061598,0.09009009009009009,86.60254037844386,50.0
41004,30.0,491017,gripper_matched_fmax,1.2740033469274812,0.14255015783342886,0.0,86.60254037844386,50.0
41004,30.0,527294,gripper_matched_fmax,0.9794539233806046,0.23752196244750937,0.0,86.60254037844386,50.0
41004,30.0,620249,gripper_matched_fmax,1.12625562831371,0.13844751867425326,0.0,86.60254037844386,50.0
41004,30.0,455041,gripper_matched_fmax,1.0208767777173915,0.13789845329441902,0.0,86.60254037844386,50.0
41004,30.0,1035564,gripper_matched_fmax,1.5332751179011168,0.31317857230926976,0.0,86.60254037844386,50.0
41004,30.0,563204,gripper_matched_fmax,0.48184923676015884,0.12132644370463773,0.0,86.60254037844386,50.0
41004,30.0,688720,gripper_matched_fmax,0.5494732977697018,0.15850560879760278,0.0,86.60254037844386,50.0
41004,30.0,482971,gripper_matched_fmax,1.420714559779821,0.14642126809390008,0.0,86.60254037844386,50.0
41004,30.0,1044879,gripper_matched_fmax,0.11688509957614103,0.2104267174653694,0.0,86.60254037844386,50.0
41004,30.0,151748,gripper_matched_fmax,1.0209999792333673,0.14472816617052428,0.0,86.60254037844386,50.0
41004,45.0,546071,gripper_matched_fmax,0.4371803277225212,0.18808439078617506,0.0,86.60254037844386,50.0
41004,45.0,685935,gripper_matched_fmax,1.5265475662392414,0.29526646037548254,0.0,86.60254037844386,50.0
41004,45.0,594738,gripper_matched_fmax,0.28831915228292415,0.16975504748359535,0.0,86.60254037844386,50.0
41004,45.0,241857,gripper_matched_fmax,0.28489373363325887,0.16765264062470048,0.0,86.60254037844386,50.0
41004,45.0,1026715,gripper_matched_fmax,1.0367686699823477,0.07303570375325574,0.0,86.60254037844386,50.0
41004,45.0,947944,gripper_matched_fmax,0.8947564985585506,0.12849088048852342,0.0,86.60254037844386,50.0
41004,45.0,658192,gripper_matched_fmax,0.0,0.3989472195673584,0.0,86.60254037844386,50.0
41004,45.0,234774,gripper_matched_fmax,0.0,0.33831449590902724,0.0,86.60254037844386,50.0
41004,45.0,130031,gripper_matched_fmax,1.074919158997304,0.14192284784786705,0.0,86.60254037844386,50.0
41004,45.0,776300,gripper_matched_fmax,1.028222375529361,0.12163095541979631,0.0,86.60254037844386,50.0
46889,0.0,726958,gripper_generous_fmax,1.0044584827852605,0.17908379708794492,0.0,1031.4364366764732,600.0
46889,0.0,1075621,gripper_generous_fmax,1.0171518233710324,0.04136634536321473,0.0,1039.2304845413264,600.0
46889,0.0,587108,gripper_generous_fmax,0.9855110872438008,0.06101156025568057,0.0,1038.167608286701,600.0
46889,0.0,507375,gripper_generous_fmax,0.9404606597332377,0.08423991826811741,0.0,985.0938161849328,600.0
46889,0.0,257132,gripper_generous_fmax,1.0087967549653143,0.06984331100258159,0.0,984.4234590429246,600.0
46889,0.0,292274,gripper_generous_fmax,1.0064655374196307,0.15411836025452538,0.0,1028.9796757148454,600.0
46889,0.0,830820,gripper_generous_fmax,1.0202591101589795,0.04044988222191355,0.0,1038.6945342023923,600.0
46889,0.0,850688,gripper_generous_fmax,1.0115776379209442,0.16446517195554164,0.0,1027.282303596709,600.0
46889,0.0,126293,gripper_generous_fmax,1.0155788285412302,0.07056317249476059,0.0,1035.0202666830135,600.0
46889,0.0,278920,gripper_generous_fmax,1.0008947139903708,0.07052361205357544,0.0,1035.8550959612248,600.0
46889,5.0,630894,gripper_generous_fmax,1.0571732445505906,0.18389489848169335,0.0,1036.2079898177296,600.0
46889,5.0,99497,gripper_generous_fmax,1.0511556614777346,0.14697949184499878,0.0,1039.2304845413264,600.0
46889,5.0,1012947,gripper_generous_fmax,1.0576785458484304,0.11122135305295547,0.0,1014.0811745281194,600.0
46889,5.0,632786,gripper_generous_fmax,0.982930516406961,0.04528901804980024,0.0,1024.633986252183,600.0
46889,5.0,347360,gripper_generous_fmax,0.9156802503899832,0.038729308520128035,0.0,1036.7510615971285,600.0
46889,5.0,991670,gripper_generous_fmax,0.9761793065366132,0.05527589136162272,0.0,925.0115327724614,600.0
46889,5.0,876834,gripper_generous_fmax,0.9754854924061661,0.18020923890131935,0.0,1039.2304845413264,600.0
46889,5.0,473067,gripper_generous_fmax,0.964033647895943,0.08075637401819363,0.0,970.0882566054931,600.0
46889,5.0,798913,gripper_generous_fmax,0.9597335216053452,0.08860343349575298,0.0,991.281701747644,600.0
46889,5.0,750773,gripper_generous_fmax,1.1048822832952527,0.11509261644198153,0.0,981.507911585481,600.0
46889,10.0,825020,gripper_generous_fmax,0.9702837191033035,0.04397558921815892,0.0,923.3644692338381,600.0
46889,10.0,594317,gripper_generous_fmax,1.0789884339700575,0.05723039904336532,0.0,1032.5724219858362,600.0
46889,10.0,315374,gripper_generous_fmax,0.8467415088046866,0.05278411018604792,0.0,1016.1974732066614,600.0
46889,10.0,350824,gripper_generous_fmax,0.9273517358420227,0.05864937557217669,0.0,942.746763446891,600.0
46889,10.0,215114,gripper_generous_fmax,1.090359508598631,0.09125263871847934,0.0,928.2723001228385,600.0
46889,10.0,965214,gripper_generous_fmax,0.955290196008187,0.08197882582208012,0.0,897.8146063562504,600.0
46889,10.0,581281,gripper_generous_fmax,1.06761750013065,0.04592949549379313,0.0,1039.2304845413264,600.0
46889,10.0,931270,gripper_generous_fmax,0.5187644744019771,0.04008107160293429,0.44537815126050423,932.6212635815032,600.0
46889,10.0,601372,gripper_generous_fmax,1.0656517721967254,0.14940480626881972,0.0,1039.2304845413264,600.0
46889,10.0,1052973,gripper_generous_fmax,0.8847121259120855,0.032588092239581805,0.0,1008.3223229391616,600.0
46889,15.0,667849,gripper_generous_fmax,1.1854258344983546,0.15745165878085093,0.0,1039.2304845413264,600.0
46889,15.0,1079544,gripper_generous_fmax,0.5158530058878219,0.2482335071140416,0.0,1039.2304845413264,600.0
46889,15.0,153501,gripper_generous_fmax,1.046722854662534,0.1484996163486882,0.0,1039.2304845413264,600.0
46889,15.0,750995,gripper_generous_fmax,0.8388989240690841,0.04919066198065584,0.025210084033613446,910.4738687188556,600.0
46889,15.0,695054,gripper_generous_fmax,0.9049029890523694,0.04894435865913923,0.06722689075630252,1013.004850796036,600.0
46889,15.0,544510,gripper_generous_fmax,1.0996781548604855,0.07107710995917901,0.0,1039.2304845413264,600.0
46889,15.0,799319,gripper_generous_fmax,1.1936292464689433,0.21648818964113192,0.0,1039.2304845413264,600.0
46889,15.0,433017,gripper_generous_fmax,1.1874464948899206,0.09722702709831335,0.0,1032.8398043377094,600.0
46889,15.0,862981,gripper_generous_fmax,0.07764230087354908,0.05384328396162544,0.7647058823529411,941.6810515584066,600.0
46889,15.0,398017,gripper_generous_fmax,0.982586361427696,0.07060099196687862,0.05405405405405406,1031.7495221333972,600.0
46889,20.0,215838,gripper_generous_fmax,0.481788145367463,0.11382967966400065,0.25862068965517243,991.7525445763541,600.0
46889,20.0,161264,gripper_generous_fmax,0.34060282949075515,0.35709100323846105,0.0,931.6273426312121,600.0
46889,20.0,367123,gripper_generous_fmax,1.1567668320311755,0.06560311031704388,0.0,1036.3590865837245,600.0
46889,20.0,178541,gripper_generous_fmax,0.6597058919467453,0.050895029888371614,0.1875,896.9429967915029,600.0
46889,20.0,325421,gripper_generous_fmax,0.7019130572855926,0.030604176950106345,0.0,1038.4762693395332,600.0
46889,20.0,451473,gripper_generous_fmax,0.5198553413012543,0.12488762845710452,0.0,1028.4793551641214,600.0
46889,20.0,793016,gripper_generous_fmax,0.840121175626297,0.05857624963600639,0.20512820512820512,915.5630705840227,600.0
46889,20.0,572819,gripper_generous_fmax,0.4134042299643223,0.2134975233151882,0.0,954.3307588039125,600.0
46889,20.0,953012,gripper_generous_fmax,1.2669396024993953,0.1550880776051509,0.0,1039.2304845413264,600.0
46889,20.0,980427,gripper_generous_fmax,0.7061767638299257,0.03010228339165839,0.0,1024.5427060268512,600.0
46889,30.0,97232,gripper_generous_fmax,0.10914960386833049,0.13316783942485114,0.33035714285714285,903.3915122100482,600.0
46889,30.0,586546,gripper_generous_fmax,0.54847038676133,0.15798560589001343,0.40350877192982454,1039.2304845413264,600.0
46889,30.0,125976,gripper_generous_fmax,0.754880759933693,0.15622868648162402,0.008695652173913044,1039.2304845413264,600.0
46889,30.0,312347,gripper_generous_fmax,0.44991256322657647,0.08671005062892825,0.504424778761062,902.3629017193552,600.0
46889,30.0,1064982,gripper_generous_fmax,0.5251517099799523,0.46355086419716024,0.0,1025.7825931122607,600.0
46889,30.0,696536,gripper_generous_fmax,0.553944630657947,0.03135481754170474,0.10909090909090909,892.0709809075458,600.0
46889,30.0,781878,gripper_generous_fmax,0.13596374005742756,0.44210763526077007,0.0,908.9155540204823,600.0
46889,30.0,361917,gripper_generous_fmax,0.15793917191929363,0.3235371215835307,0.0,905.2401606222548,600.0
46889,30.0,807137,gripper_generous_fmax,0.366353206157555,0.10556970990022647,0.5,902.6676027603245,600.0
46889,30.0,1001394,gripper_generous_fmax,0.42536834473127105,0.050321505174399116,0.3620689655172414,932.4801341798766,600.0
46889,45.0,565995,gripper_generous_fmax,0.0,0.20764509127100766,0.4818181818181818,873.7271762625636,600.0
46889,45.0,751490,gripper_generous_fmax,0.0,0.24869052860362237,0.0,1039.2304845413264,600.0
46889,45.0,890496,gripper_generous_fmax,0.5610778715698719,0.2870060216501683,0.24778761061946902,1039.2304845413264,600.0
46889,45.0,891486,gripper_generous_fmax,0.8719044489471486,0.3830347373833164,0.0,1039.2304845413264,600.0
46889,45.0,997794,gripper_generous_fmax,0.2289613730633724,0.10797231959386613,0.6106194690265486,885.7564986365732,600.0
46889,45.0,1057411,gripper_generous_fmax,1.0709979522220063,0.2265846799037153,0.0,1039.2304845413264,600.0
46889,45.0,854232,gripper_generous_fmax,0.15894497864901383,0.23641221286124017,0.5478260869565217,934.690824930032,600.0
46889,45.0,1069224,gripper_generous_fmax,0.05252199527969552,0.6567155193736426,0.0,879.2406603457928,600.0
46889,45.0,1080536,gripper_generous_fmax,0.08037592284186057,0.03328942014110842,0.28695652173913044,871.9341445974195,600.0
46889,45.0,260577,gripper_generous_fmax,0.26658461156147856,0.08528911076331165,0.0,917.1774174124831,600.0
47315,0.0,877605,gripper_generous_fmax,0.9628067755098685,0.05004905572518542,0.0,1039.2304845413264,600.0
47315,0.0,357520,gripper_generous_fmax,0.9550395094094926,0.03733964929540207,0.0,898.0124463410889,600.0
47315,0.0,1034055,gripper_generous_fmax,0.9476051850701347,0.040312439332509824,0.0,895.3996941588107,600.0
47315,0.0,179887,gripper_generous_fmax,0.9427769970601316,0.04044618595723394,0.0,898.1766502265224,600.0
47315,0.0,1027144,gripper_generous_fmax,0.9477260513014988,0.03797645246159197,0.0,879.5207227956781,600.0
47315,0.0,907459,gripper_generous_fmax,0.9448186255696671,0.03890083247928537,0.0,867.6240547560566,600.0
47315,0.0,306322,gripper_generous_fmax,0.9447562506669154,0.03634770201004456,0.0,875.2917055109298,600.0
47315,0.0,831878,gripper_generous_fmax,1.002754503164653,0.05423944664189126,0.0,1039.2304845413264,600.0
47315,0.0,686016,gripper_generous_fmax,0.9237618426766419,0.05574230441860722,0.0,878.8643808093232,600.0
47315,0.0,583899,gripper_generous_fmax,0.944079787863388,0.03818396706677257,0.0,887.7633946720765,600.0
47315,5.0,942529,gripper_generous_fmax,0.8349582717652042,0.1131128867321881,0.0,886.1916733797368,600.0
47315,5.0,564649,gripper_generous_fmax,1.0043113330988611,0.12425345582801652,0.0,1039.2304845413264,600.0
47315,5.0,1017066,gripper_generous_fmax,0.9006355909576942,0.05346221527778423,0.0,1033.718301346073,600.0
47315,5.0,129831,gripper_generous_fmax,0.31858059825066254,0.025623216027725233,0.646551724137931,647.3525459861461,600.0
47315,5.0,852999,gripper_generous_fmax,1.0399712810137594,0.06110414907579926,0.0,1039.2304845413264,600.0
47315,5.0,418822,gripper_generous_fmax,0.9425601085077315,0.17883640391076655,0.0,1039.2304845413264,600.0
47315,5.0,204243,gripper_generous_fmax,1.1082026869682096,0.13499248859918234,0.0,1031.8759759043685,600.0
47315,5.0,635008,gripper_generous_fmax,0.14571962638649366,0.025928687924035344,0.7692307692307693,873.675180968448,600.0
47315,5.0,440098,gripper_generous_fmax,0.9809438797320544,0.08279868990513208,0.0,934.2541743249519,600.0
47315,5.0,554527,gripper_generous_fmax,0.888020017150835,0.06959632517612407,0.0,1039.2304845413264,600.0
47315,10.0,780995,gripper_generous_fmax,1.0927027559036946,0.13636280578330923,0.0,1039.2304845413264,600.0
47315,10.0,133548,gripper_generous_fmax,0.11987138280679405,0.02430447559259529,0.7747747747747747,748.2265579270519,600.0
47315,10.0,137572,gripper_generous_fmax,0.8160166357718409,0.3083229151508839,0.0,1039.2304845413264,600.0
47315,10.0,402242,gripper_generous_fmax,1.0367690078445608,0.21698307467502856,0.0,1039.2304845413264,600.0
47315,10.0,130340,gripper_generous_fmax,0.8720423439366812,0.29977148277387683,0.0,1039.2304845413264,600.0
47315,10.0,672159,gripper_generous_fmax,0.824510919347168,0.347219256718981,0.0,1039.2304845413264,600.0
47315,10.0,290077,gripper_generous_fmax,0.7501594240797599,0.06090401696496649,0.0,909.9217540809033,600.0
47315,10.0,445428,gripper_generous_fmax,0.40570917582272864,0.036895156617030446,0.6017699115044248,866.3844927116573,600.0
47315,10.0,705812,gripper_generous_fmax,0.9890732646820537,0.2390839295812518,0.0,1039.2304845413264,600.0
47315,10.0,639751,gripper_generous_fmax,0.34514952366076745,0.025557845476031307,0.509090909090909,665.4766059443714,600.0
47315,15.0,376843,gripper_generous_fmax,0.021842436191487447,0.021655972141516773,0.8956521739130435,708.8049761970681,600.0
47315,15.0,614033,gripper_generous_fmax,0.03659245611993699,0.01861720166616691,0.868421052631579,852.6379936384496,600.0
47315,15.0,414140,gripper_generous_fmax,0.012249694877585426,0.016421536423217215,0.9230769230769231,720.580496264892,600.0
47315,15.0,783591,gripper_generous_fmax,0.29136542906045626,0.07272668637114574,0.7058823529411765,922.720983867079,600.0
47315,15.0,663362,gripper_generous_fmax,0.0035256758092331443,0.019800018383281513,0.9137931034482759,645.0014769332871,600.0
47315,15.0,1076271,gripper_generous_fmax,1.0585867160840832,0.2876539121964639,0.0,1039.2304845413264,600.0
47315,15.0,824971,gripper_generous_fmax,0.057149806441651574,0.034041057410343994,0.8362068965517241,852.778331767704,600.0
47315,15.0,661336,gripper_generous_fmax,0.007624412382431584,0.015031465510262172,0.9145299145299145,610.1495328783068,600.0
47315,15.0,992703,gripper_generous_fmax,0.0,0.11877947546130019,0.6396396396396397,877.4851766795782,600.0
47315,15.0,930647,gripper_generous_fmax,1.01471466936507,0.11106042527081053,0.10256410256410256,904.8000684862801,600.0
47315,20.0,611978,gripper_generous_fmax,0.006576569689514236,0.016510706306987307,0.9035087719298246,727.9289342726888,600.0
47315,20.0,135915,gripper_generous_fmax,0.041445492695398246,0.02045428986382944,0.9272727272727272,857.7220391525415,600.0
47315,20.0,478683,gripper_generous_fmax,0.08105399276205785,0.14237089196104996,0.4789915966386555,888.8588712194579,600.0
47315,20.0,267677,gripper_generous_fmax,0.376898179675811,0.026905981774688347,0.6756756756756757,642.4692244157109,600.0
47315,20.0,605224,gripper_generous_fmax,0.0,0.012120842886967463,0.923728813559322,655.621023815011,600.0
47315,20.0,949476,gripper_generous_fmax,0.8859449870194253,0.11825697268910805,0.1891891891891892,974.0455970163671,600.0
47315,20.0,151943,gripper_generous_fmax,0.0,0.015153905529096241,0.9322033898305084,643.5401313123671,600.0
47315,20.0,755453,gripper_generous_fmax,0.0020891971564434724,0.0087133585398774,0.9327731092436975,850.1406053509695,600.0
47315,20.0,536433,gripper_generous_fmax,0.0,0.012582854552861605,0.9363636363636364,787.8367292054232,600.0
47315,20.0,795444,gripper_generous_fmax,0.07084206857135253,0.025330159543722346,0.7913043478260869,632.7624278793784,600.0
47315,30.0,822524,gripper_generous_fmax,0.0,0.009087037463910368,0.954954954954955,856.2628874002461,600.0
47315,30.0,370205,gripper_generous_fmax,0.8398843787549827,0.7789739656806719,0.0,1039.2304845413264,600.0
47315,30.0,324122,gripper_generous_fmax,0.0,0.02405528794484935,0.8448275862068966,639.0019356513126,600.0
47315,30.0,472280,gripper_generous_fmax,0.6997913463345039,0.7823226503114087,0.0,1039.2304845413264,600.0
47315,30.0,165080,gripper_generous_fmax,0.4222722147669635,0.21091973911033274,0.0,912.8985636365012,600.0
47315,30.0,173319,gripper_generous_fmax,0.8390911478065364,0.660689979618436,0.0,1039.2304845413264,600.0
47315,30.0,789407,gripper_generous_fmax,0.006825681774439989,0.012373130550576006,0.9478260869565217,853.3208085782179,600.0
47315,30.0,108880,gripper_generous_fmax,0.7107744027036562,0.8293528106070414,0.0,1039.2304845413264,600.0
47315,30.0,383618,gripper_generous_fmax,0.0,0.016766882219445153,0.9137931034482759,645.04837998272,600.0
47315,30.0,304810,gripper_generous_fmax,0.6982839112300214,0.6966993725981222,0.0,1039.2304845413264,600.0
47315,45.0,1060863,gripper_generous_fmax,0.8271134135628918,1.0799931622693255,0.0,1039.2304845413264,600.0
47315,45.0,137796,gripper_generous_fmax,0.023788316384294995,0.17574623960210622,0.7948717948717948,877.8152416015481,600.0
47315,45.0,628588,gripper_generous_fmax,0.36894766556380026,0.6860059074846305,0.0,904.0168459238487,600.0
47315,45.0,508026,gripper_generous_fmax,0.0,0.01621004552842857,0.9642857142857143,853.5974535192801,600.0
47315,45.0,840820,gripper_generous_fmax,0.5526221893654134,0.831601793268265,0.0,965.2042387220213,600.0
47315,45.0,531494,gripper_generous_fmax,0.0,0.0886509480803028,0.7567567567567568,886.1571360311847,600.0
47315,45.0,499899,gripper_generous_fmax,0.9468896609028326,0.7807668064481872,0.0,1039.2304845413264,600.0
47315,45.0,849895,gripper_generous_fmax,0.7125007804731485,1.096923759359097,0.0,1039.2304845413264,600.0
47315,45.0,756912,gripper_generous_fmax,0.7114442819078804,1.1454675576062248,0.0,1039.2304845413264,600.0
47315,45.0,954191,gripper_generous_fmax,0.13635797185537044,0.14559967230028234,0.3684210526315789,864.4223195727258,600.0
48271,0.0,459337,gripper_generous_fmax,0.0,0.04538110524386004,0.44642857142857145,1039.2304845413264,600.0
48271,0.0,910740,gripper_generous_fmax,0.022370400025880033,0.09367126719675693,0.3644067796610169,1039.2304845413264,600.0
48271,0.0,414892,gripper_generous_fmax,0.8774837247337887,0.06456996544640328,0.0,857.2873175513053,600.0
48271,0.0,242597,gripper_generous_fmax,0.9178851826566095,0.044972799258160556,0.0,856.9736083742513,600.0
48271,0.0,421225,gripper_generous_fmax,0.9217963841981996,0.04098137284898115,0.0,890.693744067244,600.0
48271,0.0,861354,gripper_generous_fmax,1.040306239103919,0.04355316738614359,0.0,1039.2304845413264,600.0
48271,0.0,486349,gripper_generous_fmax,1.1958594265114753,0.06573702039496582,0.4,1019.5397865744217,600.0
48271,0.0,910223,gripper_generous_fmax,0.12229035690052185,0.10141704014985423,0.5175438596491229,1039.2304845413264,600.0
48271,0.0,1072277,gripper_generous_fmax,1.0424277002969335,0.039135820485152836,0.0,1039.2304845413264,600.0
48271,0.0,344947,gripper_generous_fmax,1.0028684548570608,0.0261723455897003,0.0,1039.2304845413264,600.0
48271,5.0,145290,gripper_generous_fmax,0.858354617804415,0.08373555132687129,0.0,1039.2304845413264,600.0
48271,5.0,125370,gripper_generous_fmax,0.9890513226338423,0.038698754345965196,0.0,1039.2304845413264,600.0
48271,5.0,658926,gripper_generous_fmax,1.0599823728467457,0.07594088656781582,0.0,1016.406315830472,600.0
48271,5.0,109253,gripper_generous_fmax,0.954384999083087,0.03370219533504343,0.0,893.5168149980748,600.0
48271,5.0,234390,gripper_generous_fmax,1.1103186745986744,0.11351960327294576,0.0,1039.2304845413264,600.0
48271,5.0,701290,gripper_generous_fmax,0.0,0.0504655475310964,0.3684210526315789,1011.9422902116883,600.0
48271,5.0,805524,gripper_generous_fmax,0.9366777222880798,0.04354491880504522,0.0,907.9502978803146,600.0
48271,5.0,462055,gripper_generous_fmax,0.8860075680971944,0.050278402070235005,0.0,889.3544940625721,600.0
48271,5.0,631899,gripper_generous_fmax,0.8922516732822626,0.04409432392100936,0.0,1039.2304845413264,600.0
48271,5.0,157145,gripper_generous_fmax,1.0740805300384677,0.042691181776699914,0.0,1039.2304845413264,600.0
48271,10.0,551571,gripper_generous_fmax,0.48071512387996773,0.12551665519512592,0.2631578947368421,1039.2304845413264,600.0
48271,10.0,96325,gripper_generous_fmax,1.0342050178927042,0.15188979386520488,0.0,1032.1346588962451,600.0
48271,10.0,575396,gripper_generous_fmax,0.9735534126242193,0.13753365273876217,0.0,1039.2304845413264,600.0
48271,10.0,144503,gripper_generous_fmax,0.9647470538915468,0.06638487675288185,0.0,1039.2304845413264,600.0
48271,10.0,270405,gripper_generous_fmax,0.4832623758851087,0.030919274323062306,0.41964285714285715,694.5146128305113,600.0
48271,10.0,1068392,gripper_generous_fmax,0.8088044412701815,0.0776613236238391,0.0,878.526992410776,600.0
48271,10.0,116263,gripper_generous_fmax,0.7921767804850799,0.030576838351845784,0.044642857142857144,852.4044835273812,600.0
48271,10.0,689692,gripper_generous_fmax,0.8232096196365947,0.14259446397200246,0.0,1039.2304845413264,600.0
48271,10.0,1049064,gripper_generous_fmax,0.2252562358340111,0.08845999105034293,0.6896551724137931,967.4079530198833,600.0
48271,10.0,373678,gripper_generous_fmax,0.9773736762722522,0.04426626261379526,0.0,1039.2304845413264,600.0
48271,15.0,489807,gripper_generous_fmax,1.0769053865483795,0.044787383045938836,0.0,1031.61035453867,600.0
48271,15.0,156800,gripper_generous_fmax,1.0106805100555938,0.14819919299839554,0.0,1039.2304845413264,600.0
48271,15.0,448930,gripper_generous_fmax,0.052740681955357825,0.048688470856724134,0.7964601769911505,1039.2304845413264,600.0
48271,15.0,1011187,gripper_generous_fmax,1.0223350361233225,0.1686334081792528,0.0,1039.2304845413264,600.0
48271,15.0,542171,gripper_generous_fmax,0.28991708807043276,0.030393166340887068,0.5636363636363636,658.0469510842306,600.0
48271,15.0,873800,gripper_generous_fmax,1.0743131719277133,0.06618450134745772,0.0,1039.2304845413264,600.0
48271,15.0,147299,gripper_generous_fmax,1.055308023871202,0.09676051080187116,0.0,1039.2304845413264,600.0
48271,15.0,607985,gripper_generous_fmax,0.7416121687523026,0.0871466886607048,0.0,944.5857136426339,600.0
48271,15.0,460769,gripper_generous_fmax,0.18864377559900253,0.028772517325532678,0.7027027027027027,849.4220882564281,600.0
48271,15.0,654833,gripper_generous_fmax,0.24658951067269652,0.12278760897257059,0.576271186440678,1039.2304845413264,600.0
48271,20.0,463092,gripper_generous_fmax,0.061892836479322574,0.17418695087348912,0.34782608695652173,1039.2304845413264,600.0
48271,20.0,1055658,gripper_generous_fmax,0.036539717705194596,0.08669975803438297,0.5,947.0912520774264,600.0
48271,20.0,293632,gripper_generous_fmax,0.9231067963726446,0.22725891270217197,0.0,1039.2304845413264,600.0
48271,20.0,120773,gripper_generous_fmax,0.8821549959042077,0.08081876415239163,0.0,1030.7475589319097,600.0
48271,20.0,1004298,gripper_generous_fmax,1.3055292154572027,0.0998721715742349,0.6194690265486725,901.3102760557499,600.0
48271,20.0,1058231,gripper_generous_fmax,0.1591922949418491,0.14252389831464532,0.5892857142857143,1039.2304845413264,600.0
48271,20.0,1081323,gripper_generous_fmax,0.7260433051812839,0.0362434673251066,0.0,852.2122826508765,600.0
48271,20.0,223280,gripper_generous_fmax,0.3025235209998496,0.11858609089807129,0.45217391304347826,976.2495406219898,600.0
48271,20.0,674556,gripper_generous_fmax,0.0,0.17786702677206676,0.06140350877192982,1039.2304845413264,600.0
48271,20.0,435396,gripper_generous_fmax,0.7381996875298236,0.06926368857877109,0.0,1028.4451678554933,600.0
48271,30.0,427827,gripper_generous_fmax,0.7786016845169775,0.3962981617087811,0.0,1039.2304845413264,600.0
48271,30.0,963505,gripper_generous_fmax,0.1409788965468949,0.05025793219861077,0.7280701754385965,875.2610811832877,600.0
48271,30.0,773498,gripper_generous_fmax,0.5483150434124381,0.41222767072494615,0.0,983.0381806516701,600.0
48271,30.0,875088,gripper_generous_fmax,1.3240228103406502,0.21376607735270925,0.08695652173913043,1039.2304845413264,600.0
48271,30.0,943702,gripper_generous_fmax,0.5627809115656695,0.28954693232175527,0.2288135593220339,1034.729563210574,600.0
48271,30.0,407265,gripper_generous_fmax,0.9093647763072017,0.08255479767025353,0.00909090909090909,937.0106589872566,600.0
48271,30.0,374796,gripper_generous_fmax,0.026002414454897534,0.029636083440168916,0.8053097345132744,665.0595493469323,600.0
48271,30.0,792634,gripper_generous_fmax,0.21673170833072275,0.02524362829941714,0.5486725663716814,874.7442280289387,600.0
48271,30.0,920368,gripper_generous_fmax,0.7516343155562776,0.41268807888020065,0.0,1039.2304845413264,600.0
48271,30.0,432158,gripper_generous_fmax,0.7313625944890767,0.40012122300165276,0.0,1039.2304845413264,600.0
48271,45.0,204611,gripper_generous_fmax,0.6837232387893685,0.4993225877698913,0.0,1039.2304845413264,600.0
48271,45.0,163362,gripper_generous_fmax,0.0,0.5342231993209862,0.044642857142857144,1039.2304845413264,600.0
48271,45.0,812198,gripper_generous_fmax,0.7174619249307571,0.19439477321312,0.0,1039.2304845413264,600.0
48271,45.0,238198,gripper_generous_fmax,0.5532956936043887,0.3519388618633974,0.02727272727272727,1039.2304845413264,600.0
48271,45.0,147137,gripper_generous_fmax,0.7503944832534316,0.4895837882744039,0.0,1039.2304845413264,600.0
48271,45.0,963913,gripper_generous_fmax,0.6627477775821152,0.41243653706107025,0.0,1039.2304845413264,600.0
48271,45.0,413008,gripper_generous_fmax,0.8181479186060789,0.4535192042871107,0.0,1036.4202666219048,600.0
48271,45.0,245417,gripper_generous_fmax,0.016800479320250344,0.1095993697510841,0.35344827586206895,923.7651419556331,600.0
48271,45.0,513523,gripper_generous_fmax,1.1616817454348598,0.07706967413006972,0.0,1039.2304845413264,600.0
48271,45.0,582894,gripper_generous_fmax,0.8578867003246667,0.49710716869859745,0.0,1039.2304845413264,600.0
7119,0.0,909130,gripper_generous_fmax,1.0081800222684953,0.00920882055051997,0.0,838.7096016218803,600.0
7119,0.0,1064933,gripper_generous_fmax,0.915123740826397,0.054774923236564695,0.0,871.0104679040693,600.0
7119,0.0,914538,gripper_generous_fmax,1.0157353885024243,0.05991404440719193,0.0,1039.2304845413264,600.0
7119,0.0,139599,gripper_generous_fmax,1.0179123134285997,0.012331373998433141,0.0,915.0680624207733,600.0
7119,0.0,833674,gripper_generous_fmax,0.9121347528507547,0.05583750461813655,0.0,860.704171080383,600.0
7119,0.0,662570,gripper_generous_fmax,1.016448433250744,0.008644908320818136,0.0,843.6820933751945,600.0
7119,0.0,1024527,gripper_generous_fmax,0.9251238818651281,0.055832476274721037,0.0,849.9527880696805,600.0
7119,0.0,1010307,gripper_generous_fmax,0.9092887548204451,0.05590745583285895,0.0,873.3799425755444,600.0
7119,0.0,866735,gripper_generous_fmax,1.0170080821488283,0.006675189436171196,0.0,847.8258115742493,600.0
7119,0.0,575425,gripper_generous_fmax,0.9130667567394029,0.05259854055750142,0.0,853.3542272433276,600.0
7119,5.0,193288,gripper_generous_fmax,1.000135682166562,0.09263930845088587,0.0,1039.2304845413264,600.0
7119,5.0,963135,gripper_generous_fmax,1.1121590372594017,0.026862801062397437,0.7433628318584071,738.1623375039422,600.0
7119,5.0,157303,gripper_generous_fmax,1.4744420132654554,0.05267158796173953,0.5652173913043478,921.8399029252508,600.0
7119,5.0,1089463,gripper_generous_fmax,1.0037862451230515,0.0909083061313181,0.0,1039.2304845413264,600.0
7119,5.0,850100,gripper_generous_fmax,0.9821877988563379,0.0895775569219212,0.0,977.8198193549082,600.0
7119,5.0,190489,gripper_generous_fmax,0.9892493436042618,0.0872817926594515,0.0,1032.7176497186313,600.0
7119,5.0,472227,gripper_generous_fmax,1.0109636416056766,0.06568806129387791,0.0,1031.4976374381054,600.0
7119,5.0,782053,gripper_generous_fmax,0.9942677283368981,0.08782047113768278,0.0,1033.1778870008857,600.0
7119,5.0,462994,gripper_generous_fmax,1.040984663247705,0.09208858740959276,0.0,1030.5659662867288,600.0
7119,5.0,889362,gripper_generous_fmax,1.0389180481325564,0.09859525125818469,0.0,1039.2304845413264,600.0
7119,10.0,885125,gripper_generous_fmax,0.9359464575217221,0.06514384301137165,0.0,1039.2304845413264,600.0
7119,10.0,313924,gripper_generous_fmax,0.4689502474177412,0.057564813985741974,0.05128205128205128,1039.2304845413264,600.0
7119,10.0,1062873,gripper_generous_fmax,1.0808217814593872,0.0845928647267891,0.0,1030.9551413249542,600.0
7119,10.0,792434,gripper_generous_fmax,0.0,0.05652392843568326,0.9322033898305084,674.5534166307534,600.0
7119,10.0,630444,gripper_generous_fmax,0.937804548989188,0.08007519982997935,0.0,1039.2304845413264,600.0
7119,10.0,851132,gripper_generous_fmax,1.038341275228692,0.1732325611558688,0.0,1024.2331429712267,600.0
7119,10.0,426128,gripper_generous_fmax,1.0604940347490583,0.1881269296153768,0.0,1031.6926866443378,600.0
7119,10.0,277153,gripper_generous_fmax,1.018623820891989,0.14594331554834786,0.0,1039.2304845413264,600.0
7119,10.0,388606,gripper_generous_fmax,0.0,0.05386393008555804,0.9322033898305084,659.0194428968443,600.0
7119,10.0,294080,gripper_generous_fmax,0.0,0.02537532660562122,0.9,858.2633750851475,600.0
7119,15.0,583819,gripper_generous_fmax,1.0105608157057178,0.17863659066369375,0.0,1039.2304845413264,600.0
7119,15.0,1010364,gripper_generous_fmax,1.0696268601071206,0.02175853026579388,0.0,989.9964690238447,600.0
7119,15.0,706168,gripper_generous_fmax,1.1154904552940215,0.3255815652747128,0.0,1039.2304845413264,600.0
7119,15.0,612531,gripper_generous_fmax,0.9496435999923316,0.2092635460830659,0.0,1039.2304845413264,600.0
7119,15.0,861643,gripper_generous_fmax,0.05647238385094426,0.04540109819111522,0.8571428571428571,866.6239896080685,600.0
7119,15.0,326609,gripper_generous_fmax,1.0847558205783834,0.05560566111490739,0.0,1033.9280494397995,600.0
7119,15.0,196859,gripper_generous_fmax,0.5112873098866884,0.05646654880435034,0.33613445378151263,893.7434773937748,600.0
7119,15.0,498043,gripper_generous_fmax,0.9296732323988425,0.19169592632570923,0.0,1039.2304845413264,600.0
7119,15.0,543816,gripper_generous_fmax,0.05345018479005413,0.031539360601322564,0.7678571428571429,872.7039259478871,600.0
7119,15.0,750676,gripper_generous_fmax,1.433519597543866,0.06755023609172661,0.13274336283185842,1039.2304845413264,600.0
7119,20.0,1058165,gripper_generous_fmax,0.9862154348121385,0.23028850949066684,0.0,936.1849769914512,600.0
7119,20.0,756137,gripper_generous_fmax,0.34701718199989384,0.08782556674416273,0.4789915966386555,1039.2304845413264,600.0
7119,20.0,769874,gripper_generous_fmax,0.8741903599273246,0.15120327921238186,0.01680672268907563,1033.7739631937209,600.0
7119,20.0,614324,gripper_generous_fmax,1.0550462077985423,0.07795848699167308,0.0,1039.2304845413264,600.0
7119,20.0,314287,gripper_generous_fmax,1.1385728008233629,0.44016844288326057,0.0,1039.2304845413264,600.0
7119,20.0,668590,gripper_generous_fmax,0.0,0.013199340392385791,0.9401709401709402,848.8290430395783,600.0
7119,20.0,122667,gripper_generous_fmax,1.0296950426186549,0.28401438411843427,0.0,1036.5223919964594,600.0
7119,20.0,208778,gripper_generous_fmax,0.9322323883744964,0.1844868700212881,0.008695652173913044,1011.2731194460684,600.0
7119,20.0,336408,gripper_generous_fmax,0.0,0.050707277174624726,0.8288288288288288,855.9468033120285,600.0
7119,20.0,737257,gripper_generous_fmax,0.8663629902723087,0.2619580771681963,0.0,1039.2304845413264,600.0
7119,30.0,140442,gripper_generous_fmax,0.007764622627878806,0.0560826084248018,0.9159663865546218,851.3814269590837,600.0
7119,30.0,218462,gripper_generous_fmax,0.8677397117136145,0.37529185849458047,0.30701754385964913,956.515343773357,600.0
7119,30.0,336211,gripper_generous_fmax,0.7560402246713419,0.32325784221961507,0.0,1039.2304845413264,600.0
7119,30.0,589139,gripper_generous_fmax,0.0,0.05326417782984883,0.9152542372881356,855.9904583922842,600.0
7119,30.0,742069,gripper_generous_fmax,1.1352775703707796,0.17235268503438844,0.0,1031.0460445023832,600.0
7119,30.0,636333,gripper_generous_fmax,1.1324524622063439,0.11878297548035033,0.0,1032.566650464282,600.0
7119,30.0,530532,gripper_generous_fmax,0.05148211699409554,0.05330984456608083,0.8813559322033898,866.8927550154696,600.0
7119,30.0,335641,gripper_generous_fmax,1.3062398160912194,0.37057625772378705,0.35398230088495575,1039.2304845413264,600.0
7119,30.0,1057538,gripper_generous_fmax,1.1636738762178536,0.23844919668504402,0.0,1036.5767100252115,600.0
7119,30.0,452080,gripper_generous_fmax,0.8855835882749717,0.4972907095936893,0.0,1039.2304845413264,600.0
7119,45.0,751025,gripper_generous_fmax,0.45931681726903734,0.8104190901652437,0.0,1039.2304845413264,600.0
7119,45.0,724114,gripper_generous_fmax,0.0,0.03813101036142411,0.9734513274336283,632.9320957459445,600.0
7119,45.0,532708,gripper_generous_fmax,0.0,0.04103375761517461,0.6637168141592921,878.581978294707,600.0
7119,45.0,1086620,gripper_generous_fmax,1.2025558487242332,0.7032386490817798,0.008695652173913044,1039.2304845413264,600.0
7119,45.0,676226,gripper_generous_fmax,0.8659159251829595,0.20539813079101318,0.0,1039.2304845413264,600.0
7119,45.0,641812,gripper_generous_fmax,0.26707587771120317,0.699572741397445,0.0,914.7003497286163,600.0
7119,45.0,559027,gripper_generous_fmax,0.0,0.0383280682095949,0.9322033898305084,883.4890336807057,600.0
7119,45.0,937437,gripper_generous_fmax,1.1349256941373163,0.28905270322297566,0.0,1039.2304845413264,600.0
7119,45.0,588019,gripper_generous_fmax,0.4507170119483079,0.769891925407713,0.0,932.3675284890538,600.0
7119,45.0,735415,gripper_generous_fmax,0.2810131365107194,0.3470392360982827,0.5225225225225225,887.7807383444461,600.0
41004,0.0,753193,gripper_generous_fmax,1.0485538866784327,0.018933675801243933,0.0,1039.2304845413264,600.0
41004,0.0,367146,gripper_generous_fmax,1.1017473423823125,0.03198997584931283,0.0,1007.1969158359724,600.0
41004,0.0,406179,gripper_generous_fmax,1.1610023011163888,0.04214872391040452,0.0,1039.2304845413264,600.0
41004,0.0,801331,gripper_generous_fmax,1.5318582262985068,0.27109392981111724,0.0,1039.2304845413264,600.0
41004,0.0,1076385,gripper_generous_fmax,0.3100039366638216,0.09631322377671188,0.33620689655172414,992.9843920074261,600.0
41004,0.0,922058,gripper_generous_fmax,1.08289707481267,0.03611447285991155,0.0,1039.2304845413264,600.0
41004,0.0,844281,gripper_generous_fmax,0.9027899630528088,0.04761273361732007,0.0,1016.2910223635048,600.0
41004,0.0,1083504,gripper_generous_fmax,0.813507032857432,0.1093895070218166,0.0,1035.120669668281,600.0
41004,0.0,692217,gripper_generous_fmax,1.0956944096533945,0.017280675106465075,0.0,985.4346975431595,600.0
41004,0.0,868559,gripper_generous_fmax,1.085889204941098,0.03464369475659952,0.0,1033.4314853076835,600.0
41004,5.0,423334,gripper_generous_fmax,1.0797622430062663,0.028090388541496102,0.0,1034.4694113621833,600.0
41004,5.0,517863,gripper_generous_fmax,1.0314710046088214,0.03442900455405878,0.0,1030.001562762293,600.0
41004,5.0,809308,gripper_generous_fmax,0.0,0.0935742679046802,0.6727272727272727,1039.2304845413264,600.0
41004,5.0,299779,gripper_generous_fmax,1.084822555337545,0.028418083163169978,0.0,1039.2304845413264,600.0
41004,5.0,657166,gripper_generous_fmax,0.8368502272882365,0.11078782743564966,0.0,978.5277573607035,600.0
41004,5.0,365139,gripper_generous_fmax,1.1088270909672626,0.021991594903468123,0.0,1039.2304845413264,600.0
41004,5.0,143816,gripper_generous_fmax,0.9010671255888962,0.049066757446260725,0.0,1039.2304845413264,600.0
41004,5.0,400777,gripper_generous_fmax,1.1707617398210741,0.03257311502148478,0.0,997.8639387118418,600.0
41004,5.0,548966,gripper_generous_fmax,1.0912881558762786,0.12982866361158416,0.0,1039.2304845413264,600.0
41004,5.0,741227,gripper_generous_fmax,0.2792818910816378,0.09202174585556978,0.10909090909090909,1039.2304845413264,600.0
41004,10.0,646512,gripper_generous_fmax,1.006403153163155,0.046980199344977484,0.0,1031.5259382537806,600.0
41004,10.0,531926,gripper_generous_fmax,1.5468745084440725,0.08785821344115259,0.0,1039.2304845413264,600.0
41004,10.0,437228,gripper_generous_fmax,1.0705008339719342,0.04384499654929778,0.0,1033.6704325633941,600.0
41004,10.0,887437,gripper_generous_fmax,0.9931234003169327,0.05085977017735053,0.0,1039.2304845413264,600.0
41004,10.0,528143,gripper_generous_fmax,0.0,0.07120147787523749,0.6754385964912281,1039.2304845413264,600.0
41004,10.0,904169,gripper_generous_fmax,0.2623401492539335,0.04181495946595182,0.19090909090909092,1029.3440796307648,600.0
41004,10.0,524721,gripper_generous_fmax,1.1702629303185326,0.03725056760736627,0.0,989.3508899763303,600.0
41004,10.0,738695,gripper_generous_fmax,0.7026561877958986,0.06864678426949901,0.0,1039.2304845413264,600.0
41004,10.0,263990,gripper_generous_fmax,1.1310190496080559,0.03706721026340628,0.0,1039.2304845413264,600.0
41004,10.0,964213,gripper_generous_fmax,1.1198171537397703,0.027395412265193916,0.0,1037.2896642152823,600.0
41004,15.0,923648,gripper_generous_fmax,0.8824162172794475,0.03826197150226909,0.0,1033.2462994348716,600.0
41004,15.0,512053,gripper_generous_fmax,1.2591788839662883,0.03778767229583747,0.0,1039.2304845413264,600.0
41004,15.0,541630,gripper_generous_fmax,1.1229066112324622,0.042262510688584796,0.0,1030.8633967192384,600.0
41004,15.0,769086,gripper_generous_fmax,0.46365183966261314,0.2652255058923466,0.1,1039.2304845413264,600.0
41004,15.0,430653,gripper_generous_fmax,0.8563099234399169,0.07388871885599722,0.0,1039.2304845413264,600.0
41004,15.0,267312,gripper_generous_fmax,0.9193909612391064,0.07523948357905455,0.0,1039.2304845413264,600.0
41004,15.0,743260,gripper_generous_fmax,0.9303788695631267,0.0674136621525096,0.0,954.1129020336649,600.0
41004,15.0,878225,gripper_generous_fmax,1.0381002497877128,0.06413250728737034,0.0,1023.8306142872119,600.0
41004,15.0,815784,gripper_generous_fmax,0.7769871037896467,0.1226627411200127,0.0,1039.2304845413264,600.0
41004,15.0,659696,gripper_generous_fmax,0.0,0.05187049908788894,0.3805309734513274,1010.0575901102309,600.0
41004,20.0,182909,gripper_generous_fmax,1.0748466028278163,0.08550103583198805,0.0,1039.2304845413264,600.0
41004,20.0,1085035,gripper_generous_fmax,0.8101742619576383,0.09594111662512592,0.0,1021.8226208891599,600.0
41004,20.0,608940,gripper_generous_fmax,1.003405432708381,0.05556752374853928,0.0,1039.2304845413264,600.0
41004,20.0,134460,gripper_generous_fmax,0.6989521337243889,0.08083009214800548,0.0,1039.2304845413264,600.0
41004,20.0,787333,gripper_generous_fmax,1.542667055820941,0.1495160916871066,0.0,1039.2304845413264,600.0
41004,20.0,777356,gripper_generous_fmax,1.0176473838311912,0.07624338092504912,0.0,1028.213486809469,600.0
41004,20.0,462743,gripper_generous_fmax,1.2992590175416483,0.07750394430952788,0.0,997.8285525913687,600.0
41004,20.0,704768,gripper_generous_fmax,0.3174296976102236,0.0612076694609822,0.1565217391304348,1039.2304845413264,600.0
41004,20.0,422779,gripper_generous_fmax,0.8462817395388395,0.05314570460238846,0.0,1039.2304845413264,600.0
41004,20.0,112718,gripper_generous_fmax,1.1314317365287339,0.0469092904404864,0.0,1039.2304845413264,600.0
41004,30.0,491017,gripper_generous_fmax,0.3211819858688623,0.14102307030913327,0.14285714285714285,1039.2304845413264,600.0
41004,30.0,527294,gripper_generous_fmax,0.3856088966180547,0.2658607048992317,0.0,1005.635760855627,600.0
41004,30.0,620249,gripper_generous_fmax,0.0,0.07099331273122104,0.13274336283185842,1036.3649433857415,600.0
41004,30.0,455041,gripper_generous_fmax,0.0,0.06689217735048422,0.5,1039.2304845413264,600.0
41004,30.0,1035564,gripper_generous_fmax,1.1122328485376005,0.10839163106426049,0.0,1039.2304845413264,600.0
41004,30.0,563204,gripper_generous_fmax,1.047619147575461,0.043809692877516244,0.0,1039.2304845413264,600.0
41004,30.0,688720,gripper_generous_fmax,0.9054676580880192,0.11728537932876644,0.0,1039.2304845413264,600.0
41004,30.0,482971,gripper_generous_fmax,0.7178396616563899,0.21193490567182757,0.0,1039.2304845413264,600.0
41004,30.0,1044879,gripper_generous_fmax,0.9662705433949205,0.11437788424512717,0.0,1039.2304845413264,600.0
41004,30.0,151748,gripper_generous_fmax,0.0,0.06982195258306316,0.7927927927927928,1039.2304845413264,600.0
41004,45.0,546071,gripper_generous_fmax,0.25463550639190174,0.10677848998617741,0.025423728813559324,930.212491453897,600.0
41004,45.0,685935,gripper_generous_fmax,1.5330410703342234,0.2272733392840323,0.0,1039.2304845413264,600.0
41004,45.0,594738,gripper_generous_fmax,0.36208770945800944,0.11325348158912119,0.0,1025.2636049465814,600.0
41004,45.0,241857,gripper_generous_fmax,1.0080345878629526,0.1507087467394525,0.0,971.4333143415387,600.0
41004,45.0,1026715,gripper_generous_fmax,0.19871618015162124,0.056585996210788574,0.0,1039.2304845413264,600.0
41004,45.0,947944,gripper_generous_fmax,0.7269411999494052,0.07884289095906552,0.0,1039.2304845413264,600.0
41004,45.0,658192,gripper_generous_fmax,0.8653285314490919,0.13745952355368085,0.0,1039.2304845413264,600.0
41004,45.0,234774,gripper_generous_fmax,0.7592031736893907,0.15825829801052957,0.0,1039.2304845413264,600.0
41004,45.0,130031,gripper_generous_fmax,1.0086344511700311,0.12176987431512293,0.0,1039.2304845413264,600.0
41004,45.0,776300,gripper_generous_fmax,0.0,0.050567577861935595,0.0,1032.6681486498221,600.0
46889,0.0,726958,firm_point,1.055801531181838,0.003024368493251067,0.01680672268907563,80.91383092878772,57.61261890653168
46889,0.0,1075621,firm_point,1.0193298665619523,0.0029087510668016994,0.008403361344537815,80.04203011163125,57.61261890653168
46889,0.0,587108,firm_point,1.0765147711033556,0.0034225481202729067,0.008403361344537815,81.14659562587141,57.61261890653168
46889,0.0,507375,firm_point,0.9960206956182223,0.003154347380542789,0.01680672268907563,81.08823105641927,57.61261890653168
46889,0.0,257132,firm_point,1.0045450819008055,0.004309832816316536,0.008403361344537815,81.47654702144969,57.61261890653168
46889,0.0,292274,firm_point,1.0536498468625555,0.0037107417367117745,0.01680672268907563,81.47654702144969,57.61261890653168
46889,0.0,830820,firm_point,1.0234178148681108,0.0028754923918225413,0.0,81.47654702144969,57.61261890653168
46889,0.0,850688,firm_point,1.061971934804101,0.0029992755398240193,0.025210084033613446,81.34377055088746,57.61261890653168
46889,0.0,126293,firm_point,0.9948409770529181,0.0036725673253563875,0.008403361344537815,81.07908974499234,57.61261890653168
46889,0.0,278920,firm_point,1.0012949718357824,0.00451360042353518,0.025210084033613446,81.36996423308064,57.61261890653168
46889,5.0,630894,firm_point,1.094365640187769,0.034470947831426145,0.01680672268907563,80.6542213118773,57.61261890653168
46889,5.0,99497,firm_point,1.1166767898764556,0.05678981326083047,0.008403361344537815,81.47654702144969,57.61261890653168
46889,5.0,1012947,firm_point,1.0487892628714968,0.06702903963635798,0.0,81.20016629394445,57.61261890653168
46889,5.0,632786,firm_point,1.0688630064644324,0.02639674433671827,0.0,81.47654702144969,57.61261890653168
46889,5.0,347360,firm_point,0.9997718560397949,0.030042212820744436,0.03361344537815126,81.47654702144969,57.61261890653168
46889,5.0,991670,firm_point,1.024834018240792,0.050221534097842704,0.01680672268907563,81.47654702144969,57.61261890653168
46889,5.0,876834,firm_point,1.034362832131545,0.05192032950539654,0.0,81.47654702144969,57.61261890653168
46889,5.0,473067,firm_point,0.9829414173434533,0.03451795255069955,0.01680672268907563,79.84503090370906,57.61261890653168
46889,5.0,798913,firm_point,0.975800252988629,0.044540470311064034,0.01680672268907563,81.47654702144969,57.61261890653168
46889,5.0,750773,firm_point,1.0641186888783147,0.05413825035761059,0.01680672268907563,81.47654702144969,57.61261890653168
46889,10.0,825020,firm_point,0.9493447240756135,0.14312853595109074,0.13445378151260504,81.47654702144969,57.61261890653168
46889,10.0,594317,firm_point,1.1153621784991365,0.09146988576977087,0.01680672268907563,81.47654702144969,57.61261890653168
46889,10.0,315374,firm_point,0.8910102565765975,0.045367053120383576,0.09243697478991597,81.47654702144969,57.61261890653168
46889,10.0,350824,firm_point,0.8875209340696231,0.123758276434485,0.12605042016806722,81.47654702144969,57.61261890653168
46889,10.0,215114,firm_point,1.1728777701870892,0.03129137359760686,0.025210084033613446,81.47654702144969,57.61261890653168
46889,10.0,965214,firm_point,0.9314041817365739,0.13818814595895534,0.14285714285714285,81.47654702144969,57.61261890653168
46889,10.0,581281,firm_point,1.058160945531335,0.09527502979610528,0.04201680672268908,81.47654702144969,57.61261890653168
46889,10.0,931270,firm_point,1.1262224914653602,0.07668996219358468,0.01680672268907563,81.47654702144969,57.61261890653168
46889,10.0,601372,firm_point,1.0711398826561647,0.1426202196628434,0.04201680672268908,81.47654702144969,57.61261890653168
46889,10.0,1052973,firm_point,0.8926116762953593,0.056321571808803796,0.10084033613445378,81.47654702144969,57.61261890653168
46889,15.0,667849,firm_point,1.1885894149624725,0.10570663521079546,0.008403361344537815,81.47654702144969,57.61261890653168
46889,15.0,1079544,firm_point,0.572183380379413,0.2257699423015593,0.15126050420168066,80.65047135127153,57.61261890653168
46889,15.0,153501,firm_point,1.0215394630849477,0.17221156297880402,0.10084033613445378,81.47654702144969,57.61261890653168
46889,15.0,750995,firm_point,0.8382655183535197,0.2031880818321633,0.226890756302521,81.47654702144969,57.61261890653168
46889,15.0,695054,firm_point,0.9326660864952075,0.20794883183549434,0.17647058823529413,81.47654702144969,57.61261890653168
46889,15.0,544510,firm_point,1.1230114396782882,0.11395685452001483,0.04201680672268908,81.47654702144969,57.61261890653168
46889,15.0,799319,firm_point,1.1848189399403881,0.1460118026418736,0.01680672268907563,81.47654702144969,57.61261890653168
46889,15.0,433017,firm_point,1.2325078364061328,0.03541955667823172,0.0,80.65608687831038,57.61261890653168
46889,15.0,862981,firm_point,1.1727126856486823,0.0566568689821033,0.008403361344537815,81.47654702144969,57.61261890653168
46889,15.0,398017,firm_point,1.0997256688801815,0.17145404405814488,0.08403361344537816,81.47654702144969,57.61261890653168
46889,20.0,215838,firm_point,1.263133659407314,0.09934724579759242,0.008403361344537815,81.47654702144969,57.61261890653168
46889,20.0,161264,firm_point,0.45414360560673894,0.3758539688593775,0.2857142857142857,73.70530871059161,57.61261890653168
46889,20.0,367123,firm_point,1.2182939717148982,0.1348190061303715,0.01680672268907563,81.47654702144969,57.61261890653168
46889,20.0,178541,firm_point,0.7848645085988474,0.23349084530016156,0.25210084033613445,81.47654702144969,57.61261890653168
46889,20.0,325421,firm_point,0.723687813984289,0.031093217286889126,0.08403361344537816,81.47654702144969,57.61261890653168
46889,20.0,451473,firm_point,0.7761609252940176,0.09466458498475085,0.18487394957983194,81.47654702144969,57.61261890653168
46889,20.0,793016,firm_point,0.9698711421582398,0.25668564065159216,0.16806722689075632,81.47654702144969,57.61261890653168
46889,20.0,572819,firm_point,0.4902187300766866,0.20655639550284569,0.29411764705882354,76.03398529972326,57.61261890653168
46889,20.0,953012,firm_point,1.3211093437620824,0.12006464843786334,0.0,81.47654702144969,57.61261890653168
46889,20.0,980427,firm_point,0.6743533468289049,0.07119342210207667,0.16806722689075632,81.47654702144969,57.61261890653168
46889,30.0,97232,firm_point,0.29062384654023227,0.21251229574320196,0.46218487394957986,66.46103655867431,57.61261890653168
46889,30.0,586546,firm_point,1.3663719644686374,0.14759800056885242,0.01680672268907563,81.47654702144969,57.61261890653168
46889,30.0,125976,firm_point,0.5926568289035417,0.3476038581015903,0.3865546218487395,81.47654702144969,57.61261890653168
46889,30.0,312347,firm_point,0.7942727300183987,0.409826463732041,0.35294117647058826,81.47654702144969,57.61261890653168
46889,30.0,1064982,firm_point,1.3787762117187692,0.3575129339964898,0.15126050420168066,81.47654702144969,57.61261890653168
46889,30.0,696536,firm_point,0.5472203834399001,0.21246579049443873,0.3949579831932773,81.47654702144969,57.61261890653168
46889,30.0,781878,firm_point,0.19898920364869624,0.4549436424268497,0.5210084033613446,64.67757283228056,57.61261890653168
46889,30.0,361917,firm_point,0.21602816226109092,0.3137091579845202,0.5966386554621849,64.88835482848671,57.61261890653168
46889,30.0,807137,firm_point,0.580712467607683,0.33680999137747225,0.3697478991596639,81.47654702144969,57.61261890653168
46889,30.0,1001394,firm_point,0.5739023540176051,0.26223583087027463,0.33613445378151263,81.47654702144969,57.61261890653168
46889,45.0,565995,firm_point,0.0,0.42920364572201625,0.773109243697479,81.47654702144969,57.61261890653168
46889,45.0,751490,firm_point,0.0,0.22104843695636073,0.7394957983193278,81.47654702144969,57.61261890653168
46889,45.0,890496,firm_point,0.7466505173591167,0.5265978684358897,0.37815126050420167,81.47654702144969,57.61261890653168
46889,45.0,891486,firm_point,0.8962581566916873,0.4009109706170535,0.2184873949579832,81.47654702144969,57.61261890653168
46889,45.0,997794,firm_point,0.5619258488875606,0.5829218169853094,0.4957983193277311,81.47654702144969,57.61261890653168
46889,45.0,1057411,firm_point,1.137782084723819,0.2312656073139419,0.01680672268907563,81.47654702144969,57.61261890653168
46889,45.0,854232,firm_point,0.5674163878919246,0.5729310003965613,0.46218487394957986,81.47654702144969,57.61261890653168
46889,45.0,1069224,firm_point,0.06108416467985175,0.6521421284182348,0.5714285714285714,61.50008792347209,57.61261890653168
46889,45.0,1080536,firm_point,0.37954457426941984,0.17493128384137013,0.4369747899159664,69.46248026842795,57.61261890653168
46889,45.0,260577,firm_point,0.31558210672303744,0.13488706613395599,0.5294117647058824,66.22917528162746,57.61261890653168
47315,0.0,877605,firm_point,1.0752439202215858,0.0036430136363900436,0.0,167.70729407480658,119.03841102086213
47315,0.0,357520,firm_point,1.011489510936667,0.0032763743109188487,0.0,166.9650461680967,119.03841102086213
47315,0.0,1034055,firm_point,1.0239103274105472,0.004056880067638839,0.0,167.8116106508703,119.03841102086213
47315,0.0,179887,firm_point,1.008934513863627,0.003352813413900295,0.0,167.50974322024217,119.03841102086213
47315,0.0,1027144,firm_point,1.038919501694187,0.004033273969015038,0.0,167.54206562523805,119.03841102086213
47315,0.0,907459,firm_point,0.9938441417145347,0.0037143410197533243,0.008403361344537815,167.270748964277,119.03841102086213
47315,0.0,306322,firm_point,1.0167597279247786,0.0032994023893640157,0.0,161.27161040236803,119.03841102086213
47315,0.0,831878,firm_point,1.018755481279571,0.0039030121421063406,0.0,168.05935903221317,119.03841102086213
47315,0.0,686016,firm_point,1.079040336322932,0.0031715824923312604,0.0,167.41791498567827,119.03841102086213
47315,0.0,583899,firm_point,1.0590319050622228,0.003474927513865949,0.0,166.0641109243984,119.03841102086213
47315,5.0,942529,firm_point,0.9176453363156225,0.09130865626630538,0.08403361344537816,168.34573530904612,119.03841102086213
47315,5.0,564649,firm_point,1.0256908944557943,0.13832213104057123,0.08403361344537816,168.34573530904612,119.03841102086213
47315,5.0,1017066,firm_point,0.9143054570286309,0.03971637895444457,0.03361344537815126,168.34573530904612,119.03841102086213
47315,5.0,129831,firm_point,1.116425196761018,0.05817917875344593,0.0,166.80900664109134,119.03841102086213
47315,5.0,852999,firm_point,1.1279489885166403,0.029581883759378345,0.0,167.77726257080883,119.03841102086213
47315,5.0,418822,firm_point,1.0024014507454029,0.1433929109636885,0.09243697478991597,168.34573530904612,119.03841102086213
47315,5.0,204243,firm_point,1.126591242315259,0.11792234858289632,0.0,167.29287303871925,119.03841102086213
47315,5.0,635008,firm_point,1.0880255473902074,0.14305124035814873,0.0,166.47778130506143,119.03841102086213
47315,5.0,440098,firm_point,1.0417444062478465,0.08202777896888654,0.03361344537815126,168.34573530904612,119.03841102086213
47315,5.0,554527,firm_point,0.9048191630225964,0.08462961658813413,0.08403361344537816,168.34573530904612,119.03841102086213
47315,10.0,780995,firm_point,1.1114334865006756,0.1683280511594356,0.06722689075630252,168.34573530904612,119.03841102086213
47315,10.0,133548,firm_point,1.032027277045938,0.32356529753730223,0.04201680672268908,168.34573530904612,119.03841102086213
47315,10.0,137572,firm_point,0.8717541782319381,0.3089608657205554,0.226890756302521,168.34573530904612,119.03841102086213
47315,10.0,402242,firm_point,1.0659769609203065,0.22868282839751644,0.1092436974789916,168.34573530904612,119.03841102086213
47315,10.0,130340,firm_point,0.9386053636210294,0.3050653253267775,0.21008403361344538,168.34573530904612,119.03841102086213
47315,10.0,672159,firm_point,0.9324472471666597,0.3038109204786746,0.2184873949579832,168.34573530904612,119.03841102086213
47315,10.0,290077,firm_point,0.8383876492743184,0.02595559046708371,0.008403361344537815,167.8994483021262,119.03841102086213
47315,10.0,445428,firm_point,1.215970416597094,0.037915177276343866,0.0,165.49284308695496,119.03841102086213
47315,10.0,705812,firm_point,1.1285299632934118,0.21641745271733634,0.09243697478991597,168.34573530904612,119.03841102086213
47315,10.0,639751,firm_point,0.9501728583451221,0.1690045366869487,0.03361344537815126,167.4325003960661,119.03841102086213
47315,15.0,376843,firm_point,0.5475636485488924,0.5494009178554773,0.15126050420168066,146.87733483662763,119.03841102086213
47315,15.0,614033,firm_point,0.5328621923251438,0.4844140403603733,0.19327731092436976,145.75424880282276,119.03841102086213
47315,15.0,414140,firm_point,1.258879035275403,0.5196809792515524,0.03361344537815126,167.4627173504686,119.03841102086213
47315,15.0,783591,firm_point,1.1651814680421546,0.18233786263216856,0.03361344537815126,168.34573530904612,119.03841102086213
47315,15.0,663362,firm_point,0.5633207906033567,0.5743972030310551,0.16806722689075632,148.36062869538395,119.03841102086213
47315,15.0,1076271,firm_point,1.1764931483732446,0.29075101108537654,0.09243697478991597,168.34573530904612,119.03841102086213
47315,15.0,824971,firm_point,0.536170931748739,0.4111227827943326,0.12605042016806722,145.2559381961247,119.03841102086213
47315,15.0,661336,firm_point,1.2857664940005566,0.3857204462584708,0.0,167.0058704682326,119.03841102086213
47315,15.0,992703,firm_point,0.7079489601235535,0.31600184441581514,0.3025210084033613,168.34573530904612,119.03841102086213
47315,15.0,930647,firm_point,1.1845728453666864,0.17744397837027429,0.04201680672268908,168.34573530904612,119.03841102086213
47315,20.0,611978,firm_point,0.39218185012441015,0.5828243830377072,0.3865546218487395,133.8659656511472,119.03841102086213
47315,20.0,135915,firm_point,1.4492355933255052,0.36218752884864713,0.008403361344537815,167.31696398969564,119.03841102086213
47315,20.0,478683,firm_point,1.0878796446361267,0.39102447089040515,0.15966386554621848,168.34573530904612,119.03841102086213
47315,20.0,267677,firm_point,1.3405099726724405,0.164416702103293,0.0,166.88292765897705,119.03841102086213
47315,20.0,605224,firm_point,1.3558970955367537,0.28340424368105754,0.0,168.34573530904612,119.03841102086213
47315,20.0,949476,firm_point,1.2933542363403498,0.25066161730838843,0.03361344537815126,168.34573530904612,119.03841102086213
47315,20.0,151943,firm_point,0.5871975714293252,0.7490509390720752,0.18487394957983194,150.38110716702047,119.03841102086213
47315,20.0,755453,firm_point,1.347744429715864,0.2666266339324685,0.0,168.34573530904612,119.03841102086213
47315,20.0,536433,firm_point,0.4997002510151366,0.7821779862329463,0.2857142857142857,144.54646355206322,119.03841102086213
47315,20.0,795444,firm_point,0.42086663662963986,0.3640232557972083,0.2773109243697479,135.5078402533327,119.03841102086213
47315,30.0,822524,firm_point,0.5524985448829669,1.0031131728321308,0.24369747899159663,149.52116543399168,119.03841102086213
47315,30.0,370205,firm_point,0.8777967926295941,0.7622534334730927,0.3697478991596639,168.34573530904612,119.03841102086213
47315,30.0,324122,firm_point,0.16771685816808968,0.3853958473030146,0.773109243697479,122.48968160044248,119.03841102086213
47315,30.0,472280,firm_point,0.717811830138428,0.8878360455447464,0.4957983193277311,168.34573530904612,119.03841102086213
47315,30.0,165080,firm_point,0.45550132928240117,0.15730718277370856,0.16806722689075632,138.80901493125,119.03841102086213
47315,30.0,173319,firm_point,0.7148017063641239,0.6676107116869442,0.226890756302521,168.34573530904612,119.03841102086213
47315,30.0,789407,firm_point,0.5141343489784025,1.0062861597130597,0.2857142857142857,143.43100720156778,119.03841102086213
47315,30.0,108880,firm_point,0.700743041040287,0.8805429198697147,0.48739495798319327,168.34573530904612,119.03841102086213
47315,30.0,383618,firm_point,0.13174150459858103,0.5887517293474464,0.7899159663865546,122.04544866760848,119.03841102086213
47315,30.0,304810,firm_point,0.7133529539084639,0.6421803442855807,0.20168067226890757,168.34573530904612,119.03841102086213
47315,45.0,1060863,firm_point,0.6938715131986707,1.1779721476056124,0.44537815126050423,168.34573530904612,119.03841102086213
47315,45.0,137796,firm_point,0.0,1.1573732000800172,0.7647058823529411,168.34573530904612,119.03841102086213
47315,45.0,628588,firm_point,0.4286245331615036,0.654394200308942,0.3445378151260504,137.86660552605886,119.03841102086213
47315,45.0,508026,firm_point,0.0,1.139843355265427,0.7226890756302521,168.34573530904612,119.03841102086213
47315,45.0,840820,firm_point,0.641380125517422,0.8612798185107603,0.10084033613445378,160.67055451477327,119.03841102086213
47315,45.0,531494,firm_point,1.0244828605656053,0.8420206726530242,0.2857142857142857,168.34573530904612,119.03841102086213
47315,45.0,499899,firm_point,1.0522774364843313,0.8182253719711543,0.2689075630252101,168.34573530904612,119.03841102086213
47315,45.0,849895,firm_point,0.7118239055659746,1.048466052379393,0.11764705882352941,168.34573530904612,119.03841102086213
47315,45.0,756912,firm_point,0.707953779078171,1.097307840001961,0.2184873949579832,168.34573530904612,119.03841102086213
47315,45.0,954191,firm_point,0.0,0.7112189849960421,0.9663865546218487,168.34573530904612,119.03841102086213
48271,0.0,459337,firm_point,1.0536728899940775,0.003699208567469062,0.0,79.8609811343878,56.470241312336555
48271,0.0,910740,firm_point,1.0063972127148877,0.0034595898983243566,0.0,79.48350866455142,56.470241312336555
48271,0.0,414892,firm_point,1.0464661632193444,0.0046636498667134586,0.008403361344537815,79.56838375800304,56.470241312336555
48271,0.0,242597,firm_point,1.0734129147914535,0.003533184326257297,0.0,79.8609811343878,56.470241312336555
48271,0.0,421225,firm_point,1.044704233218347,0.0032114494153596316,0.008403361344537815,79.8609811343878,56.470241312336555
48271,0.0,861354,firm_point,1.029409806699087,0.003822862028013284,0.008403361344537815,79.4166897913656,56.470241312336555
48271,0.0,486349,firm_point,1.0283442479463094,0.004344667017928444,0.0,79.6775577963962,56.470241312336555
48271,0.0,910223,firm_point,1.0350163323237067,0.0033054459332590804,0.0,79.66301593346621,56.470241312336555
48271,0.0,1072277,firm_point,1.07165496970839,0.0028661519657102856,0.008403361344537815,79.1774673969081,56.470241312336555
48271,0.0,344947,firm_point,1.0043633295555758,0.003876844193750062,0.0,79.8609811343878,56.470241312336555
48271,5.0,145290,firm_point,0.9735116158777327,0.059947492625820394,0.05042016806722689,79.8609811343878,56.470241312336555
48271,5.0,125370,firm_point,1.0240504093801583,0.009425946354487562,0.008403361344537815,79.31770382628396,56.470241312336555
48271,5.0,658926,firm_point,1.0888701161831864,0.04993071216451017,0.0,79.8609811343878,56.470241312336555
48271,5.0,109253,firm_point,1.109050706025662,0.011413151681175371,0.01680672268907563,79.8609811343878,56.470241312336555
48271,5.0,234390,firm_point,1.0006650657101075,0.06742026076910877,0.0,79.8609811343878,56.470241312336555
48271,5.0,701290,firm_point,1.0247480932770594,0.0699821327160135,0.025210084033613446,79.8609811343878,56.470241312336555
48271,5.0,805524,firm_point,1.0587481861131112,0.021786638013619304,0.0,79.8609811343878,56.470241312336555
48271,5.0,462055,firm_point,1.0398106811987058,0.04853620002881651,0.008403361344537815,79.8609811343878,56.470241312336555
48271,5.0,631899,firm_point,0.9883502249622312,0.026014830509422708,0.0,79.00949792776875,56.470241312336555
48271,5.0,157145,firm_point,1.0507029110416617,0.0195343473411455,0.0,79.8609811343878,56.470241312336555
48271,10.0,551571,firm_point,0.9657259368510821,0.10625940594382291,0.07563025210084033,79.8609811343878,56.470241312336555
48271,10.0,96325,firm_point,1.014630513392509,0.1329682196847267,0.008403361344537815,79.8609811343878,56.470241312336555
48271,10.0,575396,firm_point,0.9796058438971089,0.058241729493062916,0.0,79.8609811343878,56.470241312336555
48271,10.0,144503,firm_point,1.0609738961923378,0.020350828847012874,0.0,79.8609811343878,56.470241312336555
48271,10.0,270405,firm_point,1.067098715110837,0.13685058526244648,0.025210084033613446,79.8609811343878,56.470241312336555
48271,10.0,1068392,firm_point,0.9154615615146876,0.06027066093272628,0.05042016806722689,79.8609811343878,56.470241312336555
48271,10.0,116263,firm_point,1.0047615091307707,0.08632030125822956,0.008403361344537815,79.8609811343878,56.470241312336555
48271,10.0,689692,firm_point,0.9915985595426212,0.1058674478063465,0.08403361344537816,79.8609811343878,56.470241312336555
48271,10.0,1049064,firm_point,1.078446928048469,0.02630199534515199,0.008403361344537815,79.8609811343878,56.470241312336555
48271,10.0,373678,firm_point,1.0519456570639338,0.019919725237564107,0.008403361344537815,79.5054962883431,56.470241312336555
48271,15.0,489807,firm_point,1.0744116714659402,0.09444946152992091,0.03361344537815126,79.8609811343878,56.470241312336555
48271,15.0,156800,firm_point,1.1186795131782508,0.033409426178734526,0.0,78.99331552175825,56.470241312336555
48271,15.0,448930,firm_point,1.1558480469528059,0.15514968783982333,0.0,79.8609811343878,56.470241312336555
48271,15.0,1011187,firm_point,1.0431252306443015,0.19387400968903562,0.03361344537815126,79.8609811343878,56.470241312336555
48271,15.0,542171,firm_point,1.0419565963062032,0.18619126097107475,0.008403361344537815,79.8609811343878,56.470241312336555
48271,15.0,873800,firm_point,1.039254290140044,0.1243985721598789,0.03361344537815126,79.8609811343878,56.470241312336555
48271,15.0,147299,firm_point,1.1257032882262514,0.05357849472138889,0.01680672268907563,79.8609811343878,56.470241312336555
48271,15.0,607985,firm_point,0.928270365811382,0.055392503398252156,0.058823529411764705,79.8609811343878,56.470241312336555
48271,15.0,460769,firm_point,1.146886343525545,0.1845165938067499,0.025210084033613446,79.8609811343878,56.470241312336555
48271,15.0,654833,firm_point,1.1139092973924447,0.10671176519347442,0.008403361344537815,79.8609811343878,56.470241312336555
48271,20.0,463092,firm_point,0.9134591164290873,0.2629636554330901,0.12605042016806722,79.8609811343878,56.470241312336555
48271,20.0,1055658,firm_point,0.9348593469292522,0.2690066883177668,0.1092436974789916,79.8609811343878,56.470241312336555
48271,20.0,293632,firm_point,0.9603491743236211,0.2699870332662464,0.11764705882352941,79.8609811343878,56.470241312336555
48271,20.0,120773,firm_point,0.8276826557683216,0.07363814426356523,0.09243697478991597,79.8609811343878,56.470241312336555
48271,20.0,1004298,firm_point,1.1139198301165385,0.2890315779569995,0.06722689075630252,79.8609811343878,56.470241312336555
48271,20.0,1058231,firm_point,1.1967216262449336,0.1969842463484661,0.008403361344537815,79.8609811343878,56.470241312336555
48271,20.0,1081323,firm_point,0.8850403374954044,0.0902911358159839,0.03361344537815126,79.8609811343878,56.470241312336555
48271,20.0,223280,firm_point,1.1366572926349634,0.065454023384437,0.008403361344537815,79.8609811343878,56.470241312336555
48271,20.0,674556,firm_point,1.1745814398349679,0.14083349536405812,0.0,79.8609811343878,56.470241312336555
48271,20.0,435396,firm_point,0.8727701025298501,0.04709519089978225,0.03361344537815126,79.8609811343878,56.470241312336555
48271,30.0,427827,firm_point,0.8977015760666995,0.3922921857860391,0.16806722689075632,79.8609811343878,56.470241312336555
48271,30.0,963505,firm_point,0.46294728500430177,0.40185106472450677,0.3697478991596639,67.41302336999019,56.470241312336555
48271,30.0,773498,firm_point,0.47130799250815436,0.4363260523480765,0.31092436974789917,68.01441673310129,56.470241312336555
48271,30.0,875088,firm_point,1.2217329874944411,0.2944361162535248,0.025210084033613446,79.8609811343878,56.470241312336555
48271,30.0,943702,firm_point,0.49199692839114023,0.45230104104390223,0.2605042016806723,67.9048710202231,56.470241312336555
48271,30.0,407265,firm_point,1.0623872518983462,0.19462544182030536,0.04201680672268908,79.8609811343878,56.470241312336555
48271,30.0,374796,firm_point,0.459227741888025,0.4099394897393854,0.2773109243697479,67.44084105932248,56.470241312336555
48271,30.0,792634,firm_point,0.5063977811241449,0.2549131304506455,0.2773109243697479,69.84024870019138,56.470241312336555
48271,30.0,920368,firm_point,0.8656368751865515,0.3847769799226047,0.16806722689075632,79.8609811343878,56.470241312336555
48271,30.0,432158,firm_point,0.8052224120635594,0.3848975297473949,0.16806722689075632,79.8609811343878,56.470241312336555
48271,45.0,204611,firm_point,0.748909551020556,0.4893279813368149,0.2184873949579832,79.8609811343878,56.470241312336555
48271,45.0,163362,firm_point,0.27433307444955396,0.6219851127699539,0.48739495798319327,61.73902788791875,56.470241312336555
48271,45.0,812198,firm_point,0.8010905429693519,0.3375569101132438,0.19327731092436976,79.8609811343878,56.470241312336555
48271,45.0,238198,firm_point,0.8465693749410792,0.36792356575845087,0.16806722689075632,79.8609811343878,56.470241312336555
48271,45.0,147137,firm_point,0.759167165017446,0.5530834880839911,0.16806722689075632,79.8609811343878,56.470241312336555
48271,45.0,963913,firm_point,0.6802176973093236,0.4810904275009573,0.10084033613445378,79.8609811343878,56.470241312336555
48271,45.0,413008,firm_point,0.17896871928886623,0.4065722152598459,0.5798319327731093,59.45951213760152,56.470241312336555
48271,45.0,245417,firm_point,0.7671725996688621,0.4241601213678897,0.2184873949579832,79.8609811343878,56.470241312336555
48271,45.0,513523,firm_point,1.172575527662866,0.13301060269846657,0.008403361344537815,79.8609811343878,56.470241312336555
48271,45.0,582894,firm_point,0.18335892984408475,0.4165602038725944,0.5714285714285714,58.96907341230266,56.470241312336555
7119,0.0,909130,firm_point,1.0481705627564297,0.0035691258130055073,0.0,112.652960644589,79.7081921754307
7119,0.0,1064933,firm_point,1.0087256556956148,0.003341812896927728,0.0,112.31161829389123,79.7081921754307
7119,0.0,914538,firm_point,1.076480195630845,0.003499174923197685,0.0,111.51684773941324,79.7081921754307
7119,0.0,139599,firm_point,1.0109470079181326,0.003578946774206825,0.0,112.02906844495165,79.7081921754307
7119,0.0,833674,firm_point,0.9947362438711831,0.003763361953005665,0.0,108.80739184343606,79.7081921754307
7119,0.0,662570,firm_point,1.0262767222497993,0.002668825855145436,0.0,112.65802847774789,79.7081921754307
7119,0.0,1024527,firm_point,1.0245211606920563,0.0034843274939929496,0.0,112.12681920921098,79.7081921754307
7119,0.0,1010307,firm_point,1.0113771602006094,0.0031350147425861824,0.0,110.8729756193785,79.7081921754307
7119,0.0,866735,firm_point,1.0218254170284935,0.0030576765656124753,0.0,112.38514305733207,79.7081921754307
7119,0.0,575425,firm_point,1.0030625572156955,0.0033299527101156895,0.0,112.57468519364473,79.7081921754307
7119,5.0,193288,firm_point,1.0104237572662826,0.09362629365354695,0.03361344537815126,112.72440640673511,79.7081921754307
7119,5.0,963135,firm_point,1.0684071139520468,0.09687525315832322,0.0,111.81536475318889,79.7081921754307
7119,5.0,157303,firm_point,1.0254050042785885,0.08590896922336796,0.025210084033613446,112.72440640673511,79.7081921754307
7119,5.0,1089463,firm_point,1.0543430400588378,0.09754842046608479,0.03361344537815126,112.72440640673511,79.7081921754307
7119,5.0,850100,firm_point,1.0215334252790669,0.02143755835046337,0.008403361344537815,112.72440640673511,79.7081921754307
7119,5.0,190489,firm_point,1.0252750488166769,0.05407327897599291,0.008403361344537815,112.72440640673511,79.7081921754307
7119,5.0,472227,firm_point,1.030960528222395,0.07430254592572816,0.0,111.36315772858295,79.7081921754307
7119,5.0,782053,firm_point,1.1018292888901238,0.09548852254646836,0.0,111.37708088085164,79.7081921754307
7119,5.0,462994,firm_point,1.0636687573943016,0.09647275103339883,0.0,111.42179302896109,79.7081921754307
7119,5.0,889362,firm_point,1.053127390796611,0.09729187902651137,0.0,112.72440640673511,79.7081921754307
7119,10.0,885125,firm_point,0.9497371375117031,0.06168632349941335,0.025210084033613446,112.72440640673511,79.7081921754307
7119,10.0,313924,firm_point,0.9321865965157194,0.06580375197795305,0.008403361344537815,112.72440640673511,79.7081921754307
7119,10.0,1062873,firm_point,1.057935443627043,0.0787735460682119,0.0,111.03584589403036,79.7081921754307
7119,10.0,792434,firm_point,1.05222086322125,0.18471736989248982,0.0,112.72440640673511,79.7081921754307
7119,10.0,630444,firm_point,0.9996168391684936,0.08333953579840693,0.04201680672268908,112.72440640673511,79.7081921754307
7119,10.0,851132,firm_point,1.061910216065675,0.19408282406292166,0.0,112.72440640673511,79.7081921754307
7119,10.0,426128,firm_point,1.1071141245284806,0.1813415755317454,0.0,111.37303441970694,79.7081921754307
7119,10.0,277153,firm_point,1.0300477014741272,0.15546292318722665,0.05042016806722689,112.72440640673511,79.7081921754307
7119,10.0,388606,firm_point,1.0687915186082206,0.10109968562705511,0.0,110.75772779885243,79.7081921754307
7119,10.0,294080,firm_point,1.0793644268205411,0.18868345267113243,0.0,111.1516695155036,79.7081921754307
7119,15.0,583819,firm_point,1.047787619652866,0.21496796790056766,0.058823529411764705,112.72440640673511,79.7081921754307
7119,15.0,1010364,firm_point,1.1159862132760545,0.044019568163948884,0.0,112.31551429354671,79.7081921754307
7119,15.0,706168,firm_point,0.9998630352911739,0.27719335233142367,0.01680672268907563,112.72440640673511,79.7081921754307
7119,15.0,612531,firm_point,1.0364534953168407,0.21803895891864045,0.06722689075630252,112.72440640673511,79.7081921754307
7119,15.0,861643,firm_point,1.0700127942387507,0.2777125653258276,0.008403361344537815,112.72440640673511,79.7081921754307
7119,15.0,326609,firm_point,1.1067725337749845,0.0470634359203948,0.0,112.72440640673511,79.7081921754307
7119,15.0,196859,firm_point,0.9058559024269638,0.12761595866255532,0.008403361344537815,112.72440640673511,79.7081921754307
7119,15.0,498043,firm_point,0.9712764430527845,0.13969720343695105,0.008403361344537815,111.50671663548914,79.7081921754307
7119,15.0,543816,firm_point,1.022137430481976,0.2728480515634686,0.07563025210084033,112.72440640673511,79.7081921754307
7119,15.0,750676,firm_point,0.9171196498013977,0.04414043094942565,0.01680672268907563,112.72440640673511,79.7081921754307
7119,20.0,1058165,firm_point,1.064551411304403,0.2220515332011471,0.04201680672268908,112.72440640673511,79.7081921754307
7119,20.0,756137,firm_point,0.8221282391240207,0.05819286249567565,0.025210084033613446,112.72440640673511,79.7081921754307
7119,20.0,769874,firm_point,0.8235366428708204,0.14784548150552312,0.08403361344537816,112.72440640673511,79.7081921754307
7119,20.0,614324,firm_point,1.166532560672014,0.07987021132250587,0.0,110.7505285114191,79.7081921754307
7119,20.0,314287,firm_point,1.1195503771312476,0.32699291980183465,0.01680672268907563,112.72440640673511,79.7081921754307
7119,20.0,668590,firm_point,1.124664977688694,0.17994254520582378,0.0,111.8263807487338,79.7081921754307
7119,20.0,122667,firm_point,1.115712378675073,0.384333692808292,0.008403361344537815,112.72440640673511,79.7081921754307
7119,20.0,208778,firm_point,1.1150590339221524,0.3969346425783875,0.025210084033613446,112.72440640673511,79.7081921754307
7119,20.0,336408,firm_point,0.9443509835175125,0.3405874900594204,0.09243697478991597,112.72440640673511,79.7081921754307
7119,20.0,737257,firm_point,0.890288602029866,0.2758115843662609,0.10084033613445378,112.72440640673511,79.7081921754307
7119,30.0,140442,firm_point,0.6213463415746101,0.6248752129520933,0.10084033613445378,101.67183395026679,79.7081921754307
7119,30.0,218462,firm_point,0.5989294912943083,0.6428132903556804,0.20168067226890757,101.11692899403782,79.7081921754307
7119,30.0,336211,firm_point,0.7830237574246033,0.33817904523561365,0.13445378151260504,112.72440640673511,79.7081921754307
7119,30.0,589139,firm_point,0.8102918673738366,0.5057587353312033,0.12605042016806722,112.72440640673511,79.7081921754307
7119,30.0,742069,firm_point,1.149234273214666,0.16646696953398973,0.0,112.72440640673511,79.7081921754307
7119,30.0,636333,firm_point,1.1792390888142779,0.21755524564198128,0.0,112.72440640673511,79.7081921754307
7119,30.0,530532,firm_point,0.5093633279122572,0.5250070525254839,0.15966386554621848,93.84176834852039,79.7081921754307
7119,30.0,335641,firm_point,0.8795561975022648,0.5455298080643305,0.12605042016806722,112.72440640673511,79.7081921754307
7119,30.0,1057538,firm_point,1.1931871082777226,0.2619884427754091,0.0,112.13961570433099,79.7081921754307
7119,30.0,452080,firm_point,0.9476469467050459,0.5063843358601864,0.10084033613445378,112.72440640673511,79.7081921754307
7119,45.0,751025,firm_point,0.4958529969639669,0.8249931060208565,0.23529411764705882,93.25757442556895,79.7081921754307
7119,45.0,724114,firm_point,1.2313349007589096,0.42710091743854506,0.01680672268907563,112.72440640673511,79.7081921754307
7119,45.0,532708,firm_point,0.37054080227390707,0.2198085379965958,0.37815126050420167,88.0878512214018,79.7081921754307
7119,45.0,1086620,firm_point,0.7585252521112182,0.757624079307047,0.05042016806722689,112.72440640673511,79.7081921754307
7119,45.0,676226,firm_point,0.9135265912760842,0.25670075553336635,0.06722689075630252,112.72440640673511,79.7081921754307
7119,45.0,641812,firm_point,0.26569952577542966,0.8020263073973195,0.5294117647058824,84.54589461862219,79.7081921754307
7119,45.0,559027,firm_point,1.181101940721776,0.4261205881090219,0.0,112.72440640673511,79.7081921754307
7119,45.0,937437,firm_point,1.2227099000896624,0.4536853420780258,0.0,112.72440640673511,79.7081921754307
7119,45.0,588019,firm_point,0.4183040468189725,0.8568219364741995,0.37815126050420167,89.77074835121967,79.7081921754307
7119,45.0,735415,firm_point,0.7468801718202764,0.6923788846592484,0.08403361344537816,112.72440640673511,79.7081921754307
41004,0.0,753193,firm_point,0.9893692677120605,0.0032867257063284292,0.12605042016806722,70.50419041603323,50.0
41004,0.0,367146,firm_point,1.024374520910497,0.003525573652726524,0.13445378151260504,70.21721180890766,50.0
41004,0.0,406179,firm_point,1.0634871359135296,0.0034423927128789944,0.12605042016806722,70.71067811865476,50.0
41004,0.0,801331,firm_point,1.0529754423629976,0.0038793062066594043,0.14285714285714285,70.23018301033797,50.0
41004,0.0,1076385,firm_point,1.027894682448814,0.0033505748162791964,0.13445378151260504,70.71067811865476,50.0
41004,0.0,922058,firm_point,1.058898482298897,0.004177003682959205,0.14285714285714285,70.71067811865476,50.0
41004,0.0,844281,firm_point,1.0198529396040599,0.003240973306258592,0.12605042016806722,70.71067811865476,50.0
41004,0.0,1083504,firm_point,0.9942628592926728,0.003183243417523124,0.12605042016806722,69.98341092199328,50.0
41004,0.0,692217,firm_point,1.0467451239157495,0.0032428273830650144,0.12605042016806722,70.27000127906874,50.0
41004,0.0,868559,firm_point,1.0674732054574576,0.003737048588157183,0.1092436974789916,70.40137023314841,50.0
41004,5.0,423334,firm_point,1.0656778922628218,0.021577458230798024,0.11764705882352941,70.71067811865476,50.0
41004,5.0,517863,firm_point,1.1111496042053715,0.005817632996805051,0.17647058823529413,70.71067811865476,50.0
41004,5.0,809308,firm_point,1.0945406191918337,0.016071746314981785,0.16806722689075632,70.24580013496045,50.0
41004,5.0,299779,firm_point,1.0829262800344006,0.019307596301083033,0.1092436974789916,70.71067811865476,50.0
41004,5.0,657166,firm_point,1.0098256985866556,0.02047304239262971,0.12605042016806722,70.71067811865476,50.0
41004,5.0,365139,firm_point,1.0304359718195086,0.013483470533204865,0.11764705882352941,70.4231635414483,50.0
41004,5.0,143816,firm_point,0.9787208640492667,0.004438489470344337,0.13445378151260504,70.71067811865476,50.0
41004,5.0,400777,firm_point,1.0103078423456777,0.02002500675411096,0.16806722689075632,70.71067811865476,50.0
41004,5.0,548966,firm_point,1.047780816262972,0.017851919502382182,0.09243697478991597,70.71067811865476,50.0
41004,5.0,741227,firm_point,1.0543222410348008,0.01972569423266764,0.17647058823529413,69.72599290094658,50.0
41004,10.0,646512,firm_point,1.0335317879403405,0.03915404840710917,0.20168067226890757,70.71067811865476,50.0
41004,10.0,531926,firm_point,1.092986123535708,0.0399837923398938,0.11764705882352941,70.71067811865476,50.0
41004,10.0,437228,firm_point,1.0008736007879422,0.037444364968112,0.11764705882352941,70.71067811865476,50.0
41004,10.0,887437,firm_point,0.9505701488970151,0.017129548343218514,0.20168067226890757,70.71067811865476,50.0
41004,10.0,528143,firm_point,0.9695871213182133,0.025892112991768117,0.20168067226890757,70.71067811865476,50.0
41004,10.0,904169,firm_point,0.9808239887190012,0.016403148771368996,0.15126050420168066,70.71067811865476,50.0
41004,10.0,524721,firm_point,1.0074168968609267,0.03771894954237317,0.20168067226890757,70.71067811865476,50.0
41004,10.0,738695,firm_point,0.9481986333110979,0.006443822271521126,0.15126050420168066,70.71067811865476,50.0
41004,10.0,263990,firm_point,0.9484036228719616,0.03454925906708513,0.21008403361344538,70.71067811865476,50.0
41004,10.0,964213,firm_point,1.1425256090139027,0.028367828773438766,0.12605042016806722,69.47410810215936,50.0
41004,15.0,923648,firm_point,0.898495326307166,0.013808598468312101,0.16806722689075632,70.71067811865476,50.0
41004,15.0,512053,firm_point,1.0838424898452095,0.04101824786942828,0.11764705882352941,70.71067811865476,50.0
41004,15.0,541630,firm_point,1.0627305263089832,0.03537805087600147,0.14285714285714285,70.71067811865476,50.0
41004,15.0,769086,firm_point,0.9347026031252101,0.03533477288076659,0.25210084033613445,70.71067811865476,50.0
41004,15.0,430653,firm_point,1.0510724564021463,0.06036632626887122,0.24369747899159663,70.71067811865476,50.0
41004,15.0,267312,firm_point,1.040414271528156,0.05692776084867506,0.11764705882352941,70.71067811865476,50.0
41004,15.0,743260,firm_point,0.9714197046248977,0.0552575332498243,0.226890756302521,70.71067811865476,50.0
41004,15.0,878225,firm_point,0.9422354937538,0.05555852911466675,0.23529411764705882,70.71067811865476,50.0
41004,15.0,815784,firm_point,0.8919472058247371,0.044237244864097226,0.23529411764705882,70.71067811865476,50.0
41004,15.0,659696,firm_point,1.044888613250374,0.06068026207660315,0.20168067226890757,70.71067811865476,50.0
41004,20.0,182909,firm_point,0.9818210246314066,0.07496107430478835,0.17647058823529413,70.71067811865476,50.0
41004,20.0,1085035,firm_point,0.9671869290575381,0.0793547034839519,0.20168067226890757,70.71067811865476,50.0
41004,20.0,608940,firm_point,0.9229455418480418,0.05881795682165011,0.20168067226890757,70.71067811865476,50.0
41004,20.0,134460,firm_point,0.8757110382824765,0.03963126184151394,0.19327731092436976,70.71067811865476,50.0
41004,20.0,787333,firm_point,0.8286262092777572,0.018064206727650828,0.16806722689075632,70.71067811865476,50.0
41004,20.0,777356,firm_point,0.9004130379768688,0.06898078295531539,0.21008403361344538,70.71067811865476,50.0
41004,20.0,462743,firm_point,1.1212348613142216,0.06268439261708456,0.15126050420168066,70.71067811865476,50.0
41004,20.0,704768,firm_point,0.8314778094294095,0.04261790278875263,0.17647058823529413,70.71067811865476,50.0
41004,20.0,422779,firm_point,0.8635378605655,0.053375499543637066,0.31932773109243695,70.71067811865476,50.0
41004,20.0,112718,firm_point,1.1315812934012792,0.03857342702758133,0.15126050420168066,70.71067811865476,50.0
41004,30.0,491017,firm_point,0.3351647317664835,0.16422518230412883,0.23529411764705882,69.91044481101318,50.0
41004,30.0,527294,firm_point,1.075939184461724,0.04164552156492132,0.09243697478991597,70.54558055045912,50.0
41004,30.0,620249,firm_point,0.2255476227636473,0.15110217228486209,0.3445378151260504,67.30957571768359,50.0
41004,30.0,455041,firm_point,0.23693188781179897,0.16071483766816913,0.2184873949579832,67.50799128084826,50.0
41004,30.0,1035564,firm_point,1.2011461934665473,0.027859997727115664,0.13445378151260504,70.71067811865476,50.0
41004,30.0,563204,firm_point,1.1428158900135799,0.032976602394200784,0.14285714285714285,70.71067811865476,50.0
41004,30.0,688720,firm_point,0.8182921359615034,0.10447452682791233,0.2857142857142857,70.71067811865476,50.0
41004,30.0,482971,firm_point,0.8515681435222123,0.11464070629415755,0.25210084033613445,70.71067811865476,50.0
41004,30.0,1044879,firm_point,0.8535894461050657,0.11014013075010462,0.2857142857142857,70.71067811865476,50.0
41004,30.0,151748,firm_point,1.2244579149533312,0.05903534051247118,0.15126050420168066,70.71067811865476,50.0
41004,45.0,546071,firm_point,0.07631767477577324,0.20365318164077556,0.2857142857142857,59.72960677568469,50.0
41004,45.0,685935,firm_point,0.9384657798173095,0.08211017635786835,0.15966386554621848,70.71067811865476,50.0
41004,45.0,594738,firm_point,0.49867164086194976,0.07453081288673008,0.3865546218487395,70.71067811865476,50.0
41004,45.0,241857,firm_point,0.8259909905332157,0.1350378852574576,0.29411764705882354,70.71067811865476,50.0
41004,45.0,1026715,firm_point,0.5094545216768558,0.06948032630595763,0.3697478991596639,70.71067811865476,50.0
41004,45.0,947944,firm_point,0.9372882774695126,0.08636624714495032,0.13445378151260504,70.71067811865476,50.0
41004,45.0,658192,firm_point,0.8056863727953496,0.11752063335796538,0.24369747899159663,70.71067811865476,50.0
41004,45.0,234774,firm_point,0.7399991037970672,0.15323189774568388,0.3277310924369748,70.71067811865476,50.0
41004,45.0,130031,firm_point,1.0951454792917004,0.020844648170945935,0.15966386554621848,70.71067811865476,50.0
41004,45.0,776300,firm_point,0.1459139390268642,0.07275989891090724,0.21008403361344538,60.790005498848615,50.0
